{"type":"FeatureCollection","features":[{"type":"Feature","properties":{"fid":1,"地目":"畑"},"geometry":{"type":"MultiPolygon","coordinates":[[[[137.9350798,36.0136687],[137.935074,36.0136731],[137.9348758,36.0139394],[137.9350061,36.0140123],[137.9351751,36.0138253],[137.9352905,36.013667],[137.9352444,36.0136274],[137.9351817,36.0135621],[137.9351202,36.01362],[137.9350926,36.0136506],[137.9350798,36.0136687]]]]}},{"type":"Feature","properties":{"fid":2,"地目":"畑"},"geometry":{"type":"MultiPolygon","coordinates":[[[[137.9387606,36.0158199],[137.9388011,36.0157443],[137.9388697,36.0157735],[137.9389125,36.0156979],[137.9388387,36.01568],[137.9387389,36.0156529],[137.9386818,36.0157765],[137.9387075,36.0157872],[137.9387606,36.0158199]]]]}},{"type":"Feature","properties":{"fid":3,"地目":"畑"},"geometry":{"type":"MultiPolygon","coordinates":[[[[137.9349504,36.0149281],[137.9350145,36.0149835],[137.9351229,36.0148603],[137.9351764,36.0147988],[137.9351062,36.0147635],[137.9349504,36.0149281]]]]}},{"type":"Feature","properties":{"fid":4,"地目":"畑"},"geometry":{"type":"MultiPolygon","coordinates":[[[[137.9374482,36.0146592],[137.9375321,36.0147006],[137.9375816,36.0145623],[137.937321,36.0144875],[137.9372285,36.0144614],[137.9371213,36.0144335],[137.9370796,36.0144159],[137.9370174,36.0145288],[137.9371267,36.0145618],[137.9373642,36.0146263],[137.9374482,36.0146592]]]]}},{"type":"Feature","properties":{"fid":5,"地目":"畑"},"geometry":{"type":"MultiPolygon","coordinates":[[[[137.935052,36.0146758],[137.9351939,36.0145334],[137.9350819,36.0144705],[137.9349489,36.0145959],[137.935052,36.0146758]]]]}},{"type":"Feature","properties":{"fid":6,"地目":"畑"},"geometry":{"type":"MultiPolygon","coordinates":[[[[137.936727,36.0147995],[137.9369123,36.0144992],[137.9367969,36.0144474],[137.9367563,36.0145242],[137.9367392,36.0145566],[137.9367285,36.0145805],[137.9366094,36.014751],[137.936727,36.0147995]]]]}},{"type":"Feature","properties":{"fid":7,"地目":"田"},"geometry":{"type":"MultiPolygon","coordinates":[[[[137.9390065,36.0149167],[137.9392367,36.0149793],[137.9394739,36.0143518],[137.9394387,36.0143516],[137.9392487,36.0143049],[137.9390065,36.0149167]]]]}},{"type":"Feature","properties":{"fid":8,"地目":"畑"},"geometry":{"type":"MultiPolygon","coordinates":[[[[137.9364708,36.0146974],[137.9366094,36.014751],[137.9367285,36.0145805],[137.9367392,36.0145566],[137.9367563,36.0145242],[137.9366786,36.0144913],[137.9366325,36.0144654],[137.9364708,36.0146974]]]]}},{"type":"Feature","properties":{"fid":9,"地目":"田"},"geometry":{"type":"MultiPolygon","coordinates":[[[[137.9392367,36.0149793],[137.9394226,36.0150418],[137.9394479,36.0150419],[137.9395264,36.0148295],[137.9396815,36.01441],[137.9394739,36.0143518],[137.9392367,36.0149793]]]]}},{"type":"Feature","properties":{"fid":10,"地目":"田"},"geometry":{"type":"MultiPolygon","coordinates":[[[[137.9375508,36.0147786],[137.9377336,36.0148291],[137.9378045,36.0146344],[137.9377857,36.0146189],[137.9376281,36.0145737],[137.9375508,36.0147786]]]]}},{"type":"Feature","properties":{"fid":11,"地目":"畑"},"geometry":{"type":"MultiPolygon","coordinates":[[[[137.9347481,36.01449],[137.9345057,36.0147273],[137.9345642,36.014761],[137.9346753,36.0148203],[137.9347104,36.01483],[137.9347417,36.0148413],[137.9347512,36.0148343],[137.934935,36.0146228],[137.9348902,36.0145924],[137.9348511,36.014571],[137.9348044,36.0145326],[137.9347771,36.0145182],[137.9347586,36.0145012],[137.9347481,36.01449]]]]}},{"type":"Feature","properties":{"fid":12,"地目":"田"},"geometry":{"type":"MultiPolygon","coordinates":[[[[137.9363389,36.0140206],[137.9364395,36.0140878],[137.9365339,36.0141293],[137.9365749,36.0141423],[137.9368368,36.0137458],[137.9365374,36.0136366],[137.9363389,36.0140206]]]]}},{"type":"Feature","properties":{"fid":13,"地目":"田"},"geometry":{"type":"MultiPolygon","coordinates":[[[[137.9365749,36.0141423],[137.9366536,36.0141838],[137.936789,36.0142383],[137.936915,36.0142876],[137.9370284,36.0143369],[137.9370882,36.0143629],[137.9372307,36.0138708],[137.9368368,36.0137458],[137.9365749,36.0141423]]]]}},{"type":"Feature","properties":{"fid":14,"地目":"田"},"geometry":{"type":"MultiPolygon","coordinates":[[[[137.9383394,36.0140879],[137.9380735,36.0140344],[137.9380502,36.0140463],[137.9380071,36.014183],[137.9380037,36.0141939],[137.9382781,36.014256],[137.9383394,36.0140879]]]]}},{"type":"Feature","properties":{"fid":15,"地目":"田"},"geometry":{"type":"MultiPolygon","coordinates":[[[[137.9372307,36.0138708],[137.9370882,36.0143629],[137.9372395,36.0144149],[137.9372805,36.0144279],[137.9372994,36.0144335],[137.9374641,36.0139284],[137.9372307,36.0138708]]]]}},{"type":"Feature","properties":{"fid":16,"地目":"田"},"geometry":{"type":"MultiPolygon","coordinates":[[[[137.9377164,36.0139757],[137.9374641,36.0139284],[137.9372994,36.0144335],[137.9373782,36.0144566],[137.9374664,36.0144827],[137.9375421,36.0145062],[137.9377164,36.0139757]]]]}},{"type":"Feature","properties":{"fid":17,"地目":"田"},"geometry":{"type":"MultiPolygon","coordinates":[[[[137.9382398,36.014361],[137.9382781,36.014256],[137.9380037,36.0141939],[137.937971,36.0142977],[137.9382398,36.014361]]]]}},{"type":"Feature","properties":{"fid":18,"地目":"田"},"geometry":{"type":"MultiPolygon","coordinates":[[[[137.9377164,36.0139757],[137.9375421,36.0145062],[137.9377502,36.0145636],[137.9377848,36.0145766],[137.9378197,36.0145639],[137.9378487,36.0144794],[137.937978,36.0140617],[137.9379845,36.014036],[137.937934,36.0140255],[137.9377164,36.0139757]]]]}},{"type":"Feature","properties":{"fid":19,"地目":"畑"},"geometry":{"type":"MultiPolygon","coordinates":[[[[137.9369123,36.0144992],[137.9370174,36.0145288],[137.9370796,36.0144159],[137.9370394,36.0143989],[137.9368651,36.0143262],[137.9367969,36.0144474],[137.9369123,36.0144992]]]]}},{"type":"Feature","properties":{"fid":20,"地目":"畑"},"geometry":{"type":"MultiPolygon","coordinates":[[[[137.9363012,36.0145545],[137.9363716,36.0144317],[137.9361574,36.0143469],[137.936136,36.0143947],[137.9361296,36.0144117],[137.9361611,36.0144256],[137.9362029,36.0144617],[137.9362574,36.0145047],[137.9363012,36.0145545]]]]}},{"type":"Feature","properties":{"fid":21,"地目":"田"},"geometry":{"type":"MultiPolygon","coordinates":[[[[137.9379276,36.0144187],[137.9381905,36.0144962],[137.9382398,36.014361],[137.937971,36.0142977],[137.9379662,36.0143128],[137.9379276,36.0144187]]]]}},{"type":"Feature","properties":{"fid":22,"地目":"田"},"geometry":{"type":"MultiPolygon","coordinates":[[[[137.938479,36.0147532],[137.9386958,36.0141759],[137.93837,36.014094],[137.9383394,36.0140879],[137.9382781,36.014256],[137.9382398,36.014361],[137.9381905,36.0144962],[137.9381317,36.0146576],[137.9381512,36.0146627],[137.938479,36.0147532]]]]}},{"type":"Feature","properties":{"fid":23,"地目":"田"},"geometry":{"type":"MultiPolygon","coordinates":[[[[137.942968,36.0159351],[137.9433403,36.016003],[137.9434806,36.0155077],[137.9435104,36.0153931],[137.9431141,36.0153582],[137.942968,36.0159351]]]]}},{"type":"Feature","properties":{"fid":24,"地目":"田"},"geometry":{"type":"MultiPolygon","coordinates":[[[[137.9425958,36.0158698],[137.942968,36.0159351],[137.9431141,36.0153582],[137.94275,36.0153183],[137.9425958,36.0158698]]]]}},{"type":"Feature","properties":{"fid":25,"地目":"田"},"geometry":{"type":"MultiPolygon","coordinates":[[[[137.9415245,36.015479],[137.9412061,36.0157716],[137.9412373,36.0157932],[137.9413463,36.0158827],[137.9416709,36.0155865],[137.9415245,36.015479]]]]}},{"type":"Feature","properties":{"fid":26,"地目":"畑"},"geometry":{"type":"MultiPolygon","coordinates":[[[[137.9392725,36.0156635],[137.9391491,36.0156452],[137.9391218,36.0156267],[137.9391107,36.0157334],[137.9391544,36.0157366],[137.9392497,36.0157464],[137.9392725,36.0156635]]]]}},{"type":"Feature","properties":{"fid":27,"地目":"田"},"geometry":{"type":"MultiPolygon","coordinates":[[[[137.9416709,36.0155865],[137.9413463,36.0158827],[137.9414899,36.0159394],[137.9415067,36.0159482],[137.9417892,36.0156889],[137.9416709,36.0155865]]]]}},{"type":"Feature","properties":{"fid":28,"地目":"田"},"geometry":{"type":"MultiPolygon","coordinates":[[[[137.9437087,36.0160745],[137.9438497,36.0161018],[137.944005,36.015485],[137.9438872,36.0154561],[137.9437087,36.0160745]]]]}},{"type":"Feature","properties":{"fid":29,"地目":"田"},"geometry":{"type":"MultiPolygon","coordinates":[[[[137.9433403,36.016003],[137.9436836,36.0160759],[137.9437087,36.0160745],[137.9438872,36.0154561],[137.9437389,36.0154273],[137.9436326,36.0154064],[137.9435104,36.0153931],[137.9434806,36.0155077],[137.9433403,36.016003]]]]}},{"type":"Feature","properties":{"fid":30,"地目":"田"},"geometry":{"type":"MultiPolygon","coordinates":[[[[137.9438497,36.0161018],[137.9440377,36.0161385],[137.9440596,36.0161488],[137.944211,36.0155541],[137.944005,36.015485],[137.9438497,36.0161018]]]]}},{"type":"Feature","properties":{"fid":31,"地目":"畑"},"geometry":{"type":"MultiPolygon","coordinates":[[[[137.9382569,36.0157651],[137.9382501,36.0157868],[137.9382722,36.0157995],[137.9383053,36.0158249],[137.9383183,36.0158719],[137.9384024,36.0159138],[137.9384362,36.0158399],[137.93847,36.0157734],[137.9383107,36.0156968],[137.9382794,36.0157202],[137.9382569,36.0157651]]]]}},{"type":"Feature","properties":{"fid":32,"地目":"田"},"geometry":{"type":"MultiPolygon","coordinates":[[[[137.9415067,36.0159482],[137.9416023,36.0159984],[137.9418796,36.0157555],[137.9417892,36.0156889],[137.9415067,36.0159482]]]]}},{"type":"Feature","properties":{"fid":33,"地目":"畑"},"geometry":{"type":"MultiPolygon","coordinates":[[[[137.9395556,36.0159851],[137.9397811,36.0159777],[137.9398295,36.0159338],[137.9398651,36.0159136],[137.9399071,36.0158816],[137.9399198,36.0158579],[137.9399263,36.015824],[137.9399202,36.0158036],[137.9397487,36.0158401],[137.939529,36.0159036],[137.9395556,36.0159851]]]]}},{"type":"Feature","properties":{"fid":34,"地目":"田"},"geometry":{"type":"MultiPolygon","coordinates":[[[[137.9416023,36.0159984],[137.9417488,36.0160933],[137.941833,36.0161522],[137.9419047,36.0161881],[137.9419205,36.0161729],[137.9420106,36.0158349],[137.9418796,36.0157555],[137.9416023,36.0159984]]]]}},{"type":"Feature","properties":{"fid":35,"地目":"田"},"geometry":{"type":"MultiPolygon","coordinates":[[[[137.9416684,36.0155026],[137.9417678,36.0151799],[137.9415205,36.0151533],[137.9414379,36.015331],[137.9416684,36.0155026]]]]}},{"type":"Feature","properties":{"fid":36,"地目":"畑"},"geometry":{"type":"MultiPolygon","coordinates":[[[[137.93988,36.0155095],[137.9400303,36.0155127],[137.9400469,36.0153881],[137.9398841,36.0153747],[137.9398838,36.0154255],[137.93988,36.0155095]]]]}},{"type":"Feature","properties":{"fid":37,"地目":"田"},"geometry":{"type":"MultiPolygon","coordinates":[[[[137.9386487,36.0148824],[137.9383816,36.0155766],[137.9385798,36.0156956],[137.9386964,36.0153914],[137.9388695,36.0149399],[137.9386487,36.0148824]]]]}},{"type":"Feature","properties":{"fid":38,"地目":"畑"},"geometry":{"type":"MultiPolygon","coordinates":[[[[137.9394981,36.0154932],[137.9395469,36.015497],[137.9396223,36.01551],[137.9396251,36.015436],[137.9395563,36.0154267],[137.9395657,36.0153563],[137.9395793,36.0153131],[137.9394355,36.0152348],[137.9393531,36.0152669],[137.939304,36.0152938],[137.9392921,36.0153394],[137.9393478,36.0153806],[137.939361,36.0154005],[137.939416,36.0154729],[137.9394981,36.0154932]]]]}},{"type":"Feature","properties":{"fid":39,"地目":"畑"},"geometry":{"type":"MultiPolygon","coordinates":[[[[137.939796,36.0152918],[137.9396866,36.0152451],[137.9396752,36.0152915],[137.9396662,36.0153367],[137.9396713,36.0153551],[137.9397616,36.0153725],[137.939796,36.0152918]]]]}},{"type":"Feature","properties":{"fid":40,"地目":"田"},"geometry":{"type":"MultiPolygon","coordinates":[[[[137.9419157,36.0151917],[137.9417678,36.0151799],[137.9416684,36.0155026],[137.9418056,36.0155923],[137.9418444,36.0154509],[137.9419157,36.0151917]]]]}},{"type":"Feature","properties":{"fid":41,"地目":"田"},"geometry":{"type":"MultiPolygon","coordinates":[[[[137.9420862,36.0157768],[137.9422152,36.0152481],[137.9421089,36.0152222],[137.9420307,36.0151989],[137.9419368,36.0151934],[137.9419157,36.0151917],[137.9418444,36.0154509],[137.9419693,36.015476],[137.9419075,36.0156724],[137.9420236,36.0157638],[137.9420862,36.0157768]]]]}},{"type":"Feature","properties":{"fid":42,"地目":"田"},"geometry":{"type":"MultiPolygon","coordinates":[[[[137.9409175,36.0153998],[137.9408638,36.0154607],[137.9408573,36.0154886],[137.9410461,36.0156578],[137.9413687,36.0153638],[137.9411226,36.0151794],[137.9409175,36.0153998]]]]}},{"type":"Feature","properties":{"fid":43,"地目":"畑"},"geometry":{"type":"MultiPolygon","coordinates":[[[[137.9375108,36.015455],[137.9376016,36.0154861],[137.9376483,36.0155084],[137.9376796,36.0154504],[137.9376919,36.0154117],[137.9375537,36.0153614],[137.9375108,36.015455]]]]}},{"type":"Feature","properties":{"fid":44,"地目":"田"},"geometry":{"type":"MultiPolygon","coordinates":[[[[137.9389645,36.0157072],[137.9391107,36.0157334],[137.9391218,36.0156267],[137.9391228,36.0156018],[137.939288,36.015355],[137.9392921,36.0153394],[137.939304,36.0152938],[137.9391905,36.0153275],[137.9391527,36.01534],[137.9390742,36.01549],[137.9390225,36.0155764],[137.9389645,36.0157072]]]]}},{"type":"Feature","properties":{"fid":45,"地目":"田"},"geometry":{"type":"MultiPolygon","coordinates":[[[[137.9419075,36.0156724],[137.9419693,36.015476],[137.9418444,36.0154509],[137.9418056,36.0155923],[137.9419075,36.0156724]]]]}},{"type":"Feature","properties":{"fid":46,"地目":"田"},"geometry":{"type":"MultiPolygon","coordinates":[[[[137.9385798,36.0156956],[137.9386258,36.0157237],[137.9386775,36.0156355],[137.9387223,36.0155834],[137.9388318,36.015433],[137.9386964,36.0153914],[137.9385798,36.0156956]]]]}},{"type":"Feature","properties":{"fid":47,"地目":"田"},"geometry":{"type":"MultiPolygon","coordinates":[[[[137.9388387,36.01568],[137.9389125,36.0156979],[137.9389645,36.0157072],[137.9390225,36.0155764],[137.9390742,36.01549],[137.9391527,36.01534],[137.9391104,36.015347],[137.939077,36.0153559],[137.939037,36.0153629],[137.9389925,36.0153717],[137.938968,36.0153806],[137.9389435,36.0153949],[137.9389033,36.0154218],[137.9387821,36.0156035],[137.9388553,36.0156129],[137.9388387,36.01568]]]]}},{"type":"Feature","properties":{"fid":48,"地目":"田"},"geometry":{"type":"MultiPolygon","coordinates":[[[[137.9413687,36.0153638],[137.9410461,36.0156578],[137.9410627,36.0156728],[137.9412061,36.0157716],[137.9415245,36.015479],[137.9413687,36.0153638]]]]}},{"type":"Feature","properties":{"fid":49,"地目":"田"},"geometry":{"type":"MultiPolygon","coordinates":[[[[137.9420862,36.0157768],[137.9425958,36.0158698],[137.94275,36.0153183],[137.9422994,36.0152679],[137.9422152,36.0152481],[137.9420862,36.0157768]]]]}},{"type":"Feature","properties":{"fid":50,"地目":"畑"},"geometry":{"type":"MultiPolygon","coordinates":[[[[137.9392725,36.0156635],[137.9394324,36.0156661],[137.9394968,36.0156754],[137.9395062,36.0155924],[137.9394508,36.0155741],[137.9394581,36.0154912],[137.9394981,36.0154932],[137.939416,36.0154729],[137.939361,36.0154005],[137.9393478,36.0153806],[137.9392921,36.0153394],[137.939288,36.015355],[137.9391228,36.0156018],[137.9391218,36.0156267],[137.9391491,36.0156452],[137.9392725,36.0156635]]]]}},{"type":"Feature","properties":{"fid":51,"地目":"畑"},"geometry":{"type":"MultiPolygon","coordinates":[[[[137.9376919,36.0154117],[137.9376796,36.0154504],[137.9376483,36.0155084],[137.9376968,36.0155316],[137.9377765,36.0155609],[137.9380089,36.0156612],[137.9380494,36.0155964],[137.9380386,36.0155458],[137.9378017,36.0154527],[137.9377242,36.0154235],[137.9376919,36.0154117]]]]}},{"type":"Feature","properties":{"fid":52,"地目":"田"},"geometry":{"type":"MultiPolygon","coordinates":[[[[137.9394479,36.0150419],[137.9395217,36.0150764],[137.939578,36.0150881],[137.9396589,36.0151028],[137.9397223,36.0151088],[137.9397718,36.0150976],[137.9398283,36.0150721],[137.9398858,36.0149235],[137.9395264,36.0148295],[137.9394479,36.0150419]]]]}},{"type":"Feature","properties":{"fid":53,"地目":"畑"},"geometry":{"type":"MultiPolygon","coordinates":[[[[137.9352208,36.0150334],[137.935288,36.015068],[137.9353465,36.0150874],[137.9354255,36.014986],[137.9354669,36.0149465],[137.9353519,36.0148839],[137.9353006,36.0149489],[137.9352208,36.0150334]]]]}},{"type":"Feature","properties":{"fid":54,"地目":"田"},"geometry":{"type":"MultiPolygon","coordinates":[[[[137.9376313,36.0152583],[137.9376305,36.0152732],[137.9376522,36.0152846],[137.9379029,36.0153742],[137.9379173,36.0153796],[137.9381617,36.0147432],[137.9381443,36.0147389],[137.9378575,36.0146503],[137.9378384,36.0146707],[137.9376313,36.0152583]]]]}},{"type":"Feature","properties":{"fid":55,"地目":"畑"},"geometry":{"type":"MultiPolygon","coordinates":[[[[137.9350145,36.0149835],[137.9350807,36.0150236],[137.9351529,36.0150525],[137.9351958,36.0150702],[137.9352208,36.0150334],[137.9353006,36.0149489],[137.9351229,36.0148603],[137.9350145,36.0149835]]]]}},{"type":"Feature","properties":{"fid":56,"地目":"畑"},"geometry":{"type":"MultiPolygon","coordinates":[[[[137.9373552,36.0150095],[137.9370589,36.0149208],[137.9369118,36.0148688],[137.9368585,36.0149695],[137.9368477,36.0150002],[137.9369906,36.0150488],[137.9370076,36.0150147],[137.9370917,36.0150424],[137.9372346,36.0150842],[137.937264,36.0150929],[137.9373062,36.0150794],[137.9373337,36.0150624],[137.9373549,36.0150454],[137.937374,36.0150215],[137.9373552,36.0150095]]]]}},{"type":"Feature","properties":{"fid":57,"地目":"畑"},"geometry":{"type":"MultiPolygon","coordinates":[[[[137.9407654,36.0149212],[137.9407182,36.0150723],[137.9406636,36.0150618],[137.9406399,36.0151789],[137.9406429,36.0151904],[137.9406695,36.015202],[137.9407101,36.0152111],[137.940749,36.015218],[137.9407753,36.0150828],[137.9407982,36.0149442],[137.9407654,36.0149212]]]]}},{"type":"Feature","properties":{"fid":58,"地目":"畑"},"geometry":{"type":"MultiPolygon","coordinates":[[[[137.9376581,36.0150156],[137.9374753,36.0149508],[137.9374631,36.0149681],[137.9374185,36.0150175],[137.9373698,36.0150652],[137.9373042,36.0151094],[137.937347,36.0151282],[137.9374786,36.0151615],[137.9374704,36.0152522],[137.9375011,36.0152557],[137.9375622,36.0152695],[137.9376007,36.015191],[137.9376581,36.0150156]]]]}},{"type":"Feature","properties":{"fid":59,"地目":"田"},"geometry":{"type":"MultiPolygon","coordinates":[[[[137.9381617,36.0147432],[137.9379173,36.0153796],[137.9381644,36.015473],[137.9384187,36.0148069],[137.9381617,36.0147432]]]]}},{"type":"Feature","properties":{"fid":60,"地目":"畑"},"geometry":{"type":"MultiPolygon","coordinates":[[[[137.9355009,36.0151215],[137.9355535,36.0151488],[137.9356259,36.0151491],[137.9356815,36.0150397],[137.9356768,36.0150282],[137.9356344,36.0150277],[137.9355604,36.0150089],[137.9355009,36.0151215]]]]}},{"type":"Feature","properties":{"fid":61,"地目":"田"},"geometry":{"type":"MultiPolygon","coordinates":[[[[137.9392242,36.0152753],[137.9393333,36.0152416],[137.9394091,36.0152022],[137.9394826,36.0151683],[137.939516,36.015154],[137.9395206,36.0151342],[137.9395119,36.0151125],[137.9393146,36.0150556],[137.9392242,36.0152753]]]]}},{"type":"Feature","properties":{"fid":62,"地目":"田"},"geometry":{"type":"MultiPolygon","coordinates":[[[[137.9392242,36.0152753],[137.9393146,36.0150556],[137.9391594,36.0150152],[137.9390262,36.0153195],[137.9391463,36.0152984],[137.9392242,36.0152753]]]]}},{"type":"Feature","properties":{"fid":63,"地目":"田"},"geometry":{"type":"MultiPolygon","coordinates":[[[[137.9402468,36.0149468],[137.9401392,36.0150951],[137.940046,36.015208],[137.9400301,36.0152448],[137.9402098,36.0153067],[137.9403002,36.0151404],[137.9403483,36.014993],[137.9403248,36.0149815],[137.9402468,36.0149468]]]]}},{"type":"Feature","properties":{"fid":64,"地目":"田"},"geometry":{"type":"MultiPolygon","coordinates":[[[[137.9388695,36.0149399],[137.9386964,36.0153914],[137.9388318,36.015433],[137.9388703,36.0153801],[137.9389126,36.0153623],[137.9390262,36.0153195],[137.9391594,36.0150152],[137.9388695,36.0149399]]]]}},{"type":"Feature","properties":{"fid":65,"地目":"田"},"geometry":{"type":"MultiPolygon","coordinates":[[[[137.9384187,36.0148069],[137.9381644,36.015473],[137.9383816,36.0155766],[137.9386487,36.0148824],[137.9384187,36.0148069]]]]}},{"type":"Feature","properties":{"fid":66,"地目":"田"},"geometry":{"type":"MultiPolygon","coordinates":[[[[137.940466,36.0150353],[137.9403483,36.014993],[137.9403002,36.0151404],[137.9402098,36.0153067],[137.9403441,36.0153544],[137.940466,36.0150353]]]]}},{"type":"Feature","properties":{"fid":67,"地目":"畑"},"geometry":{"type":"MultiPolygon","coordinates":[[[[137.939796,36.0152918],[137.9398772,36.0153186],[137.939888,36.0152681],[137.9398821,36.0152549],[137.9398085,36.0152028],[137.9398161,36.0151679],[137.9396224,36.0151322],[137.9396046,36.0151405],[137.9395703,36.0151656],[137.9396117,36.0151814],[137.9396471,36.015202],[137.9396633,36.0152166],[137.9396765,36.0152286],[137.9396735,36.0152395],[137.9396866,36.0152451],[137.939796,36.0152918]]]]}},{"type":"Feature","properties":{"fid":68,"地目":"田"},"geometry":{"type":"MultiPolygon","coordinates":[[[[137.9414379,36.015331],[137.9415205,36.0151533],[137.941267,36.0151368],[137.9412449,36.0151545],[137.9412479,36.0151775],[137.9414379,36.015331]]]]}},{"type":"Feature","properties":{"fid":69,"地目":"田"},"geometry":{"type":"MultiPolygon","coordinates":[[[[137.9409175,36.0153998],[137.9411226,36.0151794],[137.9409045,36.0150181],[137.9408543,36.0150255],[137.9408052,36.0153281],[137.9408207,36.0153485],[137.9409175,36.0153998]]]]}},{"type":"Feature","properties":{"fid":70,"地目":"畑"},"geometry":{"type":"MultiPolygon","coordinates":[[[[137.9374704,36.0152522],[137.9374786,36.0151615],[137.937347,36.0151282],[137.9373498,36.0151373],[137.9373264,36.0152447],[137.9373917,36.0152415],[137.93744,36.0152486],[137.9374704,36.0152522]]]]}},{"type":"Feature","properties":{"fid":71,"地目":"田"},"geometry":{"type":"MultiPolygon","coordinates":[[[[137.9395264,36.0148295],[137.9398858,36.0149235],[137.9401532,36.014982],[137.9403523,36.0147396],[137.9403701,36.0147167],[137.940342,36.0146994],[137.9401209,36.0145609],[137.939991,36.0145031],[137.9396815,36.01441],[137.9395264,36.0148295]]]]}},{"type":"Feature","properties":{"fid":72,"地目":"畑"},"geometry":{"type":"MultiPolygon","coordinates":[[[[137.936727,36.0147995],[137.9371767,36.0149316],[137.9373642,36.0146263],[137.9371267,36.0145618],[137.9370174,36.0145288],[137.9369123,36.0144992],[137.936727,36.0147995]]]]}},{"type":"Feature","properties":{"fid":73,"地目":"畑"},"geometry":{"type":"MultiPolygon","coordinates":[[[[137.9347512,36.0148343],[137.9348256,36.0148703],[137.9348705,36.0148896],[137.9350263,36.0147107],[137.934935,36.0146228],[137.9347512,36.0148343]]]]}},{"type":"Feature","properties":{"fid":74,"地目":"畑"},"geometry":{"type":"MultiPolygon","coordinates":[[[[137.9371767,36.0149316],[137.9372565,36.0149611],[137.9372761,36.0149665],[137.9374482,36.0146592],[137.9373642,36.0146263],[137.9371767,36.0149316]]]]}},{"type":"Feature","properties":{"fid":75,"地目":"畑"},"geometry":{"type":"MultiPolygon","coordinates":[[[[137.9348705,36.0148896],[137.9349212,36.0149153],[137.9349504,36.0149281],[137.9351062,36.0147635],[137.9350263,36.0147107],[137.9348705,36.0148896]]]]}},{"type":"Feature","properties":{"fid":76,"地目":"畑"},"geometry":{"type":"MultiPolygon","coordinates":[[[[137.9345057,36.0147273],[137.9344406,36.0147954],[137.934493,36.0148656],[137.9345319,36.0148944],[137.9346177,36.0149409],[137.9347104,36.01483],[137.9346753,36.0148203],[137.9345642,36.014761],[137.9345057,36.0147273]]]]}},{"type":"Feature","properties":{"fid":77,"地目":"田"},"geometry":{"type":"MultiPolygon","coordinates":[[[[137.9402468,36.0149468],[137.9403248,36.0149815],[137.9403483,36.014993],[137.940466,36.0150353],[137.9404708,36.0150258],[137.9405482,36.0150395],[137.9406636,36.0150618],[137.9407182,36.0150723],[137.9407654,36.0149212],[137.9407442,36.0149087],[137.9404094,36.0147391],[137.9402468,36.0149468]]]]}},{"type":"Feature","properties":{"fid":78,"地目":"畑"},"geometry":{"type":"MultiPolygon","coordinates":[[[[137.9369118,36.0148688],[137.9367101,36.0148097],[137.936561,36.0147525],[137.9364929,36.0148446],[137.9364446,36.014829],[137.9363872,36.0149023],[137.9364459,36.0149368],[137.9365445,36.0149903],[137.9366201,36.0150265],[137.9367587,36.0150751],[137.9367823,36.0150188],[137.9366898,36.0149892],[137.9367261,36.0149278],[137.9368585,36.0149695],[137.9369118,36.0148688]]]]}},{"type":"Feature","properties":{"fid":79,"地目":"田"},"geometry":{"type":"MultiPolygon","coordinates":[[[[137.9374822,36.0149408],[137.9374753,36.0149508],[137.9376581,36.0150156],[137.9376695,36.0149894],[137.9377336,36.0148291],[137.9375508,36.0147786],[137.9374822,36.0149408]]]]}},{"type":"Feature","properties":{"fid":80,"地目":"田"},"geometry":{"type":"MultiPolygon","coordinates":[[[[137.9356935,36.0114783],[137.9360569,36.0116353],[137.9363798,36.0111271],[137.9361021,36.0110671],[137.9359876,36.0110427],[137.9356935,36.0114783]]]]}},{"type":"Feature","properties":{"fid":81,"地目":"田"},"geometry":{"type":"MultiPolygon","coordinates":[[[[137.935184,36.0107977],[137.9349403,36.0111619],[137.9354034,36.0113528],[137.9356915,36.0109314],[137.9356359,36.0109073],[137.9355536,36.0108973],[137.9354774,36.0108683],[137.9353924,36.0108321],[137.9353309,36.0108079],[137.935184,36.0107977]]]]}},{"type":"Feature","properties":{"fid":82,"地目":"田"},"geometry":{"type":"MultiPolygon","coordinates":[[[[137.9343668,36.0116106],[137.9344108,36.0116323],[137.9347318,36.0111418],[137.9340226,36.0108352],[137.9340196,36.0108471],[137.9339159,36.0109493],[137.9339421,36.0109876],[137.93398,36.0110332],[137.9341112,36.0111914],[137.9342102,36.0113233],[137.9343002,36.0114694],[137.9343668,36.0116106]]]]}},{"type":"Feature","properties":{"fid":83,"地目":"田"},"geometry":{"type":"MultiPolygon","coordinates":[[[[137.9354034,36.0113528],[137.9356935,36.0114783],[137.9359876,36.0110427],[137.9359202,36.0110137],[137.9358001,36.0109654],[137.9356915,36.0109314],[137.9354034,36.0113528]]]]}},{"type":"Feature","properties":{"fid":84,"地目":"田"},"geometry":{"type":"MultiPolygon","coordinates":[[[[137.9347318,36.0111418],[137.9344108,36.0116323],[137.9346365,36.0117265],[137.9346567,36.0117345],[137.9350102,36.0112554],[137.9347318,36.0111418]]]]}},{"type":"Feature","properties":{"fid":85,"地目":"畑"},"geometry":{"type":"MultiPolygon","coordinates":[[[[137.9426689,36.0145402],[137.9424005,36.0144107],[137.9423889,36.0144201],[137.9422835,36.0145497],[137.9425654,36.0146813],[137.9426689,36.0145402]]]]}},{"type":"Feature","properties":{"fid":86,"地目":"田"},"geometry":{"type":"MultiPolygon","coordinates":[[[[137.9417299,36.0148029],[137.941955,36.0148694],[137.9419819,36.0148696],[137.942329,36.0143998],[137.9423291,36.0143867],[137.9420922,36.0142808],[137.9417299,36.0148029]]]]}},{"type":"Feature","properties":{"fid":87,"地目":"畑"},"geometry":{"type":"MultiPolygon","coordinates":[[[[137.9421405,36.0147509],[137.9424118,36.0148908],[137.9425654,36.0146813],[137.9422835,36.0145497],[137.9421405,36.0147509]]]]}},{"type":"Feature","properties":{"fid":88,"地目":"田"},"geometry":{"type":"MultiPolygon","coordinates":[[[[137.94076,36.0136684],[137.9404072,36.0141668],[137.9407074,36.0142919],[137.9410605,36.0138075],[137.94076,36.0136684]]]]}},{"type":"Feature","properties":{"fid":89,"地目":"田"},"geometry":{"type":"MultiPolygon","coordinates":[[[[137.9421474,36.0142469],[137.9423486,36.0139852],[137.9423059,36.0139472],[137.9422703,36.013915],[137.9421953,36.0138914],[137.9421524,36.0138708],[137.9420811,36.0138239],[137.9418703,36.0141176],[137.9421248,36.0142373],[137.9421474,36.0142469]]]]}},{"type":"Feature","properties":{"fid":90,"地目":"田"},"geometry":{"type":"MultiPolygon","coordinates":[[[[137.9407074,36.0142919],[137.9409856,36.0144546],[137.9413569,36.0139369],[137.9410605,36.0138075],[137.9407074,36.0142919]]]]}},{"type":"Feature","properties":{"fid":91,"地目":"田"},"geometry":{"type":"MultiPolygon","coordinates":[[[[137.9409856,36.0144546],[137.9411782,36.014569],[137.9415746,36.0140456],[137.9413569,36.0139369],[137.9409856,36.0144546]]]]}},{"type":"Feature","properties":{"fid":92,"地目":"田"},"geometry":{"type":"MultiPolygon","coordinates":[[[[137.9411782,36.014569],[137.9412904,36.0146568],[137.9413655,36.0146746],[137.9417508,36.0141221],[137.9415746,36.0140456],[137.9411782,36.014569]]]]}},{"type":"Feature","properties":{"fid":93,"地目":"田"},"geometry":{"type":"MultiPolygon","coordinates":[[[[137.9413655,36.0146746],[137.9417299,36.0148029],[137.9420922,36.0142808],[137.9417508,36.0141221],[137.9413655,36.0146746]]]]}},{"type":"Feature","properties":{"fid":94,"地目":"田"},"geometry":{"type":"MultiPolygon","coordinates":[[[[137.9383906,36.0129546],[137.9384278,36.012992],[137.9387308,36.0130643],[137.9387639,36.0130704],[137.9389173,36.0125753],[137.9385602,36.0124926],[137.9383906,36.0129546]]]]}},{"type":"Feature","properties":{"fid":95,"地目":"田"},"geometry":{"type":"MultiPolygon","coordinates":[[[[137.9362615,36.0131083],[137.9363032,36.0130804],[137.9366178,36.012621],[137.9365971,36.0126097],[137.9362901,36.0124818],[137.9359788,36.0129693],[137.9362615,36.0131083]]]]}},{"type":"Feature","properties":{"fid":96,"地目":"田"},"geometry":{"type":"MultiPolygon","coordinates":[[[[137.9395258,36.0132404],[137.9397129,36.0127304],[137.939698,36.0127276],[137.9395277,36.0126897],[137.939337,36.0132023],[137.9395258,36.0132404]]]]}},{"type":"Feature","properties":{"fid":97,"地目":"田"},"geometry":{"type":"MultiPolygon","coordinates":[[[[137.9363251,36.0131279],[137.9363944,36.0131723],[137.9365307,36.0132211],[137.9366774,36.0132679],[137.9368801,36.0126759],[137.936857,36.0126695],[137.9366664,36.0126267],[137.9363251,36.0131279]]]]}},{"type":"Feature","properties":{"fid":98,"地目":"田"},"geometry":{"type":"MultiPolygon","coordinates":[[[[137.9389173,36.0125753],[137.9387639,36.0130704],[137.9391254,36.0131371],[137.9393285,36.0126448],[137.9389173,36.0125753]]]]}},{"type":"Feature","properties":{"fid":99,"地目":"田"},"geometry":{"type":"MultiPolygon","coordinates":[[[[137.939337,36.0132023],[137.9395277,36.0126897],[137.9393285,36.0126448],[137.9391254,36.0131371],[137.939337,36.0132023]]]]}},{"type":"Feature","properties":{"fid":100,"地目":"田"},"geometry":{"type":"MultiPolygon","coordinates":[[[[137.9405963,36.0128165],[137.9404088,36.0127647],[137.9403171,36.0127879],[137.9401259,36.0133614],[137.9403459,36.0134165],[137.9403716,36.0134279],[137.9405946,36.012821],[137.9405963,36.0128165]]]]}},{"type":"Feature","properties":{"fid":101,"地目":"田"},"geometry":{"type":"MultiPolygon","coordinates":[[[[137.9373273,36.0127841],[137.9371226,36.0133894],[137.9373519,36.0134261],[137.9375443,36.012832],[137.9373273,36.0127841]]]]}},{"type":"Feature","properties":{"fid":102,"地目":"田"},"geometry":{"type":"MultiPolygon","coordinates":[[[[137.9408936,36.0129351],[137.9407531,36.0128812],[137.9405963,36.0128165],[137.9405946,36.012821],[137.9403716,36.0134279],[137.9405178,36.0134929],[137.9408936,36.0129351]]]]}},{"type":"Feature","properties":{"fid":103,"地目":"田"},"geometry":{"type":"MultiPolygon","coordinates":[[[[137.9397481,36.0132853],[137.9399554,36.0127761],[137.9397129,36.0127304],[137.9395258,36.0132404],[137.9397481,36.0132853]]]]}},{"type":"Feature","properties":{"fid":104,"地目":"田"},"geometry":{"type":"MultiPolygon","coordinates":[[[[137.9368801,36.0126759],[137.9366774,36.0132679],[137.9367288,36.0132891],[137.9368729,36.0133233],[137.9370784,36.0127229],[137.9368801,36.0126759]]]]}},{"type":"Feature","properties":{"fid":105,"地目":"田"},"geometry":{"type":"MultiPolygon","coordinates":[[[[137.9401259,36.0133614],[137.9403171,36.0127879],[137.9401055,36.0127261],[137.9400509,36.0128002],[137.9399554,36.0127761],[137.9397481,36.0132853],[137.9401259,36.0133614]]]]}},{"type":"Feature","properties":{"fid":106,"地目":"田"},"geometry":{"type":"MultiPolygon","coordinates":[[[[137.9370784,36.0127229],[137.9368729,36.0133233],[137.9368992,36.0133463],[137.9371226,36.0133894],[137.9373273,36.0127841],[137.9370784,36.0127229]]]]}},{"type":"Feature","properties":{"fid":107,"地目":"田"},"geometry":{"type":"MultiPolygon","coordinates":[[[[137.9405532,36.0135087],[137.9408517,36.0136384],[137.9408849,36.013642],[137.9411747,36.0132379],[137.9411749,36.0132075],[137.9411338,36.0131499],[137.9411135,36.0130788],[137.9410391,36.0130109],[137.9409314,36.0129496],[137.9408936,36.0129351],[137.9405178,36.0134929],[137.9405532,36.0135087]]]]}},{"type":"Feature","properties":{"fid":108,"地目":"田"},"geometry":{"type":"MultiPolygon","coordinates":[[[[137.9375443,36.012832],[137.9373519,36.0134261],[137.937527,36.0134625],[137.9377168,36.0128705],[137.9375443,36.012832]]]]}},{"type":"Feature","properties":{"fid":109,"地目":"田"},"geometry":{"type":"MultiPolygon","coordinates":[[[[137.9377168,36.0128705],[137.937527,36.0134625],[137.9378149,36.0135254],[137.9380181,36.0129347],[137.9377168,36.0128705]]]]}},{"type":"Feature","properties":{"fid":110,"地目":"田"},"geometry":{"type":"MultiPolygon","coordinates":[[[[137.9380181,36.0129347],[137.9378149,36.0135254],[137.9378376,36.0135297],[137.9380935,36.0135699],[137.9381348,36.0135638],[137.9383237,36.013005],[137.9380181,36.0129347]]]]}},{"type":"Feature","properties":{"fid":111,"地目":"田"},"geometry":{"type":"MultiPolygon","coordinates":[[[[137.9386752,36.0130968],[137.9384812,36.0136747],[137.9388382,36.0137574],[137.9390294,36.013184],[137.9386752,36.0130968]]]]}},{"type":"Feature","properties":{"fid":112,"地目":"田"},"geometry":{"type":"MultiPolygon","coordinates":[[[[137.9381823,36.0135989],[137.9384812,36.0136747],[137.9386752,36.0130968],[137.9386516,36.013091],[137.9383985,36.0130155],[137.9383776,36.0130323],[137.9381823,36.0135989]]]]}},{"type":"Feature","properties":{"fid":113,"地目":"田"},"geometry":{"type":"MultiPolygon","coordinates":[[[[137.939399,36.0132465],[137.9391911,36.0138401],[137.9395067,36.0139024],[137.9396979,36.0133188],[137.939399,36.0132465]]]]}},{"type":"Feature","properties":{"fid":114,"地目":"田"},"geometry":{"type":"MultiPolygon","coordinates":[[[[137.9390294,36.013184],[137.9388382,36.0137574],[137.9391911,36.0138401],[137.939399,36.0132465],[137.9390294,36.013184]]]]}},{"type":"Feature","properties":{"fid":115,"地目":"田"},"geometry":{"type":"MultiPolygon","coordinates":[[[[137.9412824,36.0138347],[137.9415683,36.0134113],[137.9411968,36.0132757],[137.9411572,36.0133046],[137.9409147,36.0136614],[137.9409326,36.0136673],[137.9412824,36.0138347]]]]}},{"type":"Feature","properties":{"fid":116,"地目":"田"},"geometry":{"type":"MultiPolygon","coordinates":[[[[137.9396979,36.0133188],[137.9395067,36.0139024],[137.9398761,36.0140021],[137.9400965,36.0134119],[137.9396979,36.0133188]]]]}},{"type":"Feature","properties":{"fid":117,"地目":"田"},"geometry":{"type":"MultiPolygon","coordinates":[[[[137.9412824,36.0138347],[137.9415322,36.0139639],[137.941836,36.0135376],[137.9417005,36.0134555],[137.9415683,36.0134113],[137.9412824,36.0138347]]]]}},{"type":"Feature","properties":{"fid":118,"地目":"田"},"geometry":{"type":"MultiPolygon","coordinates":[[[[137.9403082,36.0134636],[137.9400919,36.0140572],[137.9404072,36.0141668],[137.94076,36.0136684],[137.9403082,36.0134636]]]]}},{"type":"Feature","properties":{"fid":119,"地目":"田"},"geometry":{"type":"MultiPolygon","coordinates":[[[[137.9419676,36.0136779],[137.9416999,36.0140433],[137.9417999,36.0140845],[137.9418703,36.0141176],[137.9420811,36.0138239],[137.9420352,36.0137393],[137.9419676,36.0136779]]]]}},{"type":"Feature","properties":{"fid":120,"地目":"田"},"geometry":{"type":"MultiPolygon","coordinates":[[[[137.9400965,36.0134119],[137.9398761,36.0140021],[137.9400919,36.0140572],[137.9403082,36.0134636],[137.9402252,36.0134429],[137.9400965,36.0134119]]]]}},{"type":"Feature","properties":{"fid":121,"地目":"田"},"geometry":{"type":"MultiPolygon","coordinates":[[[[137.9415322,36.0139639],[137.9416999,36.0140433],[137.9419676,36.0136779],[137.9419463,36.01364],[137.941925,36.0136137],[137.9418717,36.0135611],[137.941836,36.0135376],[137.9415322,36.0139639]]]]}},{"type":"Feature","properties":{"fid":122,"地目":"田"},"geometry":{"type":"MultiPolygon","coordinates":[[[[137.9369177,36.0112859],[137.9367183,36.011218],[137.9365482,36.0111599],[137.9363956,36.0111306],[137.9363798,36.0111271],[137.9360569,36.0116353],[137.9365989,36.0118838],[137.9369569,36.0112915],[137.9369177,36.0112859]]]]}},{"type":"Feature","properties":{"fid":123,"地目":"田"},"geometry":{"type":"MultiPolygon","coordinates":[[[[137.935082,36.0119029],[137.9352958,36.0119847],[137.9356019,36.0115085],[137.935397,36.0114268],[137.935082,36.0119029]]]]}},{"type":"Feature","properties":{"fid":124,"地目":"田"},"geometry":{"type":"MultiPolygon","coordinates":[[[[137.9346567,36.0117345],[137.935082,36.0119029],[137.935397,36.0114268],[137.9350102,36.0112554],[137.9346567,36.0117345]]]]}},{"type":"Feature","properties":{"fid":125,"地目":"田"},"geometry":{"type":"MultiPolygon","coordinates":[[[[137.9369569,36.0112915],[137.9365989,36.0118838],[137.9370034,36.0120577],[137.9373955,36.0114839],[137.9373019,36.0114095],[137.937223,36.0113494],[137.9371233,36.0113203],[137.9370029,36.0112982],[137.9369569,36.0112915]]]]}},{"type":"Feature","properties":{"fid":126,"地目":"田"},"geometry":{"type":"MultiPolygon","coordinates":[[[[137.9370454,36.0120801],[137.9374066,36.0121628],[137.9375929,36.0116873],[137.9373398,36.0116186],[137.9370454,36.0120801]]]]}},{"type":"Feature","properties":{"fid":127,"地目":"田"},"geometry":{"type":"MultiPolygon","coordinates":[[[[137.9352958,36.0119847],[137.9353183,36.0119934],[137.9356054,36.0121197],[137.9359365,36.011645],[137.9356019,36.0115085],[137.9352958,36.0119847]]]]}},{"type":"Feature","properties":{"fid":128,"地目":"田"},"geometry":{"type":"MultiPolygon","coordinates":[[[[137.9346948,36.0121033],[137.9348788,36.0118613],[137.9343797,36.0116521],[137.9343622,36.0116914],[137.9345542,36.0119228],[137.9346948,36.0121033]]]]}},{"type":"Feature","properties":{"fid":129,"地目":"田"},"geometry":{"type":"MultiPolygon","coordinates":[[[[137.9349902,36.011908],[137.9348788,36.0118613],[137.9346948,36.0121033],[137.9347771,36.0121964],[137.9349902,36.011908]]]]}},{"type":"Feature","properties":{"fid":130,"地目":"田"},"geometry":{"type":"MultiPolygon","coordinates":[[[[137.9375929,36.0116873],[137.9374066,36.0121628],[137.937743,36.0122252],[137.937921,36.0117429],[137.937863,36.011719],[137.9375929,36.0116873]]]]}},{"type":"Feature","properties":{"fid":131,"地目":"田"},"geometry":{"type":"MultiPolygon","coordinates":[[[[137.9356054,36.0121197],[137.9356217,36.0121269],[137.9359562,36.0122718],[137.9362779,36.0117843],[137.9359365,36.011645],[137.9356054,36.0121197]]]]}},{"type":"Feature","properties":{"fid":132,"地目":"田"},"geometry":{"type":"MultiPolygon","coordinates":[[[[137.9349902,36.011908],[137.9347771,36.0121964],[137.9348802,36.0122868],[137.9351143,36.0119647],[137.9349902,36.011908]]]]}},{"type":"Feature","properties":{"fid":133,"地目":"田"},"geometry":{"type":"MultiPolygon","coordinates":[[[[137.9366089,36.0119404],[137.9362779,36.0117843],[137.9359562,36.0122718],[137.9363011,36.0124195],[137.9366089,36.0119404]]]]}},{"type":"Feature","properties":{"fid":134,"地目":"田"},"geometry":{"type":"MultiPolygon","coordinates":[[[[137.9351143,36.0119647],[137.9348802,36.0122868],[137.9349489,36.0123518],[137.9351829,36.0125299],[137.9354729,36.0121182],[137.9351143,36.0119647]]]]}},{"type":"Feature","properties":{"fid":135,"地目":"田"},"geometry":{"type":"MultiPolygon","coordinates":[[[[137.936632,36.0125785],[137.9366597,36.0125673],[137.9369292,36.0121358],[137.9369363,36.0121106],[137.9369192,36.0120768],[137.9366089,36.0119404],[137.9363011,36.0124195],[137.936632,36.0125785]]]]}},{"type":"Feature","properties":{"fid":136,"地目":"田"},"geometry":{"type":"MultiPolygon","coordinates":[[[[137.9354729,36.0121182],[137.9351829,36.0125299],[137.9354031,36.0126912],[137.9356513,36.0128132],[137.9359579,36.0123342],[137.9359246,36.0123199],[137.9354729,36.0121182]]]]}},{"type":"Feature","properties":{"fid":137,"地目":"田"},"geometry":{"type":"MultiPolygon","coordinates":[[[[137.9366758,36.0125885],[137.9367422,36.012609],[137.9373284,36.0127388],[137.9375126,36.01222],[137.9370202,36.0121103],[137.9366758,36.0125885]]]]}},{"type":"Feature","properties":{"fid":138,"地目":"田"},"geometry":{"type":"MultiPolygon","coordinates":[[[[137.9377263,36.0122692],[137.9375393,36.0127918],[137.9379188,36.0128755],[137.9381079,36.0123688],[137.9377263,36.0122692]]]]}},{"type":"Feature","properties":{"fid":139,"地目":"田"},"geometry":{"type":"MultiPolygon","coordinates":[[[[137.9359788,36.0129693],[137.9362901,36.0124818],[137.9359579,36.0123342],[137.9356513,36.0128132],[137.9359788,36.0129693]]]]}},{"type":"Feature","properties":{"fid":140,"地目":"田"},"geometry":{"type":"MultiPolygon","coordinates":[[[[137.9381079,36.0123688],[137.9379188,36.0128755],[137.9379462,36.0128816],[137.938349,36.0129646],[137.9385189,36.0124653],[137.9381079,36.0123688]]]]}},{"type":"Feature","properties":{"fid":141,"地目":"田"},"geometry":{"type":"MultiPolygon","coordinates":[[[[137.9375126,36.01222],[137.9373284,36.0127388],[137.9375393,36.0127918],[137.9377263,36.0122692],[137.9375126,36.01222]]]]}},{"type":"Feature","properties":{"fid":142,"地目":"畑"},"geometry":{"type":"MultiPolygon","coordinates":[[[[137.9428169,36.0146144],[137.9426365,36.0148434],[137.9427676,36.0148997],[137.9429395,36.0146791],[137.9428169,36.0146144]]]]}},{"type":"Feature","properties":{"fid":143,"地目":"畑"},"geometry":{"type":"MultiPolygon","coordinates":[[[[137.9423712,36.0149462],[137.9424385,36.0149484],[137.9425593,36.0149414],[137.9426365,36.0148434],[137.9428169,36.0146144],[137.9426689,36.0145402],[137.9425654,36.0146813],[137.9424118,36.0148908],[137.9423712,36.0149462]]]]}},{"type":"Feature","properties":{"fid":144,"地目":"畑"},"geometry":{"type":"MultiPolygon","coordinates":[[[[137.9429395,36.0146791],[137.9427676,36.0148997],[137.9427358,36.0149405],[137.9427496,36.0149404],[137.9428565,36.0149352],[137.9430298,36.0147173],[137.9429395,36.0146791]]]]}},{"type":"Feature","properties":{"fid":145,"地目":"畑"},"geometry":{"type":"MultiPolygon","coordinates":[[[[137.9420397,36.0148843],[137.9420883,36.0149034],[137.9421579,36.0149094],[137.9422484,36.0149192],[137.9423712,36.0149462],[137.9424118,36.0148908],[137.9421405,36.0147509],[137.9420397,36.0148843]]]]}},{"type":"Feature","properties":{"fid":146,"地目":"畑"},"geometry":{"type":"MultiPolygon","coordinates":[[[[137.9430298,36.0147173],[137.9428565,36.0149352],[137.9428353,36.0149691],[137.9430534,36.0149909],[137.9430953,36.0149665],[137.9432149,36.014803],[137.943201,36.0147954],[137.9430298,36.0147173]]]]}},{"type":"Feature","properties":{"fid":147,"地目":"田"},"geometry":{"type":"MultiPolygon","coordinates":[[[[137.9337556,36.010767],[137.9339809,36.0105054],[137.9338927,36.0105026],[137.9337517,36.0104828],[137.9335758,36.0104223],[137.9335256,36.0104579],[137.9337556,36.010767]]]]}},{"type":"Feature","properties":{"fid":148,"地目":"田"},"geometry":{"type":"MultiPolygon","coordinates":[[[[137.9338604,36.0109013],[137.9338959,36.01088],[137.9339934,36.0108064],[137.934035,36.0107493],[137.9341895,36.0105064],[137.9341132,36.0105012],[137.9339809,36.0105054],[137.9337556,36.010767],[137.9338051,36.0108341],[137.9338604,36.0109013]]]]}},{"type":"Feature","properties":{"fid":149,"地目":"田"},"geometry":{"type":"MultiPolygon","coordinates":[[[[137.9340876,36.0107925],[137.9344978,36.0109688],[137.9347029,36.0106617],[137.9346501,36.0106399],[137.9345503,36.0106156],[137.9344418,36.0105864],[137.9342599,36.0105354],[137.9340876,36.0107925]]]]}},{"type":"Feature","properties":{"fid":150,"地目":"田"},"geometry":{"type":"MultiPolygon","coordinates":[[[[137.9347029,36.0106617],[137.9344978,36.0109688],[137.9349403,36.0111619],[137.935184,36.0107977],[137.9351224,36.0107807],[137.9350518,36.0107875],[137.9349959,36.0107848],[137.9349255,36.0107654],[137.9348317,36.0107291],[137.9347556,36.0106882],[137.9347029,36.0106617]]]]}},{"type":"Feature","properties":{"fid":151,"地目":"田"},"geometry":{"type":"MultiPolygon","coordinates":[[[[137.9397338,36.0124107],[137.9396584,36.0126681],[137.940037,36.0127421],[137.9400451,36.0126856],[137.9399299,36.0125751],[137.9397684,36.0124392],[137.9397338,36.0124107]]]]}},{"type":"Feature","properties":{"fid":152,"地目":"田"},"geometry":{"type":"MultiPolygon","coordinates":[[[[137.9395913,36.0123221],[137.9394769,36.0126295],[137.9396584,36.0126681],[137.9397338,36.0124107],[137.9396954,36.0123666],[137.9395913,36.0123221]]]]}},{"type":"Feature","properties":{"fid":153,"地目":"田"},"geometry":{"type":"MultiPolygon","coordinates":[[[[137.9392682,36.0121685],[137.9391409,36.0125557],[137.9394769,36.0126295],[137.9395913,36.0123221],[137.9395566,36.0122968],[137.939468,36.0122555],[137.939387,36.0122205],[137.9392944,36.0121793],[137.9392682,36.0121685]]]]}},{"type":"Feature","properties":{"fid":154,"地目":"田"},"geometry":{"type":"MultiPolygon","coordinates":[[[[137.9386002,36.0124369],[137.9386311,36.0124496],[137.9386775,36.0124561],[137.9391409,36.0125557],[137.9392682,36.0121685],[137.9392327,36.0121538],[137.9391632,36.0121441],[137.9390936,36.0121343],[137.9390201,36.0121403],[137.9389273,36.0121335],[137.9388384,36.0121237],[137.9387148,36.012098],[137.9386002,36.0124369]]]]}},{"type":"Feature","properties":{"fid":155,"地目":"田"},"geometry":{"type":"MultiPolygon","coordinates":[[[[137.9382804,36.011945],[137.9381358,36.0123298],[137.9385358,36.0124181],[137.9386422,36.012074],[137.9384219,36.0119876],[137.9382804,36.011945]]]]}},{"type":"Feature","properties":{"fid":156,"地目":"田"},"geometry":{"type":"MultiPolygon","coordinates":[[[[137.937921,36.0117429],[137.937743,36.0122252],[137.9381358,36.0123298],[137.9382804,36.011945],[137.9382496,36.0119218],[137.9380372,36.0117806],[137.937921,36.0117429]]]]}},{"type":"Feature","properties":{"fid":157,"地目":"畑"},"geometry":{"type":"MultiPolygon","coordinates":[[[[137.9424194,36.0143637],[137.9424356,36.0143713],[137.9427525,36.0145331],[137.942877,36.0143613],[137.9428351,36.0143486],[137.9427934,36.0143314],[137.9427262,36.0143198],[137.942652,36.0142968],[137.942615,36.0142797],[137.9425827,36.0142475],[137.9425574,36.014221],[137.9425272,36.0142189],[137.9424194,36.0143637]]]]}},{"type":"Feature","properties":{"fid":158,"地目":"畑"},"geometry":{"type":"MultiPolygon","coordinates":[[[[137.942877,36.0143613],[137.9427525,36.0145331],[137.9431134,36.0147064],[137.9432613,36.0144713],[137.9431756,36.0144502],[137.9430852,36.0144233],[137.942981,36.0143927],[137.9429045,36.0143697],[137.942877,36.0143613]]]]}},{"type":"Feature","properties":{"fid":159,"地目":"畑"},"geometry":{"type":"MultiPolygon","coordinates":[[[[137.9433101,36.0147959],[137.9433888,36.0148227],[137.9435201,36.0146403],[137.9435226,36.0146177],[137.9435204,36.0146045],[137.9435043,36.0145762],[137.9434512,36.0145438],[137.9433887,36.0145058],[137.9433146,36.0144829],[137.9432613,36.0144713],[137.9431134,36.0147064],[137.9433101,36.0147959]]]]}},{"type":"Feature","properties":{"fid":160,"地目":"畑"},"geometry":{"type":"MultiPolygon","coordinates":[[[[137.9401868,36.0161865],[137.9402061,36.0161222],[137.9400767,36.0161114],[137.9400762,36.0161742],[137.9401263,36.0161795],[137.9401868,36.0161865]]]]}},{"type":"Feature","properties":{"fid":161,"地目":"田"},"geometry":{"type":"MultiPolygon","coordinates":[[[[137.9303108,36.0086244],[137.930609,36.0088428],[137.9308911,36.0086322],[137.9304709,36.0084833],[137.9303108,36.0086244]]]]}},{"type":"Feature","properties":{"fid":162,"地目":"田"},"geometry":{"type":"MultiPolygon","coordinates":[[[[137.930609,36.0088428],[137.9304029,36.0090323],[137.9307116,36.0092565],[137.93119,36.008859],[137.9308911,36.0086322],[137.930609,36.0088428]]]]}},{"type":"Feature","properties":{"fid":163,"地目":"田"},"geometry":{"type":"MultiPolygon","coordinates":[[[[137.9307116,36.0092565],[137.9310171,36.0094833],[137.9310402,36.0094861],[137.9315081,36.0091556],[137.9315116,36.0091342],[137.93119,36.008859],[137.9307116,36.0092565]]]]}},{"type":"Feature","properties":{"fid":164,"地目":"田"},"geometry":{"type":"MultiPolygon","coordinates":[[[[137.9310883,36.0087619],[137.9315513,36.0091263],[137.9316772,36.0090652],[137.9318064,36.0089988],[137.9317968,36.0089611],[137.9316162,36.0088154],[137.9314914,36.0087317],[137.9313729,36.0086828],[137.9312445,36.0086259],[137.9310883,36.0087619]]]]}},{"type":"Feature","properties":{"fid":165,"地目":"田"},"geometry":{"type":"MultiPolygon","coordinates":[[[[137.9305028,36.0084506],[137.9307859,36.0085673],[137.9309045,36.0086108],[137.931079,36.0087543],[137.9312346,36.0086208],[137.9309517,36.0084769],[137.9306457,36.0083226],[137.9305028,36.0084506]]]]}},{"type":"Feature","properties":{"fid":166,"地目":"畑"},"geometry":{"type":"MultiPolygon","coordinates":[[[[137.9316871,36.0092553],[137.9315645,36.0091668],[137.9314256,36.0092492],[137.9315382,36.0093619],[137.9316871,36.0092553]]]]}},{"type":"Feature","properties":{"fid":167,"地目":"田"},"geometry":{"type":"MultiPolygon","coordinates":[[[[137.9316871,36.0092553],[137.9315382,36.0093619],[137.9311582,36.0096338],[137.9313552,36.0098326],[137.9316987,36.0095717],[137.9319145,36.0094078],[137.931774,36.0093021],[137.9316871,36.0092553]]]]}},{"type":"Feature","properties":{"fid":168,"地目":"田"},"geometry":{"type":"MultiPolygon","coordinates":[[[[137.9313552,36.0098326],[137.9315444,36.0100377],[137.93157,36.0100657],[137.931729,36.0099421],[137.931948,36.0097719],[137.9316987,36.0095717],[137.9313552,36.0098326]]]]}},{"type":"Feature","properties":{"fid":169,"地目":"田"},"geometry":{"type":"MultiPolygon","coordinates":[[[[137.9316987,36.0095717],[137.931948,36.0097719],[137.9321597,36.0095897],[137.9321294,36.0095638],[137.9320821,36.009521],[137.9319145,36.0094078],[137.9316987,36.0095717]]]]}},{"type":"Feature","properties":{"fid":170,"地目":"田"},"geometry":{"type":"MultiPolygon","coordinates":[[[[137.9316725,36.0091917],[137.9318193,36.0093095],[137.9320423,36.0091983],[137.9319559,36.0090856],[137.9316725,36.0091917]]]]}},{"type":"Feature","properties":{"fid":171,"地目":"田"},"geometry":{"type":"MultiPolygon","coordinates":[[[[137.9319631,36.0094222],[137.932074,36.0093841],[137.9320623,36.0093377],[137.9320596,36.0092912],[137.932054,36.0092473],[137.9320423,36.0091983],[137.9318193,36.0093095],[137.9319326,36.0094006],[137.9319631,36.0094222]]]]}},{"type":"Feature","properties":{"fid":172,"地目":"畑"},"geometry":{"type":"MultiPolygon","coordinates":[[[[137.932151,36.0095555],[137.9321928,36.009585],[137.9322171,36.0095582],[137.932074,36.0093841],[137.9319631,36.0094222],[137.932151,36.0095555]]]]}},{"type":"Feature","properties":{"fid":173,"地目":"田"},"geometry":{"type":"MultiPolygon","coordinates":[[[[137.931948,36.0097719],[137.931729,36.0099421],[137.9319249,36.0101513],[137.9320541,36.0100595],[137.9323985,36.0098149],[137.9322467,36.0096637],[137.9321597,36.0095897],[137.931948,36.0097719]]]]}},{"type":"Feature","properties":{"fid":174,"地目":"田"},"geometry":{"type":"MultiPolygon","coordinates":[[[[137.93157,36.0100657],[137.9317573,36.0102704],[137.9319249,36.0101513],[137.931729,36.0099421],[137.93157,36.0100657]]]]}},{"type":"Feature","properties":{"fid":175,"地目":"田"},"geometry":{"type":"MultiPolygon","coordinates":[[[[137.9320541,36.0100595],[137.9321258,36.0101336],[137.932143,36.0101886],[137.9321681,36.010375],[137.9325701,36.0100665],[137.9323985,36.0098149],[137.9320541,36.0100595]]]]}},{"type":"Feature","properties":{"fid":176,"地目":"田"},"geometry":{"type":"MultiPolygon","coordinates":[[[[137.932023,36.01052],[137.9322741,36.0107648],[137.9328179,36.0103494],[137.9326082,36.0100762],[137.932023,36.01052]]]]}},{"type":"Feature","properties":{"fid":177,"地目":"田"},"geometry":{"type":"MultiPolygon","coordinates":[[[[137.9328179,36.0103494],[137.9322741,36.0107648],[137.9325075,36.0110047],[137.9330274,36.0106297],[137.9330601,36.0106061],[137.9328179,36.0103494]]]]}},{"type":"Feature","properties":{"fid":178,"地目":"田"},"geometry":{"type":"MultiPolygon","coordinates":[[[[137.931469,36.0107954],[137.9316591,36.0109446],[137.9319023,36.0109486],[137.932056,36.0110036],[137.9321728,36.0110283],[137.9323061,36.0110787],[137.9323621,36.0110397],[137.9321651,36.0108035],[137.9318409,36.0104596],[137.931813,36.0104639],[137.9317869,36.0104774],[137.9316842,36.0105553],[137.9315068,36.0107021],[137.9314955,36.0107272],[137.9314778,36.0107733],[137.931469,36.0107954]]]]}},{"type":"Feature","properties":{"fid":179,"地目":"田"},"geometry":{"type":"MultiPolygon","coordinates":[[[[137.9305513,36.0107947],[137.9304639,36.0108989],[137.9306212,36.0110505],[137.9307284,36.011162],[137.9308343,36.0110213],[137.9307085,36.0109624],[137.9306299,36.0108816],[137.9305513,36.0107947]]]]}},{"type":"Feature","properties":{"fid":180,"地目":"畑"},"geometry":{"type":"MultiPolygon","coordinates":[[[[137.9314266,36.0110094],[137.9314837,36.0110703],[137.9315583,36.0110344],[137.9316437,36.0110348],[137.9317364,36.0110364],[137.9317625,36.0110369],[137.9318533,36.0110479],[137.9319423,36.0110664],[137.9320406,36.0110819],[137.9320494,36.0110857],[137.9322532,36.0111685],[137.9323061,36.0110787],[137.9321728,36.0110283],[137.932056,36.0110036],[137.9319023,36.0109486],[137.9316591,36.0109446],[137.9316443,36.0109443],[137.9314266,36.0110094]]]]}},{"type":"Feature","properties":{"fid":181,"地目":"畑"},"geometry":{"type":"MultiPolygon","coordinates":[[[[137.9314266,36.0110094],[137.9316443,36.0109443],[137.9316591,36.0109446],[137.931469,36.0107954],[137.931449,36.0108195],[137.9314116,36.0108585],[137.9313792,36.0108845],[137.9313072,36.0109214],[137.9314266,36.0110094]]]]}},{"type":"Feature","properties":{"fid":182,"地目":"田"},"geometry":{"type":"MultiPolygon","coordinates":[[[[137.9330274,36.0106297],[137.9325075,36.0110047],[137.9327616,36.0112376],[137.9332816,36.0108675],[137.9330274,36.0106297]]]]}},{"type":"Feature","properties":{"fid":183,"地目":"田"},"geometry":{"type":"MultiPolygon","coordinates":[[[[137.9322532,36.0111685],[137.9320494,36.0110857],[137.9319843,36.0112173],[137.9321842,36.011279],[137.9322532,36.0111685]]]]}},{"type":"Feature","properties":{"fid":184,"地目":"畑"},"geometry":{"type":"MultiPolygon","coordinates":[[[[137.9308343,36.0110213],[137.9307284,36.011162],[137.9306669,36.0112438],[137.9308199,36.0113109],[137.9308824,36.0112146],[137.9309837,36.0112473],[137.9310363,36.0111691],[137.9309673,36.0111205],[137.9308343,36.0110213]]]]}},{"type":"Feature","properties":{"fid":185,"地目":"畑"},"geometry":{"type":"MultiPolygon","coordinates":[[[[137.9330541,36.0127414],[137.933117,36.0126425],[137.9330385,36.0125927],[137.9329958,36.0125619],[137.9329057,36.0126299],[137.9330541,36.0127414]]]]}},{"type":"Feature","properties":{"fid":186,"地目":"畑"},"geometry":{"type":"MultiPolygon","coordinates":[[[[137.9311112,36.0111945],[137.9312148,36.0112523],[137.9312545,36.0111959],[137.9312895,36.0111445],[137.9313425,36.0110907],[137.9313909,36.0110359],[137.931391,36.0110178],[137.931269,36.0109388],[137.9312276,36.0109773],[137.9311793,36.0110198],[137.9311279,36.0110683],[137.9311936,36.0111013],[137.9311112,36.0111945]]]]}},{"type":"Feature","properties":{"fid":187,"地目":"田"},"geometry":{"type":"MultiPolygon","coordinates":[[[[137.9327616,36.0112376],[137.9328874,36.0113591],[137.9333974,36.0109751],[137.9332816,36.0108675],[137.9327616,36.0112376]]]]}},{"type":"Feature","properties":{"fid":188,"地目":"田"},"geometry":{"type":"MultiPolygon","coordinates":[[[[137.9317364,36.0110364],[137.9317115,36.0111528],[137.93173,36.0111574],[137.9318597,36.0111927],[137.9319843,36.0112173],[137.9320494,36.0110857],[137.9320406,36.0110819],[137.9319423,36.0110664],[137.9318533,36.0110479],[137.9317625,36.0110369],[137.9317364,36.0110364]]]]}},{"type":"Feature","properties":{"fid":189,"地目":"畑"},"geometry":{"type":"MultiPolygon","coordinates":[[[[137.9314058,36.0113293],[137.9314629,36.0113884],[137.9315332,36.0114174],[137.9315951,36.0113247],[137.9314649,36.011268],[137.9314058,36.0113293]]]]}},{"type":"Feature","properties":{"fid":190,"地目":"田"},"geometry":{"type":"MultiPolygon","coordinates":[[[[137.9335686,36.0111402],[137.9330529,36.0115216],[137.9331638,36.0116272],[137.9331718,36.0116339],[137.9336618,36.0112594],[137.9335686,36.0111402]]]]}},{"type":"Feature","properties":{"fid":191,"地目":"田"},"geometry":{"type":"MultiPolygon","coordinates":[[[[137.9328874,36.0113591],[137.9330282,36.0114851],[137.9335502,36.0111171],[137.9333974,36.0109751],[137.9328874,36.0113591]]]]}},{"type":"Feature","properties":{"fid":192,"地目":"田"},"geometry":{"type":"MultiPolygon","coordinates":[[[[137.9356308,36.0136123],[137.9358485,36.0133464],[137.9357481,36.0133071],[137.9355464,36.0135545],[137.9356308,36.0136123]]]]}},{"type":"Feature","properties":{"fid":193,"地目":"畑"},"geometry":{"type":"MultiPolygon","coordinates":[[[[137.9323397,36.0113817],[137.9323709,36.0113389],[137.9323976,36.0112997],[137.9324404,36.0111586],[137.932414,36.0111496],[137.9323306,36.0111152],[137.9322415,36.0112632],[137.9323397,36.0113817]]]]}},{"type":"Feature","properties":{"fid":194,"地目":"畑"},"geometry":{"type":"MultiPolygon","coordinates":[[[[137.9314649,36.011268],[137.9315951,36.0113247],[137.9316496,36.011243],[137.9316292,36.0112339],[137.9316631,36.0111737],[137.9315871,36.0111477],[137.9315142,36.0112167],[137.9314649,36.011268]]]]}},{"type":"Feature","properties":{"fid":195,"地目":"畑"},"geometry":{"type":"MultiPolygon","coordinates":[[[[137.9326999,36.0125984],[137.9325791,36.0127128],[137.932507,36.0127779],[137.9325872,36.0128322],[137.932744,36.0126975],[137.9327432,36.0125549],[137.9326999,36.0125984]]]]}},{"type":"Feature","properties":{"fid":196,"地目":"畑"},"geometry":{"type":"MultiPolygon","coordinates":[[[[137.9356874,36.0138305],[137.9356964,36.0139024],[137.9356928,36.0139563],[137.9356989,36.013982],[137.9357051,36.0140025],[137.9357636,36.0140456],[137.9357722,36.0140268],[137.9360385,36.0140565],[137.936061,36.0139803],[137.9360044,36.0139526],[137.9359626,36.0139079],[137.935927,36.0138821],[137.9358829,36.0138614],[137.9358535,36.0138493],[137.9358157,36.0138303],[137.9357821,36.0138233],[137.9356874,36.0138305]]]]}},{"type":"Feature","properties":{"fid":197,"地目":"畑"},"geometry":{"type":"MultiPolygon","coordinates":[[[[137.9337493,36.0138581],[137.933724,36.0138886],[137.933711,36.0139424],[137.9337054,36.0139831],[137.9338737,36.0139926],[137.9339135,36.0139419],[137.9337493,36.0138581]]]]}},{"type":"Feature","properties":{"fid":198,"地目":"畑"},"geometry":{"type":"MultiPolygon","coordinates":[[[[137.9356874,36.0138305],[137.9356337,36.0138251],[137.9356022,36.0138096],[137.9355642,36.0137948],[137.9355032,36.0139554],[137.9354923,36.0140015],[137.9355068,36.014041],[137.9355548,36.0140959],[137.9356961,36.0141628],[137.9357359,36.0141019],[137.935752,36.0140695],[137.9357636,36.0140456],[137.9357051,36.0140025],[137.9356989,36.013982],[137.9356928,36.0139563],[137.9356964,36.0139024],[137.9356874,36.0138305]]]]}},{"type":"Feature","properties":{"fid":199,"地目":"畑"},"geometry":{"type":"MultiPolygon","coordinates":[[[[137.9343712,36.0127412],[137.9343166,36.0128045],[137.9345676,36.012913],[137.9346133,36.0128495],[137.9343712,36.0127412]]]]}},{"type":"Feature","properties":{"fid":200,"地目":"畑"},"geometry":{"type":"MultiPolygon","coordinates":[[[[137.9337054,36.0139831],[137.9336746,36.014031],[137.933801,36.0141437],[137.9338473,36.0141773],[137.933912,36.0141427],[137.9339607,36.014108],[137.9339913,36.0140776],[137.9340594,36.0140281],[137.9341208,36.0139542],[137.9341678,36.0139049],[137.9342012,36.0138651],[137.9341465,36.013826],[137.9340729,36.0137733],[137.9339242,36.0139448],[137.9339135,36.0139419],[137.9338737,36.0139926],[137.9337054,36.0139831]]]]}},{"type":"Feature","properties":{"fid":201,"地目":"畑"},"geometry":{"type":"MultiPolygon","coordinates":[[[[137.9355642,36.0137948],[137.9355487,36.0137888],[137.9354857,36.0137628],[137.9354477,36.0137704],[137.9354178,36.0138181],[137.9353664,36.0139325],[137.9353357,36.0139777],[137.9352813,36.0140639],[137.9354538,36.0141564],[137.9356401,36.0142563],[137.9356961,36.0141628],[137.9355548,36.0140959],[137.9355068,36.014041],[137.9354923,36.0140015],[137.9355032,36.0139554],[137.9355642,36.0137948]]]]}},{"type":"Feature","properties":{"fid":202,"地目":"畑"},"geometry":{"type":"MultiPolygon","coordinates":[[[[137.9357359,36.0141019],[137.9359945,36.0141528],[137.9360385,36.0140565],[137.9357722,36.0140268],[137.9357636,36.0140456],[137.935752,36.0140695],[137.9357359,36.0141019]]]]}},{"type":"Feature","properties":{"fid":203,"地目":"畑"},"geometry":{"type":"MultiPolygon","coordinates":[[[[137.9354538,36.0141564],[137.9354192,36.0142065],[137.9355283,36.0142703],[137.9354815,36.0143317],[137.9355633,36.0143749],[137.9356401,36.0142563],[137.9354538,36.0141564]]]]}},{"type":"Feature","properties":{"fid":204,"地目":"畑"},"geometry":{"type":"MultiPolygon","coordinates":[[[[137.9338473,36.0141773],[137.9339968,36.0143105],[137.9341749,36.0144671],[137.9342391,36.0145067],[137.9342642,36.0144966],[137.934274,36.0144848],[137.9344503,36.0142733],[137.9344761,36.0142465],[137.9342575,36.0141295],[137.9340594,36.0140281],[137.9339913,36.0140776],[137.9339607,36.014108],[137.933912,36.0141427],[137.9338473,36.0141773]]]]}},{"type":"Feature","properties":{"fid":205,"地目":"畑"},"geometry":{"type":"MultiPolygon","coordinates":[[[[137.9325872,36.0128322],[137.9326709,36.0129024],[137.9327951,36.0128142],[137.932744,36.0126975],[137.9325872,36.0128322]]]]}},{"type":"Feature","properties":{"fid":206,"地目":"畑"},"geometry":{"type":"MultiPolygon","coordinates":[[[[137.9329921,36.0128239],[137.9330445,36.0127645],[137.9330541,36.0127414],[137.9329057,36.0126299],[137.9328265,36.0126776],[137.9329921,36.0128239]]]]}},{"type":"Feature","properties":{"fid":207,"地目":"畑"},"geometry":{"type":"MultiPolygon","coordinates":[[[[137.9319875,36.0126952],[137.9317189,36.0125281],[137.9315117,36.0127295],[137.9316251,36.0128298],[137.9317403,36.0129161],[137.9317979,36.0128517],[137.9319334,36.0127399],[137.9319875,36.0126952]]]]}},{"type":"Feature","properties":{"fid":208,"地目":"畑"},"geometry":{"type":"MultiPolygon","coordinates":[[[[137.9317403,36.0129161],[137.9319211,36.0130349],[137.9320954,36.0128461],[137.9319334,36.0127399],[137.9317979,36.0128517],[137.9317403,36.0129161]]]]}},{"type":"Feature","properties":{"fid":209,"地目":"田"},"geometry":{"type":"MultiPolygon","coordinates":[[[[137.9346133,36.0128495],[137.9345676,36.012913],[137.9346452,36.0129719],[137.9347028,36.0130225],[137.9348202,36.0130913],[137.9349457,36.0131601],[137.9350173,36.0132059],[137.935185,36.0133169],[137.9353078,36.0131338],[137.9348855,36.0129483],[137.9346941,36.0128791],[137.9346133,36.0128495]]]]}},{"type":"Feature","properties":{"fid":210,"地目":"田"},"geometry":{"type":"MultiPolygon","coordinates":[[[[137.9353237,36.0131407],[137.9352036,36.0133323],[137.9352633,36.0133691],[137.9352925,36.013388],[137.9354593,36.0131939],[137.9353237,36.0131407]]]]}},{"type":"Feature","properties":{"fid":211,"地目":"田"},"geometry":{"type":"MultiPolygon","coordinates":[[[[137.9354593,36.0131939],[137.9352925,36.013388],[137.9353768,36.0134427],[137.9355367,36.0132243],[137.9354593,36.0131939]]]]}},{"type":"Feature","properties":{"fid":212,"地目":"畑"},"geometry":{"type":"MultiPolygon","coordinates":[[[[137.9338216,36.0131369],[137.9336824,36.0130576],[137.933593,36.013162],[137.93351,36.0131245],[137.9334883,36.0131528],[137.9334104,36.0131415],[137.9333346,36.0132306],[137.9334016,36.0132571],[137.9334606,36.0132705],[137.9335545,36.0132906],[137.9336107,36.0133171],[137.9336482,36.0133413],[137.9336938,36.013348],[137.9337155,36.0133176],[137.9337183,36.0132979],[137.9337375,36.01325],[137.933762,36.0132021],[137.9338216,36.0131369]]]]}},{"type":"Feature","properties":{"fid":213,"地目":"田"},"geometry":{"type":"MultiPolygon","coordinates":[[[[137.9355464,36.0135545],[137.9357481,36.0133071],[137.935612,36.0132538],[137.9354524,36.0134914],[137.9354872,36.0135139],[137.9355464,36.0135545]]]]}},{"type":"Feature","properties":{"fid":214,"地目":"田"},"geometry":{"type":"MultiPolygon","coordinates":[[[[137.9354524,36.0134914],[137.935612,36.0132538],[137.9355367,36.0132243],[137.9353768,36.0134427],[137.9354524,36.0134914]]]]}},{"type":"Feature","properties":{"fid":215,"地目":"畑"},"geometry":{"type":"MultiPolygon","coordinates":[[[[137.9348095,36.013349],[137.9349039,36.0134034],[137.9349737,36.0133601],[137.934999,36.0133602],[137.9350242,36.0133706],[137.9351027,36.0134325],[137.9351758,36.0133687],[137.9350687,36.0133195],[137.9349805,36.0132882],[137.9349395,36.013288],[137.9348825,36.0133083],[137.9348095,36.013349]]]]}},{"type":"Feature","properties":{"fid":216,"地目":"畑"},"geometry":{"type":"MultiPolygon","coordinates":[[[[137.9337822,36.0133878],[137.9339081,36.0134407],[137.9339598,36.0133493],[137.9339734,36.0133232],[137.9338717,36.0132747],[137.9337822,36.0133878]]]]}},{"type":"Feature","properties":{"fid":217,"地目":"畑"},"geometry":{"type":"MultiPolygon","coordinates":[[[[137.9337301,36.0135272],[137.9336786,36.013599],[137.9337536,36.0136212],[137.9338341,36.0136369],[137.9338959,36.0136481],[137.9339396,36.0135457],[137.9339959,36.013559],[137.9340475,36.0134872],[137.9340127,36.0134631],[137.9340508,36.0134065],[137.9339946,36.0133735],[137.9339598,36.0133493],[137.9339081,36.0134407],[137.9337822,36.0133878],[137.9337301,36.0135272]]]]}},{"type":"Feature","properties":{"fid":218,"地目":"田"},"geometry":{"type":"MultiPolygon","coordinates":[[[[137.9357301,36.0136803],[137.9358095,36.0137347],[137.9358394,36.0137445],[137.9358665,36.0137301],[137.9360574,36.0134532],[137.9360576,36.0134264],[137.9359708,36.0133943],[137.9357301,36.0136803]]]]}},{"type":"Feature","properties":{"fid":219,"地目":"畑"},"geometry":{"type":"MultiPolygon","coordinates":[[[[137.9335988,36.0134851],[137.9337301,36.0135272],[137.9337822,36.0133878],[137.9337499,36.0133876],[137.9337204,36.0133853],[137.9336261,36.0134154],[137.9335988,36.0134851]]]]}},{"type":"Feature","properties":{"fid":220,"地目":"田"},"geometry":{"type":"MultiPolygon","coordinates":[[[[137.9357301,36.0136803],[137.9359708,36.0133943],[137.9358485,36.0133464],[137.9356308,36.0136123],[137.9357301,36.0136803]]]]}},{"type":"Feature","properties":{"fid":221,"地目":"畑"},"geometry":{"type":"MultiPolygon","coordinates":[[[[137.934385,36.0136457],[137.9344417,36.0137217],[137.934528,36.0136799],[137.934466,36.0135864],[137.934385,36.0136457]]]]}},{"type":"Feature","properties":{"fid":222,"地目":"畑"},"geometry":{"type":"MultiPolygon","coordinates":[[[[137.9353925,36.01368],[137.9354732,36.0137311],[137.9355131,36.0137484],[137.9355824,36.013771],[137.935661,36.0136807],[137.9354912,36.0135584],[137.9353925,36.01368]]]]}},{"type":"Feature","properties":{"fid":223,"地目":"畑"},"geometry":{"type":"MultiPolygon","coordinates":[[[[137.9421032,36.0167438],[137.9422426,36.0167901],[137.942267,36.0167155],[137.942131,36.0166775],[137.9421032,36.0167438]]]]}},{"type":"Feature","properties":{"fid":224,"地目":"畑"},"geometry":{"type":"MultiPolygon","coordinates":[[[[137.933657,36.0136142],[137.933635,36.0136731],[137.9337124,36.0137564],[137.9337558,36.0136933],[137.9338388,36.0137373],[137.9338823,36.0136633],[137.9337911,36.013641],[137.9337616,36.0136387],[137.9337321,36.0136298],[137.933657,36.0136142]]]]}},{"type":"Feature","properties":{"fid":225,"地目":"畑"},"geometry":{"type":"MultiPolygon","coordinates":[[[[137.9352905,36.013667],[137.9351751,36.0138253],[137.9351693,36.0138332],[137.9351311,36.0138818],[137.9353357,36.0139777],[137.9353664,36.0139325],[137.9354178,36.0138181],[137.9353254,36.0137801],[137.9353723,36.013705],[137.9352905,36.013667]]]]}},{"type":"Feature","properties":{"fid":226,"地目":"畑"},"geometry":{"type":"MultiPolygon","coordinates":[[[[137.932415,36.011636],[137.932457,36.011613],[137.9324989,36.0116025],[137.9324777,36.0114843],[137.9324627,36.0114306],[137.9324389,36.0113607],[137.9324237,36.0113338],[137.9323976,36.0112997],[137.9323709,36.0113389],[137.9323397,36.0113817],[137.9323614,36.0114301],[137.9323741,36.0114946],[137.932415,36.011636]]]]}},{"type":"Feature","properties":{"fid":227,"地目":"畑"},"geometry":{"type":"MultiPolygon","coordinates":[[[[137.9322083,36.0112934],[137.9321816,36.0113255],[137.9321483,36.0113737],[137.9321195,36.0114021],[137.9320683,36.0114716],[137.9320395,36.0114983],[137.931991,36.0115088],[137.9319359,36.0115157],[137.9318785,36.0115369],[137.9318364,36.0115796],[137.9318318,36.0116082],[137.9320844,36.0116863],[137.9321045,36.0116435],[137.9320584,36.0116272],[137.9320941,36.0115558],[137.9322067,36.0115994],[137.9322173,36.0115761],[137.9323168,36.0114222],[137.9323109,36.0114084],[137.9322738,36.0113599],[137.9322083,36.0112934]]]]}},{"type":"Feature","properties":{"fid":228,"地目":"田"},"geometry":{"type":"MultiPolygon","coordinates":[[[[137.9331718,36.0116339],[137.9334297,36.0118506],[137.933808,36.0115777],[137.9338523,36.0115445],[137.9336618,36.0112594],[137.9331718,36.0116339]]]]}},{"type":"Feature","properties":{"fid":229,"地目":"田"},"geometry":{"type":"MultiPolygon","coordinates":[[[[137.9329135,36.0114882],[137.9326949,36.0112797],[137.9326162,36.0112042],[137.9325745,36.0111861],[137.9325546,36.0111967],[137.9326278,36.0114206],[137.932688,36.0116266],[137.9326975,36.0116517],[137.9329135,36.0114882]]]]}},{"type":"Feature","properties":{"fid":230,"地目":"畑"},"geometry":{"type":"MultiPolygon","coordinates":[[[[137.9325546,36.0111967],[137.9324557,36.0111694],[137.9324404,36.0111586],[137.9323976,36.0112997],[137.9324237,36.0113338],[137.9324389,36.0113607],[137.9324627,36.0114306],[137.9324777,36.0114843],[137.9324989,36.0116025],[137.9325227,36.0116526],[137.932584,36.0116994],[137.9326126,36.0116978],[137.9326723,36.011673],[137.9326975,36.0116517],[137.932688,36.0116266],[137.9326278,36.0114206],[137.9325546,36.0111967]]]]}},{"type":"Feature","properties":{"fid":231,"地目":"田"},"geometry":{"type":"MultiPolygon","coordinates":[[[[137.9331279,36.0116734],[137.9329135,36.0114882],[137.9326975,36.0116517],[137.9327096,36.0116839],[137.9327422,36.0117449],[137.9328077,36.011815],[137.9328601,36.0118796],[137.9328703,36.0118894],[137.9331279,36.0116734]]]]}},{"type":"Feature","properties":{"fid":232,"地目":"畑"},"geometry":{"type":"MultiPolygon","coordinates":[[[[137.9311583,36.0117122],[137.931201,36.0116787],[137.9313246,36.0117612],[137.9313383,36.0118126],[137.9313536,36.0118184],[137.9313944,36.0118339],[137.9314644,36.0118742],[137.9314948,36.0118895],[137.9315579,36.0119108],[137.9315792,36.0118823],[137.9315982,36.0118501],[137.9316007,36.0118272],[137.9314629,36.0117637],[137.9314163,36.0117178],[137.9313791,36.0116872],[137.9313535,36.0116623],[137.9312648,36.0116048],[137.9311995,36.0115683],[137.9311434,36.0115414],[137.9310547,36.0114991],[137.9310196,36.011497],[137.9310015,36.0115115],[137.9310258,36.0115631],[137.9310851,36.0116176],[137.9311583,36.0117122]]]]}},{"type":"Feature","properties":{"fid":233,"地目":"田"},"geometry":{"type":"MultiPolygon","coordinates":[[[[137.933808,36.0115777],[137.9334297,36.0118506],[137.9336036,36.0119971],[137.9339302,36.0117527],[137.9338523,36.0115445],[137.933808,36.0115777]]]]}},{"type":"Feature","properties":{"fid":234,"地目":"畑"},"geometry":{"type":"MultiPolygon","coordinates":[[[[137.9323168,36.0114222],[137.9322173,36.0115761],[137.9322067,36.0115994],[137.9321703,36.0116796],[137.9324016,36.0117549],[137.9324151,36.011718],[137.9324016,36.0116628],[137.9323475,36.0115213],[137.9323261,36.0114442],[137.9323168,36.0114222]]]]}},{"type":"Feature","properties":{"fid":235,"地目":"田"},"geometry":{"type":"MultiPolygon","coordinates":[[[[137.9333816,36.0119053],[137.9331279,36.0116734],[137.9328703,36.0118894],[137.9329126,36.0119299],[137.9329652,36.0119552],[137.9330268,36.0119698],[137.9330881,36.0120041],[137.9331846,36.0120564],[137.9333816,36.0119053]]]]}},{"type":"Feature","properties":{"fid":236,"地目":"畑"},"geometry":{"type":"MultiPolygon","coordinates":[[[[137.9313536,36.0118184],[137.9313214,36.0118868],[137.9313912,36.0119538],[137.9314397,36.0120288],[137.9314653,36.0120673],[137.9315166,36.0121124],[137.9315375,36.0121334],[137.9316112,36.0119891],[137.9316323,36.0119949],[137.9316655,36.011936],[137.9315579,36.0119108],[137.9314948,36.0118895],[137.9314644,36.0118742],[137.9313944,36.0118339],[137.9313536,36.0118184]]]]}},{"type":"Feature","properties":{"fid":237,"地目":"田"},"geometry":{"type":"MultiPolygon","coordinates":[[[[137.9336036,36.0119971],[137.9337642,36.0121448],[137.934014,36.0119537],[137.9339302,36.0117527],[137.9336036,36.0119971]]]]}},{"type":"Feature","properties":{"fid":238,"地目":"田"},"geometry":{"type":"MultiPolygon","coordinates":[[[[137.9333816,36.0119053],[137.9331846,36.0120564],[137.9332655,36.0121011],[137.9333585,36.0121542],[137.9335344,36.0122246],[137.9336377,36.0122968],[137.9337362,36.0122156],[137.9333816,36.0119053]]]]}},{"type":"Feature","properties":{"fid":239,"地目":"畑"},"geometry":{"type":"MultiPolygon","coordinates":[[[[137.9325924,36.0120419],[137.9326217,36.0120504],[137.9327851,36.0121805],[137.9328294,36.0122636],[137.9328381,36.012265],[137.9329228,36.0122668],[137.9329855,36.0122039],[137.9330186,36.0121703],[137.9327003,36.0119412],[137.9325924,36.0120419]]]]}},{"type":"Feature","properties":{"fid":240,"地目":"田"},"geometry":{"type":"MultiPolygon","coordinates":[[[[137.9337642,36.0121448],[137.9339967,36.0123605],[137.9340004,36.0123643],[137.9341706,36.0122506],[137.934014,36.0119537],[137.9337642,36.0121448]]]]}},{"type":"Feature","properties":{"fid":241,"地目":"畑"},"geometry":{"type":"MultiPolygon","coordinates":[[[[137.9313268,36.0121096],[137.9313975,36.0120566],[137.9314183,36.0120423],[137.9313559,36.0119688],[137.93125,36.0120445],[137.9313268,36.0121096]]]]}},{"type":"Feature","properties":{"fid":242,"地目":"畑"},"geometry":{"type":"MultiPolygon","coordinates":[[[[137.9307589,36.0119051],[137.9305861,36.0121365],[137.9307218,36.0121772],[137.9309036,36.0119781],[137.9307589,36.0119051]]]]}},{"type":"Feature","properties":{"fid":243,"地目":"畑"},"geometry":{"type":"MultiPolygon","coordinates":[[[[137.9334035,36.0123863],[137.9334321,36.0123843],[137.933461,36.0123233],[137.9334326,36.0123063],[137.9330756,36.0121655],[137.9330104,36.01222],[137.9331396,36.0122923],[137.9333052,36.0123437],[137.9334035,36.0123863]]]]}},{"type":"Feature","properties":{"fid":244,"地目":"畑"},"geometry":{"type":"MultiPolygon","coordinates":[[[[137.9317809,36.0125058],[137.9319269,36.0124018],[137.9319014,36.012375],[137.9317123,36.0122751],[137.9315606,36.0121869],[137.9314906,36.0122681],[137.9315037,36.0122799],[137.9316131,36.0123794],[137.9316807,36.0124349],[137.9317809,36.0125058]]]]}},{"type":"Feature","properties":{"fid":245,"地目":"畑"},"geometry":{"type":"MultiPolygon","coordinates":[[[[137.9314906,36.0122681],[137.9315606,36.0121869],[137.9314209,36.0120662],[137.9313407,36.0121325],[137.9314906,36.0122681]]]]}},{"type":"Feature","properties":{"fid":246,"地目":"畑"},"geometry":{"type":"MultiPolygon","coordinates":[[[[137.9312984,36.0121571],[137.9311354,36.0120135],[137.9310478,36.0121292],[137.9310126,36.0121443],[137.930996,36.0121728],[137.9309911,36.0122013],[137.9309439,36.0122468],[137.9310606,36.0123063],[137.9310913,36.0122722],[137.9311288,36.01228],[137.9312984,36.0121571]]]]}},{"type":"Feature","properties":{"fid":247,"地目":"田"},"geometry":{"type":"MultiPolygon","coordinates":[[[[137.9340061,36.0123689],[137.9342111,36.0125445],[137.9343515,36.0126395],[137.9343871,36.0125943],[137.9343128,36.0125127],[137.9342516,36.0124265],[137.9341739,36.0122577],[137.9340061,36.0123689]]]]}},{"type":"Feature","properties":{"fid":248,"地目":"畑"},"geometry":{"type":"MultiPolygon","coordinates":[[[[137.9322398,36.0124941],[137.9325791,36.0127128],[137.9326999,36.0125984],[137.9326475,36.012555],[137.932638,36.0124355],[137.9326212,36.0123638],[137.9325541,36.0123185],[137.932499,36.0122789],[137.9324112,36.0122195],[137.932305,36.0123489],[137.9322263,36.0124448],[137.9322417,36.0124631],[137.9322398,36.0124941]]]]}},{"type":"Feature","properties":{"fid":249,"地目":"畑"},"geometry":{"type":"MultiPolygon","coordinates":[[[[137.9333587,36.0124936],[137.9334035,36.0123863],[137.9333052,36.0123437],[137.9331396,36.0122923],[137.9330619,36.0123851],[137.9331516,36.0124209],[137.9332241,36.0124466],[137.9333587,36.0124936]]]]}},{"type":"Feature","properties":{"fid":250,"地目":"田"},"geometry":{"type":"MultiPolygon","coordinates":[[[[137.9336377,36.0122968],[137.9337795,36.0124091],[137.9338878,36.0125108],[137.9339652,36.0125681],[137.9340272,36.0126084],[137.934097,36.0126425],[137.9341518,36.0125985],[137.9337549,36.012232],[137.9337362,36.0122156],[137.9336377,36.0122968]]]]}},{"type":"Feature","properties":{"fid":251,"地目":"畑"},"geometry":{"type":"MultiPolygon","coordinates":[[[[137.9330009,36.0124582],[137.933055,36.012509],[137.9331532,36.0125601],[137.9332179,36.0125857],[137.9333111,36.0126072],[137.9333587,36.0124936],[137.9332241,36.0124466],[137.9331516,36.0124209],[137.9330619,36.0123851],[137.9330009,36.0124582]]]]}},{"type":"Feature","properties":{"fid":252,"地目":"畑"},"geometry":{"type":"MultiPolygon","coordinates":[[[[137.9320378,36.0126772],[137.9320447,36.0126744],[137.9322017,36.0124883],[137.9320277,36.0123961],[137.9318609,36.0125063],[137.9318452,36.0125245],[137.9318452,36.0125301],[137.9318451,36.0125442],[137.9318674,36.0125625],[137.9319345,36.0126092],[137.9320378,36.0126772]]]]}},{"type":"Feature","properties":{"fid":253,"地目":"畑"},"geometry":{"type":"MultiPolygon","coordinates":[[[[137.942267,36.0167155],[137.9422426,36.0167901],[137.9423922,36.0168296],[137.9424322,36.0167149],[137.9422842,36.0166782],[137.942267,36.0167155]]]]}},{"type":"Feature","properties":{"fid":254,"地目":"畑"},"geometry":{"type":"MultiPolygon","coordinates":[[[[137.942491,36.0169132],[137.9425482,36.0169286],[137.9426111,36.0169455],[137.9427184,36.0169501],[137.9427173,36.0169197],[137.942717,36.01691],[137.9427222,36.0168865],[137.9426763,36.0168807],[137.9425215,36.0168454],[137.9424853,36.0169117],[137.942491,36.0169132]]]]}},{"type":"Feature","properties":{"fid":255,"地目":"畑"},"geometry":{"type":"MultiPolygon","coordinates":[[[[137.9428169,36.0169921],[137.9428355,36.0170046],[137.9428662,36.0170103],[137.9429105,36.0170036],[137.9429735,36.0170011],[137.9429874,36.0169707],[137.9429961,36.0169431],[137.9429672,36.0169277],[137.9429846,36.0168835],[137.9429301,36.0168791],[137.9428943,36.0168873],[137.9428499,36.016905],[137.942843,36.0169119],[137.942836,36.0169382],[137.9428169,36.0169921]]]]}},{"type":"Feature","properties":{"fid":256,"地目":"畑"},"geometry":{"type":"MultiPolygon","coordinates":[[[[137.9427173,36.0169197],[137.9427184,36.0169501],[137.94272,36.0169626],[137.9426927,36.0169735],[137.9426908,36.0169998],[137.9427248,36.0170083],[137.942752,36.0170153],[137.9428031,36.0170183],[137.9428169,36.0169921],[137.942836,36.0169382],[137.9427173,36.0169197]]]]}},{"type":"Feature","properties":{"fid":257,"地目":"畑"},"geometry":{"type":"MultiPolygon","coordinates":[[[[137.9405476,36.016251],[137.9405391,36.0162662],[137.940566,36.016272],[137.9406953,36.0160278],[137.9405075,36.0160116],[137.9405115,36.0160439],[137.9404987,36.0160828],[137.9404838,36.0161167],[137.940586,36.0161358],[137.9405476,36.016251]]]]}},{"type":"Feature","properties":{"fid":258,"地目":"田"},"geometry":{"type":"MultiPolygon","coordinates":[[[[137.9419047,36.0161881],[137.9419983,36.0162471],[137.9421137,36.0163112],[137.9422104,36.0163418],[137.9422562,36.0163589],[137.9423762,36.0159168],[137.9421262,36.015866],[137.9420668,36.0158505],[137.9420106,36.0158349],[137.9419205,36.0161729],[137.9419047,36.0161881]]]]}},{"type":"Feature","properties":{"fid":259,"地目":"畑"},"geometry":{"type":"MultiPolygon","coordinates":[[[[137.9407548,36.016179],[137.9408946,36.0161949],[137.9409226,36.0160661],[137.9407767,36.0160383],[137.9407548,36.016179]]]]}},{"type":"Feature","properties":{"fid":260,"地目":"畑"},"geometry":{"type":"MultiPolygon","coordinates":[[[[137.9378965,36.0158825],[137.9377773,36.0160786],[137.9377814,36.0161219],[137.9377812,36.0161508],[137.9377809,36.0161941],[137.937794,36.0162194],[137.9378159,36.0162628],[137.9378289,36.0163133],[137.9379396,36.016359],[137.9381617,36.0160335],[137.9378965,36.0158825]]]]}},{"type":"Feature","properties":{"fid":261,"地目":"畑"},"geometry":{"type":"MultiPolygon","coordinates":[[[[137.94004,36.0162825],[137.9400572,36.0162131],[137.9400576,36.0161503],[137.9400558,36.016113],[137.9399013,36.0161174],[137.939778,36.0161219],[137.9397819,36.016166],[137.9397878,36.0162118],[137.9398418,36.0162596],[137.94004,36.0162825]]]]}},{"type":"Feature","properties":{"fid":262,"地目":"田"},"geometry":{"type":"MultiPolygon","coordinates":[[[[137.9423846,36.0159168],[137.9422708,36.0163573],[137.942427,36.0164089],[137.9426104,36.0164641],[137.9427411,36.0159846],[137.9423846,36.0159168]]]]}},{"type":"Feature","properties":{"fid":263,"地目":"畑"},"geometry":{"type":"MultiPolygon","coordinates":[[[[137.9406953,36.0160278],[137.940566,36.016272],[137.9406767,36.0162957],[137.9407309,36.0163095],[137.9407548,36.016179],[137.9407767,36.0160383],[137.9406953,36.0160278]]]]}},{"type":"Feature","properties":{"fid":264,"地目":"田"},"geometry":{"type":"MultiPolygon","coordinates":[[[[137.9426104,36.0164641],[137.9429104,36.0165655],[137.9429583,36.0165725],[137.943104,36.016044],[137.9427411,36.0159846],[137.9426104,36.0164641]]]]}},{"type":"Feature","properties":{"fid":265,"地目":"畑"},"geometry":{"type":"MultiPolygon","coordinates":[[[[137.9415424,36.0162014],[137.9414941,36.016232],[137.9414344,36.0162597],[137.9413842,36.0162824],[137.9413863,36.01643],[137.9415491,36.0164282],[137.9415424,36.0162014]]]]}},{"type":"Feature","properties":{"fid":266,"地目":"田"},"geometry":{"type":"MultiPolygon","coordinates":[[[[137.9386723,36.0148157],[137.9390065,36.0149167],[137.9392487,36.0143049],[137.9389019,36.0142231],[137.9386723,36.0148157]]]]}},{"type":"Feature","properties":{"fid":267,"地目":"田"},"geometry":{"type":"MultiPolygon","coordinates":[[[[137.9429583,36.0165725],[137.9430625,36.0166053],[137.9431709,36.0166346],[137.9432688,36.0166605],[137.9433126,36.0166692],[137.9433919,36.016678],[137.9434962,36.0166853],[137.9435234,36.0166837],[137.9436629,36.01615],[137.943496,36.0161187],[137.9432271,36.0160649],[137.943104,36.016044],[137.9429583,36.0165725]]]]}},{"type":"Feature","properties":{"fid":268,"地目":"田"},"geometry":{"type":"MultiPolygon","coordinates":[[[[137.9435234,36.0166837],[137.9437263,36.0166688],[137.9437885,36.0166667],[137.9439331,36.0162019],[137.9436629,36.01615],[137.9435234,36.0166837]]]]}},{"type":"Feature","properties":{"fid":269,"地目":"畑"},"geometry":{"type":"MultiPolygon","coordinates":[[[[137.9407119,36.0163349],[137.9406014,36.0163123],[137.9405781,36.0163699],[137.9405671,36.0164462],[137.9405438,36.0164969],[137.9406356,36.0165058],[137.9407119,36.0163349]]]]}},{"type":"Feature","properties":{"fid":270,"地目":"田"},"geometry":{"type":"MultiPolygon","coordinates":[[[[137.9437885,36.0166667],[137.9439098,36.0166648],[137.9440253,36.0166557],[137.9440579,36.0166391],[137.9441507,36.0162592],[137.9441466,36.0162388],[137.9439527,36.0162057],[137.9439331,36.0162019],[137.9437885,36.0166667]]]]}},{"type":"Feature","properties":{"fid":271,"地目":"畑"},"geometry":{"type":"MultiPolygon","coordinates":[[[[137.9425336,36.0167402],[137.9425555,36.0166025],[137.9424513,36.0165829],[137.9424399,36.0167143],[137.9425336,36.0167402]]]]}},{"type":"Feature","properties":{"fid":272,"地目":"田"},"geometry":{"type":"MultiPolygon","coordinates":[[[[137.9386723,36.0148157],[137.9389019,36.0142231],[137.9386958,36.0141759],[137.938479,36.0147532],[137.9386723,36.0148157]]]]}},{"type":"Feature","properties":{"fid":273,"地目":"畑"},"geometry":{"type":"MultiPolygon","coordinates":[[[[137.9344503,36.0142733],[137.934274,36.0144848],[137.934335,36.0145151],[137.9342974,36.0145801],[137.9345057,36.0147273],[137.9347481,36.01449],[137.9347269,36.0144347],[137.9347307,36.0143955],[137.9347096,36.0143401],[137.9346654,36.0142583],[137.9345586,36.0141603],[137.9344761,36.0142465],[137.9344503,36.0142733]]]]}},{"type":"Feature","properties":{"fid":274,"地目":"畑"},"geometry":{"type":"MultiPolygon","coordinates":[[[[137.9363012,36.0145545],[137.9363221,36.0145837],[137.9363408,36.0146215],[137.936368,36.014649],[137.9364708,36.0146974],[137.9366325,36.0144654],[137.9365885,36.014431],[137.9365551,36.0143966],[137.9365574,36.0143658],[137.9364356,36.0143105],[137.9363716,36.0144317],[137.9363012,36.0145545]]]]}},{"type":"Feature","properties":{"fid":275,"地目":"畑"},"geometry":{"type":"MultiPolygon","coordinates":[[[[137.9350819,36.0144705],[137.9350282,36.01445],[137.9350144,36.0144674],[137.934952,36.0144353],[137.9350052,36.0143799],[137.9349231,36.0143668],[137.9348663,36.0143777],[137.934813,36.0144378],[137.934772,36.0144313],[137.9347835,36.0144711],[137.9348048,36.0144934],[137.9349489,36.0145959],[137.9350819,36.0144705]]]]}},{"type":"Feature","properties":{"fid":276,"地目":"田"},"geometry":{"type":"MultiPolygon","coordinates":[[[[137.9378716,36.0145844],[137.9378905,36.0145948],[137.9381317,36.0146576],[137.9381905,36.0144962],[137.9379276,36.0144187],[137.9378716,36.0145844]]]]}},{"type":"Feature","properties":{"fid":277,"地目":"田"},"geometry":{"type":"MultiPolygon","coordinates":[[[[137.9541545,36.0159716],[137.954151,36.0158306],[137.9541906,36.015831],[137.9541922,36.0157284],[137.9541438,36.0157299],[137.9540909,36.0157422],[137.9540556,36.0157546],[137.9540649,36.0159979],[137.9541548,36.0159774],[137.9541545,36.0159716]]]]}},{"type":"Feature","properties":{"fid":278,"地目":"畑"},"geometry":{"type":"MultiPolygon","coordinates":[[[[137.9460236,36.0173799],[137.9459791,36.0174437],[137.9459649,36.0174814],[137.9460155,36.0175401],[137.9460548,36.0175629],[137.9460733,36.0175724],[137.9461601,36.0174352],[137.9460236,36.0173799]]]]}},{"type":"Feature","properties":{"fid":279,"地目":"畑"},"geometry":{"type":"MultiPolygon","coordinates":[[[[137.9460733,36.0175724],[137.946147,36.0176481],[137.9461863,36.0176822],[137.9463274,36.0174662],[137.9461696,36.0174145],[137.9461601,36.0174352],[137.9460733,36.0175724]]]]}},{"type":"Feature","properties":{"fid":280,"地目":"畑"},"geometry":{"type":"MultiPolygon","coordinates":[[[[137.9473889,36.0175822],[137.9475604,36.0175916],[137.9475634,36.0175114],[137.9473917,36.0175125],[137.9473889,36.0175822]]]]}},{"type":"Feature","properties":{"fid":281,"地目":"畑"},"geometry":{"type":"MultiPolygon","coordinates":[[[[137.9540303,36.0147121],[137.9541683,36.0146558],[137.954137,36.0145307],[137.9541018,36.0145441],[137.9540697,36.0145638],[137.9540329,36.0145921],[137.9539881,36.0146363],[137.9540304,36.014696],[137.9540303,36.0147121]]]]}},{"type":"Feature","properties":{"fid":282,"地目":"畑"},"geometry":{"type":"MultiPolygon","coordinates":[[[[137.953782,36.01484],[137.9537903,36.014815],[137.9538181,36.0147631],[137.9538595,36.0147175],[137.9538934,36.0146718],[137.9539316,36.0146509],[137.9538699,36.0145442],[137.9538526,36.0145267],[137.9537845,36.0145463],[137.9537111,36.0145806],[137.9537393,36.0146922],[137.9537511,36.0147504],[137.953782,36.01484]]]]}},{"type":"Feature","properties":{"fid":283,"地目":"畑"},"geometry":{"type":"MultiPolygon","coordinates":[[[[137.9544219,36.0147635],[137.9545325,36.014765],[137.9546102,36.0147653],[137.9547542,36.0147697],[137.9547497,36.0147567],[137.9547591,36.0147214],[137.9547639,36.0146899],[137.9546727,36.0146579],[137.9545996,36.0146408],[137.9545631,36.014637],[137.9545082,36.0146404],[137.9543891,36.0146519],[137.9544219,36.0147635]]]]}},{"type":"Feature","properties":{"fid":284,"地目":"畑"},"geometry":{"type":"MultiPolygon","coordinates":[[[[137.9543548,36.0147706],[137.9544096,36.0147696],[137.9544219,36.0147635],[137.9543891,36.0146519],[137.9543219,36.0146702],[137.9543548,36.0147706]]]]}},{"type":"Feature","properties":{"fid":285,"地目":"畑"},"geometry":{"type":"MultiPolygon","coordinates":[[[[137.9532476,36.0148038],[137.9532887,36.0148151],[137.9534076,36.0148045],[137.9533987,36.0147766],[137.9533829,36.0147487],[137.9533535,36.0147003],[137.9532668,36.0146813],[137.9532733,36.0147278],[137.9532476,36.0148038]]]]}},{"type":"Feature","properties":{"fid":286,"地目":"畑"},"geometry":{"type":"MultiPolygon","coordinates":[[[[137.9534947,36.0147989],[137.953641,36.0147683],[137.9537511,36.0147504],[137.9537393,36.0146922],[137.9536552,36.0146997],[137.9534821,36.0147344],[137.9534947,36.0147989]]]]}},{"type":"Feature","properties":{"fid":287,"地目":"畑"},"geometry":{"type":"MultiPolygon","coordinates":[[[[137.9538083,36.0148485],[137.9539048,36.0147845],[137.9540303,36.0147121],[137.9540304,36.014696],[137.9539881,36.0146363],[137.9539423,36.0146559],[137.9539086,36.0146768],[137.9538656,36.0147286],[137.9538394,36.014762],[137.9538116,36.0148113],[137.9538069,36.0148324],[137.9538083,36.0148485]]]]}},{"type":"Feature","properties":{"fid":288,"地目":"畑"},"geometry":{"type":"MultiPolygon","coordinates":[[[[137.9541425,36.014834],[137.9541529,36.0148311],[137.9541898,36.0148206],[137.9542086,36.0148148],[137.9542647,36.0147974],[137.9543548,36.0147706],[137.9543219,36.0146702],[137.9542426,36.0146772],[137.9541449,36.0147028],[137.9540945,36.0147149],[137.9540594,36.0147309],[137.9541425,36.014834]]]]}},{"type":"Feature","properties":{"fid":289,"地目":"畑"},"geometry":{"type":"MultiPolygon","coordinates":[[[[137.9547975,36.0147903],[137.954866,36.0148018],[137.9549183,36.0148429],[137.9549455,36.0148708],[137.95499,36.0148956],[137.9549935,36.0148785],[137.9550075,36.0148377],[137.9550239,36.0147709],[137.9550241,36.0147412],[137.9549556,36.0147353],[137.954903,36.0147351],[137.9548619,36.0147275],[137.9547981,36.0147086],[137.954798,36.0147197],[137.9547977,36.014755],[137.9547975,36.0147903]]]]}},{"type":"Feature","properties":{"fid":290,"地目":"畑"},"geometry":{"type":"MultiPolygon","coordinates":[[[[137.9466264,36.0155595],[137.9464523,36.0155933],[137.9464289,36.0156447],[137.946417,36.0157054],[137.9466011,36.015725],[137.9466264,36.0155595]]]]}},{"type":"Feature","properties":{"fid":291,"地目":"田"},"geometry":{"type":"MultiPolygon","coordinates":[[[[137.9537422,36.0157266],[137.9537472,36.015647],[137.9537472,36.0156379],[137.9536022,36.0156499],[137.9536082,36.0157604],[137.9537422,36.0157266]]]]}},{"type":"Feature","properties":{"fid":292,"地目":"田"},"geometry":{"type":"MultiPolygon","coordinates":[[[[137.9509849,36.015703],[137.9509944,36.015603],[137.9506963,36.0155906],[137.9506788,36.0157641],[137.9509743,36.0157656],[137.9509849,36.015703]]]]}},{"type":"Feature","properties":{"fid":293,"地目":"畑"},"geometry":{"type":"MultiPolygon","coordinates":[[[[137.9469581,36.0157219],[137.9469744,36.0156188],[137.9469753,36.015494],[137.9466264,36.0155595],[137.9466011,36.015725],[137.9469581,36.0157219]]]]}},{"type":"Feature","properties":{"fid":294,"地目":"田"},"geometry":{"type":"MultiPolygon","coordinates":[[[[137.9510095,36.0154425],[137.9509944,36.015603],[137.9509849,36.015703],[137.9515907,36.0158312],[137.9516162,36.0158005],[137.951619,36.0157595],[137.9516041,36.0157266],[137.9515815,36.0157059],[137.9515438,36.0156811],[137.9515009,36.0156604],[137.951448,36.0156355],[137.951385,36.0156085],[137.9513296,36.0155774],[137.9512541,36.015534],[137.9512012,36.0155091],[137.9510095,36.0154425]]]]}},{"type":"Feature","properties":{"fid":295,"地目":"畑"},"geometry":{"type":"MultiPolygon","coordinates":[[[[137.9524737,36.0157223],[137.9524337,36.0156667],[137.9523783,36.0156233],[137.9522978,36.0155695],[137.9523101,36.0156148],[137.9522945,36.0156907],[137.9522887,36.0157892],[137.9524737,36.0157223]]]]}},{"type":"Feature","properties":{"fid":296,"地目":"田"},"geometry":{"type":"MultiPolygon","coordinates":[[[[137.9538991,36.0157838],[137.9535031,36.0158708],[137.953528,36.0160904],[137.9539043,36.0160185],[137.9538991,36.0157838]]]]}},{"type":"Feature","properties":{"fid":297,"地目":"田"},"geometry":{"type":"MultiPolygon","coordinates":[[[[137.9511425,36.0157821],[137.9506777,36.0157745],[137.9506763,36.0158371],[137.951156,36.0160204],[137.9511425,36.0157821]]]]}},{"type":"Feature","properties":{"fid":298,"地目":"田"},"geometry":{"type":"MultiPolygon","coordinates":[[[[137.9547801,36.0159939],[137.9547674,36.0157554],[137.9545749,36.0157427],[137.9545842,36.0159715],[137.9547801,36.0159939]]]]}},{"type":"Feature","properties":{"fid":299,"地目":"田"},"geometry":{"type":"MultiPolygon","coordinates":[[[[137.9516693,36.0160043],[137.9518514,36.0159866],[137.9518248,36.015816],[137.9518071,36.0158139],[137.9517592,36.0158034],[137.9517189,36.0157786],[137.9516836,36.0157681],[137.9516172,36.0158685],[137.9516693,36.0160043]]]]}},{"type":"Feature","properties":{"fid":300,"地目":"田"},"geometry":{"type":"MultiPolygon","coordinates":[[[[137.9547801,36.0159939],[137.9549747,36.0160099],[137.9549619,36.0158368],[137.9549574,36.0157901],[137.9549551,36.0157826],[137.9549091,36.0157649],[137.9548528,36.0157558],[137.9547674,36.0157554],[137.9547801,36.0159939]]]]}},{"type":"Feature","properties":{"fid":301,"地目":"田"},"geometry":{"type":"MultiPolygon","coordinates":[[[[137.9539866,36.0160062],[137.9539736,36.0158044],[137.9539592,36.0157848],[137.9539135,36.0157806],[137.9538991,36.0157838],[137.9539043,36.0160185],[137.9539191,36.0160157],[137.9539866,36.0160062]]]]}},{"type":"Feature","properties":{"fid":302,"地目":"畑"},"geometry":{"type":"MultiPolygon","coordinates":[[[[137.9535031,36.0158708],[137.9534355,36.0158823],[137.9534605,36.0160939],[137.953528,36.0160904],[137.9535031,36.0158708]]]]}},{"type":"Feature","properties":{"fid":303,"地目":"田"},"geometry":{"type":"MultiPolygon","coordinates":[[[[137.9440596,36.0161488],[137.9443985,36.0162109],[137.9444288,36.0162133],[137.9445622,36.0156696],[137.9444247,36.0156197],[137.944211,36.0155541],[137.9440596,36.0161488]]]]}},{"type":"Feature","properties":{"fid":304,"地目":"田"},"geometry":{"type":"MultiPolygon","coordinates":[[[[137.9513677,36.0161179],[137.9513934,36.0160605],[137.9514015,36.0159804],[137.951604,36.0159382],[137.9515843,36.0158724],[137.9511425,36.0157821],[137.951156,36.0160204],[137.9513677,36.0161179]]]]}},{"type":"Feature","properties":{"fid":305,"地目":"畑"},"geometry":{"type":"MultiPolygon","coordinates":[[[[137.9520973,36.0161274],[137.9523234,36.0160976],[137.9522534,36.0159884],[137.9521855,36.0159245],[137.9521077,36.0158563],[137.952019,36.0158785],[137.9520688,36.0159855],[137.9520851,36.0160668],[137.9520973,36.0161274]]]]}},{"type":"Feature","properties":{"fid":306,"地目":"田"},"geometry":{"type":"MultiPolygon","coordinates":[[[[137.9444288,36.0162133],[137.9448018,36.0162824],[137.9449366,36.0157542],[137.9445622,36.0156696],[137.9444288,36.0162133]]]]}},{"type":"Feature","properties":{"fid":307,"地目":"畑"},"geometry":{"type":"MultiPolygon","coordinates":[[[[137.9519931,36.0161411],[137.9520973,36.0161274],[137.9520851,36.0160668],[137.9519706,36.0160821],[137.9519745,36.0161042],[137.9519931,36.0161411]]]]}},{"type":"Feature","properties":{"fid":308,"地目":"田"},"geometry":{"type":"MultiPolygon","coordinates":[[[[137.9502424,36.0157553],[137.9502567,36.0153593],[137.9500994,36.0153554],[137.9500775,36.0157389],[137.9502424,36.0157553]]]]}},{"type":"Feature","properties":{"fid":309,"地目":"田"},"geometry":{"type":"MultiPolygon","coordinates":[[[[137.9450083,36.0163165],[137.9450249,36.0163193],[137.945259,36.0163629],[137.9452723,36.0163661],[137.9453904,36.015846],[137.9451459,36.015791],[137.9450083,36.0163165]]]]}},{"type":"Feature","properties":{"fid":310,"地目":"田"},"geometry":{"type":"MultiPolygon","coordinates":[[[[137.9546994,36.0159905],[137.9546724,36.0162814],[137.954765,36.0162687],[137.9547787,36.0160003],[137.9546994,36.0159905]]]]}},{"type":"Feature","properties":{"fid":311,"地目":"畑"},"geometry":{"type":"MultiPolygon","coordinates":[[[[137.9528046,36.0161639],[137.9529232,36.0161578],[137.9529157,36.0160647],[137.9528816,36.0159749],[137.952814,36.0159879],[137.9527565,36.0160242],[137.9527949,36.0160858],[137.9528046,36.0161639]]]]}},{"type":"Feature","properties":{"fid":312,"地目":"田"},"geometry":{"type":"MultiPolygon","coordinates":[[[[137.9448018,36.0162824],[137.9450083,36.0163165],[137.9451459,36.015791],[137.9449366,36.0157542],[137.9448018,36.0162824]]]]}},{"type":"Feature","properties":{"fid":313,"地目":"田"},"geometry":{"type":"MultiPolygon","coordinates":[[[[137.9517212,36.0161791],[137.9519615,36.0161493],[137.9519223,36.0159705],[137.9518514,36.0159866],[137.9516693,36.0160043],[137.9517212,36.0161791]]]]}},{"type":"Feature","properties":{"fid":314,"地目":"田"},"geometry":{"type":"MultiPolygon","coordinates":[[[[137.9547787,36.0160003],[137.954765,36.0162687],[137.9548326,36.0162511],[137.9548713,36.0161821],[137.9549065,36.0161527],[137.9549722,36.016122],[137.9550598,36.0161033],[137.9550835,36.016076],[137.9551013,36.0160534],[137.9551118,36.0160274],[137.9547787,36.0160003]]]]}},{"type":"Feature","properties":{"fid":315,"地目":"畑"},"geometry":{"type":"MultiPolygon","coordinates":[[[[137.9523122,36.0152044],[137.9522155,36.0153061],[137.9523378,36.0153844],[137.9524441,36.0152901],[137.9523547,36.0152319],[137.9523122,36.0152044]]]]}},{"type":"Feature","properties":{"fid":316,"地目":"田"},"geometry":{"type":"MultiPolygon","coordinates":[[[[137.9520656,36.0153169],[137.9520937,36.0153218],[137.9521294,36.0153467],[137.9522341,36.0154821],[137.9522531,36.0154696],[137.9522771,36.0154382],[137.9523378,36.0153844],[137.9522155,36.0153061],[137.9523122,36.0152044],[137.9522029,36.0151204],[137.9521945,36.0151372],[137.9521831,36.0151598],[137.9520656,36.0153169]]]]}},{"type":"Feature","properties":{"fid":317,"地目":"畑"},"geometry":{"type":"MultiPolygon","coordinates":[[[[137.9525473,36.0153326],[137.9525961,36.0153879],[137.9526635,36.0153363],[137.9525418,36.0152499],[137.9525148,36.0152649],[137.9525126,36.0152851],[137.9525208,36.0153003],[137.9525473,36.0153326]]]]}},{"type":"Feature","properties":{"fid":318,"地目":"畑"},"geometry":{"type":"MultiPolygon","coordinates":[[[[137.9538987,36.0154239],[137.9540055,36.0154243],[137.9539926,36.0153279],[137.9539753,36.0152808],[137.9539539,36.0152919],[137.9539164,36.0153248],[137.9539009,36.0153578],[137.9538973,36.0153853],[137.9538987,36.0154239]]]]}},{"type":"Feature","properties":{"fid":319,"地目":"畑"},"geometry":{"type":"MultiPolygon","coordinates":[[[[137.9526372,36.0154346],[137.9527674,36.0153608],[137.9527098,36.0153067],[137.9526635,36.0153363],[137.9525961,36.0153879],[137.9526372,36.0154346]]]]}},{"type":"Feature","properties":{"fid":320,"地目":"畑"},"geometry":{"type":"MultiPolygon","coordinates":[[[[137.9545851,36.0154328],[137.9545856,36.0153558],[137.9545814,36.0153056],[137.9545749,36.0152799],[137.9545702,36.015261],[137.9545453,36.015233],[137.9544308,36.0152604],[137.9543157,36.0153824],[137.9543358,36.0154494],[137.9545645,36.0154318],[137.9545851,36.0154328]]]]}},{"type":"Feature","properties":{"fid":321,"地目":"畑"},"geometry":{"type":"MultiPolygon","coordinates":[[[[137.9548205,36.0154348],[137.9548253,36.0153922],[137.954819,36.0153253],[137.9547275,36.0153286],[137.9547234,36.0152617],[137.9545749,36.0152799],[137.9545814,36.0153056],[137.9545856,36.0153558],[137.9545851,36.0154328],[137.954729,36.01544],[137.9548205,36.0154348]]]]}},{"type":"Feature","properties":{"fid":322,"地目":"田"},"geometry":{"type":"MultiPolygon","coordinates":[[[[137.9525473,36.0153326],[137.9525208,36.0153003],[137.952498,36.0152956],[137.9524721,36.0152902],[137.9524441,36.0152901],[137.9523378,36.0153844],[137.9522771,36.0154382],[137.9522531,36.0154696],[137.9522341,36.0154821],[137.9522615,36.0155149],[137.9523035,36.015523],[137.9523586,36.0155101],[137.9524234,36.0154946],[137.9524978,36.015495],[137.9526372,36.0154346],[137.9525961,36.0153879],[137.9525473,36.0153326]]]]}},{"type":"Feature","properties":{"fid":323,"地目":"畑"},"geometry":{"type":"MultiPolygon","coordinates":[[[[137.9512012,36.0154988],[137.9511966,36.0154433],[137.9511359,36.0154369],[137.9511338,36.0153814],[137.9509315,36.0153887],[137.9508961,36.0153927],[137.9509516,36.0154073],[137.9510525,36.0154365],[137.9512012,36.0154988]]]]}},{"type":"Feature","properties":{"fid":324,"地目":"田"},"geometry":{"type":"MultiPolygon","coordinates":[[[[137.9486728,36.0156951],[137.9486813,36.0152742],[137.9486199,36.0152708],[137.9485854,36.0152582],[137.9484626,36.0152451],[137.9484741,36.0152545],[137.9484557,36.0156911],[137.9486728,36.0156951]]]]}},{"type":"Feature","properties":{"fid":325,"地目":"田"},"geometry":{"type":"MultiPolygon","coordinates":[[[[137.9486728,36.0156951],[137.9489356,36.0156871],[137.9489651,36.0153036],[137.9486813,36.0152742],[137.9486728,36.0156951]]]]}},{"type":"Feature","properties":{"fid":326,"地目":"田"},"geometry":{"type":"MultiPolygon","coordinates":[[[[137.9481716,36.015696],[137.9483137,36.0156904],[137.9483441,36.015237],[137.9481572,36.0152245],[137.9481825,36.0152283],[137.9481716,36.015696]]]]}},{"type":"Feature","properties":{"fid":327,"地目":"田"},"geometry":{"type":"MultiPolygon","coordinates":[[[[137.9476718,36.015254],[137.9476725,36.0157],[137.9481716,36.015696],[137.9481825,36.0152283],[137.9481572,36.0152245],[137.9480521,36.0152089],[137.9478564,36.015208],[137.9476718,36.015254]]]]}},{"type":"Feature","properties":{"fid":328,"地目":"田"},"geometry":{"type":"MultiPolygon","coordinates":[[[[137.9483137,36.0156904],[137.9484557,36.0156911],[137.9484741,36.0152545],[137.9484626,36.0152451],[137.9483667,36.0152385],[137.9483441,36.015237],[137.9483137,36.0156904]]]]}},{"type":"Feature","properties":{"fid":329,"地目":"田"},"geometry":{"type":"MultiPolygon","coordinates":[[[[137.9491219,36.0156971],[137.9494367,36.0157017],[137.949466,36.0153463],[137.9491914,36.0153389],[137.9491678,36.0153352],[137.9491219,36.0156971]]]]}},{"type":"Feature","properties":{"fid":330,"地目":"田"},"geometry":{"type":"MultiPolygon","coordinates":[[[[137.9496516,36.015712],[137.9498895,36.0157194],[137.9499305,36.0153453],[137.9496924,36.0153567],[137.9496516,36.015712]]]]}},{"type":"Feature","properties":{"fid":331,"地目":"田"},"geometry":{"type":"MultiPolygon","coordinates":[[[[137.9494367,36.0157017],[137.9496516,36.015712],[137.9496924,36.0153567],[137.949466,36.0153463],[137.9494367,36.0157017]]]]}},{"type":"Feature","properties":{"fid":332,"地目":"田"},"geometry":{"type":"MultiPolygon","coordinates":[[[[137.9510095,36.0154425],[137.9509389,36.0154175],[137.9508556,36.0154028],[137.9507494,36.0154002],[137.9507159,36.0153974],[137.9506963,36.0155906],[137.9509944,36.015603],[137.9510095,36.0154425]]]]}},{"type":"Feature","properties":{"fid":333,"地目":"田"},"geometry":{"type":"MultiPolygon","coordinates":[[[[137.9489356,36.0156871],[137.9491219,36.0156971],[137.9491678,36.0153352],[137.9489651,36.0153036],[137.9489356,36.0156871]]]]}},{"type":"Feature","properties":{"fid":334,"地目":"田"},"geometry":{"type":"MultiPolygon","coordinates":[[[[137.9475036,36.0156992],[137.9476725,36.0157],[137.9476718,36.015254],[137.9475639,36.0153065],[137.9475062,36.0153343],[137.9475036,36.0156992]]]]}},{"type":"Feature","properties":{"fid":335,"地目":"畑"},"geometry":{"type":"MultiPolygon","coordinates":[[[[137.9533029,36.0155356],[137.9533125,36.0155994],[137.9534732,36.0155717],[137.9534983,36.0155677],[137.9534937,36.0155093],[137.9534787,36.0155078],[137.9534284,36.0155158],[137.9533029,36.0155356]]]]}},{"type":"Feature","properties":{"fid":336,"地目":"田"},"geometry":{"type":"MultiPolygon","coordinates":[[[[137.9500775,36.0157389],[137.9500994,36.0153554],[137.9499305,36.0153453],[137.9498895,36.0157194],[137.9500161,36.0157293],[137.9500775,36.0157389]]]]}},{"type":"Feature","properties":{"fid":337,"地目":"田"},"geometry":{"type":"MultiPolygon","coordinates":[[[[137.9473669,36.0154014],[137.9473539,36.0156954],[137.9475036,36.0156992],[137.9475062,36.0153343],[137.9473868,36.015393],[137.9473669,36.0154014]]]]}},{"type":"Feature","properties":{"fid":338,"地目":"田"},"geometry":{"type":"MultiPolygon","coordinates":[[[[137.9503869,36.0157561],[137.9503882,36.0157354],[137.9504102,36.0153756],[137.9502567,36.0153593],[137.9502424,36.0157553],[137.9503869,36.0157561]]]]}},{"type":"Feature","properties":{"fid":339,"地目":"田"},"geometry":{"type":"MultiPolygon","coordinates":[[[[137.9503882,36.0157354],[137.9505665,36.0157885],[137.9506241,36.0158146],[137.9506589,36.0158304],[137.950665,36.0157743],[137.9506628,36.0157603],[137.9506801,36.0155864],[137.9506953,36.0153957],[137.9506442,36.0153985],[137.9504868,36.0153884],[137.9504102,36.0153756],[137.9503882,36.0157354]]]]}},{"type":"Feature","properties":{"fid":340,"地目":"田"},"geometry":{"type":"MultiPolygon","coordinates":[[[[137.9470276,36.0157032],[137.9473539,36.0156954],[137.9473669,36.0154014],[137.9471249,36.0155041],[137.9470786,36.0155382],[137.9470477,36.0155661],[137.9470436,36.0156035],[137.9470276,36.0157032]]]]}},{"type":"Feature","properties":{"fid":341,"地目":"畑"},"geometry":{"type":"MultiPolygon","coordinates":[[[[137.9519005,36.0156375],[137.9518786,36.0155163],[137.951795,36.0155385],[137.9518068,36.0156535],[137.9519005,36.0156375]]]]}},{"type":"Feature","properties":{"fid":342,"地目":"畑"},"geometry":{"type":"MultiPolygon","coordinates":[[[[137.9522978,36.0155695],[137.952245,36.0155364],[137.9521867,36.0155505],[137.9521738,36.0155875],[137.9521584,36.0156326],[137.9521277,36.0156797],[137.9520921,36.0157165],[137.9522616,36.0156905],[137.9522945,36.0156907],[137.9523101,36.0156148],[137.9522978,36.0155695]]]]}},{"type":"Feature","properties":{"fid":343,"地目":"畑"},"geometry":{"type":"MultiPolygon","coordinates":[[[[137.9540078,36.0156789],[137.9539844,36.0156262],[137.9540038,36.0156126],[137.9539621,36.0155719],[137.9537823,36.0156199],[137.9537801,36.015725],[137.9540078,36.0156789]]]]}},{"type":"Feature","properties":{"fid":344,"地目":"畑"},"geometry":{"type":"MultiPolygon","coordinates":[[[[137.9517453,36.0152089],[137.9518383,36.0151743],[137.9518779,36.0151381],[137.9518878,36.0151066],[137.9518341,36.0149874],[137.9517764,36.0148591],[137.9515991,36.014914],[137.9517112,36.0151269],[137.9517453,36.0152089]]]]}},{"type":"Feature","properties":{"fid":345,"地目":"畑"},"geometry":{"type":"MultiPolygon","coordinates":[[[[137.9528901,36.0152065],[137.9530605,36.0150927],[137.9529654,36.0149855],[137.953039,36.0148259],[137.9529624,36.0148131],[137.9529344,36.0148084],[137.9528892,36.0149262],[137.9528723,36.0149632],[137.9528328,36.0149883],[137.9527392,36.015051],[137.9528901,36.0152065]]]]}},{"type":"Feature","properties":{"fid":346,"地目":"畑"},"geometry":{"type":"MultiPolygon","coordinates":[[[[137.9522029,36.0151204],[137.9523122,36.0152044],[137.9523547,36.0152319],[137.952438,36.0151775],[137.9524883,36.0152025],[137.9527392,36.015051],[137.9526548,36.0149622],[137.9527672,36.0148785],[137.9527222,36.014806],[137.9525403,36.0148833],[137.9524874,36.0149059],[137.9524086,36.0149123],[137.9523254,36.0149506],[137.9522931,36.014971],[137.9522431,36.0150044],[137.9522325,36.0150431],[137.9522029,36.0151204]]]]}},{"type":"Feature","properties":{"fid":347,"地目":"畑"},"geometry":{"type":"MultiPolygon","coordinates":[[[[137.9544899,36.0149802],[137.9543891,36.015002],[137.9543043,36.0150425],[137.9543224,36.0150686],[137.9543926,36.0151673],[137.9545252,36.0151624],[137.9545084,36.0150971],[137.9544899,36.0149802]]]]}},{"type":"Feature","properties":{"fid":348,"地目":"畑"},"geometry":{"type":"MultiPolygon","coordinates":[[[[137.9518881,36.0152778],[137.9519817,36.0152877],[137.9520656,36.0153169],[137.9521831,36.0151598],[137.9521945,36.0151372],[137.9522029,36.0151204],[137.9521826,36.0150715],[137.9520849,36.014873],[137.9519714,36.0149066],[137.9520036,36.0149383],[137.9518341,36.0149874],[137.9518878,36.0151066],[137.9518779,36.0151381],[137.9518383,36.0151743],[137.9518881,36.0152778]]]]}},{"type":"Feature","properties":{"fid":349,"地目":"畑"},"geometry":{"type":"MultiPolygon","coordinates":[[[[137.9513898,36.0151017],[137.95147,36.0150942],[137.9515078,36.0152345],[137.9517129,36.0151987],[137.951696,36.0151478],[137.9516067,36.0149687],[137.9513643,36.015005],[137.9513898,36.0151017]]]]}},{"type":"Feature","properties":{"fid":350,"地目":"畑"},"geometry":{"type":"MultiPolygon","coordinates":[[[[137.9539427,36.0150782],[137.9539197,36.0151206],[137.9539003,36.0152858],[137.9540426,36.0152047],[137.9540042,36.0151144],[137.9539656,36.0150235],[137.9539427,36.0150782]]]]}},{"type":"Feature","properties":{"fid":351,"地目":"畑"},"geometry":{"type":"MultiPolygon","coordinates":[[[[137.9545084,36.0150971],[137.9545252,36.0151624],[137.9545293,36.0151768],[137.9545453,36.015233],[137.9545702,36.015261],[137.9545749,36.0152799],[137.9547234,36.0152617],[137.9547216,36.015193],[137.9547947,36.0151896],[137.9547815,36.0151227],[137.9547728,36.0150632],[137.9546904,36.0150721],[137.9545084,36.0150971]]]]}},{"type":"Feature","properties":{"fid":352,"地目":"畑"},"geometry":{"type":"MultiPolygon","coordinates":[[[[137.9513898,36.0151017],[137.9513189,36.0151106],[137.95134,36.0151812],[137.9513657,36.0152723],[137.9514991,36.0152503],[137.9515078,36.0152345],[137.95147,36.0150942],[137.9513898,36.0151017]]]]}},{"type":"Feature","properties":{"fid":353,"地目":"畑"},"geometry":{"type":"MultiPolygon","coordinates":[[[[137.9541826,36.015178],[137.9541964,36.0152669],[137.9543033,36.015244],[137.9543024,36.0151283],[137.9542854,36.0151351],[137.9541953,36.0151719],[137.9541826,36.015178]]]]}},{"type":"Feature","properties":{"fid":354,"地目":"田"},"geometry":{"type":"MultiPolygon","coordinates":[[[[137.9505379,36.0152949],[137.950532,36.0152082],[137.9505419,36.0151872],[137.950513,36.0150443],[137.95039,36.0150613],[137.9503576,36.0150664],[137.9504022,36.0152785],[137.9505379,36.0152949]]]]}},{"type":"Feature","properties":{"fid":355,"地目":"畑"},"geometry":{"type":"MultiPolygon","coordinates":[[[[137.9527098,36.0153067],[137.9528901,36.0152065],[137.9527392,36.015051],[137.9524883,36.0152025],[137.9525418,36.0152499],[137.9526635,36.0153363],[137.9527098,36.0153067]]]]}},{"type":"Feature","properties":{"fid":356,"地目":"田"},"geometry":{"type":"MultiPolygon","coordinates":[[[[137.950835,36.0153514],[137.9510064,36.0153575],[137.9511681,36.0153556],[137.9512083,36.0153471],[137.9512105,36.0153111],[137.9511621,36.0151301],[137.9511317,36.0150165],[137.9510054,36.0150343],[137.9509054,36.0150444],[137.9508043,36.0151253],[137.950835,36.0153514]]]]}},{"type":"Feature","properties":{"fid":357,"地目":"畑"},"geometry":{"type":"MultiPolygon","coordinates":[[[[137.9517489,36.0152955],[137.9518881,36.0152778],[137.9518383,36.0151743],[137.9517453,36.0152089],[137.9517494,36.0152251],[137.9517489,36.0152955]]]]}},{"type":"Feature","properties":{"fid":358,"地目":"田"},"geometry":{"type":"MultiPolygon","coordinates":[[[[137.9505379,36.0152949],[137.9505765,36.0153214],[137.9506573,36.0153349],[137.950835,36.0153514],[137.9508043,36.0151253],[137.9507783,36.0151384],[137.9507137,36.0151517],[137.9505419,36.0151872],[137.950532,36.0152082],[137.9505379,36.0152949]]]]}},{"type":"Feature","properties":{"fid":359,"地目":"畑"},"geometry":{"type":"MultiPolygon","coordinates":[[[[137.9541826,36.015178],[137.9540559,36.0152387],[137.9540725,36.0152939],[137.9541964,36.0152669],[137.9541826,36.015178]]]]}},{"type":"Feature","properties":{"fid":360,"地目":"畑"},"geometry":{"type":"MultiPolygon","coordinates":[[[[137.9512083,36.0153471],[137.9513628,36.0153421],[137.9513545,36.0152741],[137.9513657,36.0152723],[137.95134,36.0151812],[137.9513189,36.0151106],[137.9511621,36.0151301],[137.9512105,36.0153111],[137.9512083,36.0153471]]]]}},{"type":"Feature","properties":{"fid":361,"地目":"田"},"geometry":{"type":"MultiPolygon","coordinates":[[[[137.9540596,36.0149166],[137.9541425,36.014834],[137.9540594,36.0147309],[137.9539431,36.0148046],[137.9540506,36.0149029],[137.9540596,36.0149166]]]]}},{"type":"Feature","properties":{"fid":362,"地目":"畑"},"geometry":{"type":"MultiPolygon","coordinates":[[[[137.9525208,36.0153003],[137.9525126,36.0152851],[137.9525148,36.0152649],[137.9525418,36.0152499],[137.9524883,36.0152025],[137.952438,36.0151775],[137.9523547,36.0152319],[137.9524441,36.0152901],[137.9524721,36.0152902],[137.952498,36.0152956],[137.9525208,36.0153003]]]]}},{"type":"Feature","properties":{"fid":363,"地目":"畑"},"geometry":{"type":"MultiPolygon","coordinates":[[[[137.9515078,36.0152345],[137.9514991,36.0152503],[137.9515078,36.0153361],[137.9516924,36.0153002],[137.9517185,36.015301],[137.9517191,36.015239],[137.9517129,36.0151987],[137.9515078,36.0152345]]]]}},{"type":"Feature","properties":{"fid":364,"地目":"畑"},"geometry":{"type":"MultiPolygon","coordinates":[[[[137.9539753,36.0152808],[137.9539926,36.0153279],[137.9540725,36.0152939],[137.9540559,36.0152387],[137.9539753,36.0152808]]]]}},{"type":"Feature","properties":{"fid":365,"地目":"畑"},"geometry":{"type":"MultiPolygon","coordinates":[[[[137.9534244,36.0153731],[137.9535182,36.0153532],[137.9535035,36.0152974],[137.9535856,36.0152761],[137.9535627,36.0151985],[137.9533615,36.0152805],[137.9533747,36.0153158],[137.9533995,36.0153431],[137.9534244,36.0153731]]]]}},{"type":"Feature","properties":{"fid":366,"地目":"畑"},"geometry":{"type":"MultiPolygon","coordinates":[[[[137.9535989,36.0149093],[137.9536372,36.014917],[137.9536829,36.0149172],[137.9537165,36.0149025],[137.9537594,36.0148804],[137.9537763,36.014857],[137.953782,36.01484],[137.9537511,36.0147504],[137.953641,36.0147683],[137.9534947,36.0147989],[137.953508,36.0148669],[137.9535995,36.0148537],[137.9535989,36.0149093]]]]}},{"type":"Feature","properties":{"fid":367,"地目":"畑"},"geometry":{"type":"MultiPolygon","coordinates":[[[[137.9544219,36.0147635],[137.9544631,36.0148909],[137.9545038,36.0149487],[137.9547281,36.0149107],[137.954783,36.0149054],[137.9547834,36.0148478],[137.9547011,36.0148456],[137.9546946,36.0147936],[137.9547518,36.0147864],[137.9547542,36.0147697],[137.9546102,36.0147653],[137.9545325,36.014765],[137.9544219,36.0147635]]]]}},{"type":"Feature","properties":{"fid":368,"地目":"畑"},"geometry":{"type":"MultiPolygon","coordinates":[[[[137.9543548,36.0147706],[137.9542647,36.0147974],[137.9542086,36.0148148],[137.9542393,36.0148546],[137.9543139,36.0149701],[137.9543898,36.0149092],[137.9544631,36.0148909],[137.9544219,36.0147635],[137.9544096,36.0147696],[137.9543548,36.0147706]]]]}},{"type":"Feature","properties":{"fid":369,"地目":"畑"},"geometry":{"type":"MultiPolygon","coordinates":[[[[137.9549813,36.0149806],[137.954984,36.0149249],[137.95499,36.0148956],[137.9549455,36.0148708],[137.9549183,36.0148429],[137.954866,36.0148018],[137.9547975,36.0147903],[137.9548018,36.0148256],[137.9548106,36.0148851],[137.9548011,36.014937],[137.9548054,36.0149649],[137.9549813,36.0149806]]]]}},{"type":"Feature","properties":{"fid":370,"地目":"畑"},"geometry":{"type":"MultiPolygon","coordinates":[[[[137.9527672,36.0148785],[137.9528892,36.0149262],[137.9529344,36.0148084],[137.9528942,36.0148017],[137.9527222,36.014806],[137.9527672,36.0148785]]]]}},{"type":"Feature","properties":{"fid":371,"地目":"畑"},"geometry":{"type":"MultiPolygon","coordinates":[[[[137.9539252,36.0149605],[137.9539799,36.0149893],[137.9540075,36.0149671],[137.9540259,36.0149486],[137.9540596,36.0149166],[137.9540506,36.0149029],[137.9539431,36.0148046],[137.9538681,36.0148451],[137.9538707,36.0148556],[137.9538861,36.0148824],[137.9539194,36.0149271],[137.9539299,36.0149457],[137.9539252,36.0149605]]]]}},{"type":"Feature","properties":{"fid":372,"地目":"畑"},"geometry":{"type":"MultiPolygon","coordinates":[[[[137.9541529,36.0148311],[137.9541727,36.0148989],[137.9541702,36.0149323],[137.9542106,36.0149958],[137.9543139,36.0149701],[137.9542393,36.0148546],[137.9542086,36.0148148],[137.9541898,36.0148206],[137.9541529,36.0148311]]]]}},{"type":"Feature","properties":{"fid":373,"地目":"畑"},"geometry":{"type":"MultiPolygon","coordinates":[[[[137.9531649,36.0148684],[137.9531985,36.0149633],[137.9532234,36.015008],[137.9533516,36.0149677],[137.9533339,36.0148822],[137.9534276,36.0148672],[137.9534325,36.0148436],[137.9534281,36.0148232],[137.9534076,36.0148045],[137.9532887,36.0148151],[137.9532476,36.0148038],[137.9531649,36.0148684]]]]}},{"type":"Feature","properties":{"fid":374,"地目":"畑"},"geometry":{"type":"MultiPolygon","coordinates":[[[[137.9533516,36.0149677],[137.9534433,36.0149403],[137.9534276,36.0148672],[137.9533339,36.0148822],[137.9533516,36.0149677]]]]}},{"type":"Feature","properties":{"fid":375,"地目":"畑"},"geometry":{"type":"MultiPolygon","coordinates":[[[[137.9530605,36.0150927],[137.9532234,36.015008],[137.9531985,36.0149633],[137.9531649,36.0148684],[137.953124,36.0148329],[137.953039,36.0148259],[137.9529654,36.0149855],[137.9530605,36.0150927]]]]}},{"type":"Feature","properties":{"fid":376,"地目":"畑"},"geometry":{"type":"MultiPolygon","coordinates":[[[[137.9527392,36.015051],[137.9528328,36.0149883],[137.9528723,36.0149632],[137.9528892,36.0149262],[137.9527672,36.0148785],[137.9526548,36.0149622],[137.9527392,36.015051]]]]}},{"type":"Feature","properties":{"fid":377,"地目":"畑"},"geometry":{"type":"MultiPolygon","coordinates":[[[[137.9522029,36.0151204],[137.9522325,36.0150431],[137.9522431,36.0150044],[137.9522308,36.0149825],[137.952178,36.0148526],[137.9520849,36.014873],[137.9521826,36.0150715],[137.9522029,36.0151204]]]]}},{"type":"Feature","properties":{"fid":378,"地目":"畑"},"geometry":{"type":"MultiPolygon","coordinates":[[[[137.9539799,36.0149893],[137.9539714,36.0150097],[137.9539656,36.0150235],[137.9540042,36.0151144],[137.9542177,36.0150068],[137.9542106,36.0149958],[137.9541702,36.0149323],[137.9541727,36.0148989],[137.9541529,36.0148311],[137.9541425,36.014834],[137.9540596,36.0149166],[137.9540259,36.0149486],[137.9540075,36.0149671],[137.9539799,36.0149893]]]]}},{"type":"Feature","properties":{"fid":379,"地目":"畑"},"geometry":{"type":"MultiPolygon","coordinates":[[[[137.9538772,36.0150718],[137.9539259,36.0150794],[137.9539427,36.0150782],[137.9539656,36.0150235],[137.9539714,36.0150097],[137.9539799,36.0149893],[137.9539252,36.0149605],[137.9538772,36.0150718]]]]}},{"type":"Feature","properties":{"fid":380,"地目":"田"},"geometry":{"type":"MultiPolygon","coordinates":[[[[137.9536998,36.014936],[137.9537278,36.0150822],[137.9538772,36.0150718],[137.9539252,36.0149605],[137.9538815,36.0148984],[137.9537976,36.0149043],[137.9537901,36.0148881],[137.9536998,36.014936]]]]}},{"type":"Feature","properties":{"fid":381,"地目":"畑"},"geometry":{"type":"MultiPolygon","coordinates":[[[[137.9544899,36.0149802],[137.9545084,36.0150971],[137.9546904,36.0150721],[137.9546792,36.0150331],[137.9547799,36.0150187],[137.9547711,36.0149759],[137.954783,36.0149054],[137.9547281,36.0149107],[137.9545038,36.0149487],[137.9544899,36.0149802]]]]}},{"type":"Feature","properties":{"fid":382,"地目":"畑"},"geometry":{"type":"MultiPolygon","coordinates":[[[[137.9483736,36.0177809],[137.9483722,36.0178586],[137.9483993,36.0179577],[137.9486593,36.0181059],[137.9486694,36.0181597],[137.9488331,36.0181463],[137.9489379,36.0180903],[137.948966,36.0180536],[137.9489977,36.0180029],[137.948643,36.0179588],[137.9486785,36.0178459],[137.9485812,36.0178313],[137.9483736,36.0177809]]]]}},{"type":"Feature","properties":{"fid":383,"地目":"畑"},"geometry":{"type":"MultiPolygon","coordinates":[[[[137.9477155,36.0179258],[137.9476644,36.0180392],[137.9478069,36.0180681],[137.9479877,36.0180859],[137.9481407,36.0181177],[137.9483353,36.0181553],[137.9486694,36.0181597],[137.9486593,36.0181059],[137.9483993,36.0179577],[137.9483722,36.0178586],[137.9483736,36.0177809],[137.9483156,36.0177882],[137.9482366,36.0178048],[137.9481645,36.0178233],[137.9481458,36.0178383],[137.9481179,36.0178551],[137.9480225,36.0178962],[137.9479527,36.0179166],[137.9478877,36.0179276],[137.9478553,36.0179161],[137.9477646,36.0179346],[137.9477155,36.0179258]]]]}},{"type":"Feature","properties":{"fid":384,"地目":"畑"},"geometry":{"type":"MultiPolygon","coordinates":[[[[137.9469986,36.017696],[137.9468642,36.0176554],[137.9467995,36.0177911],[137.9468908,36.0178114],[137.9469999,36.0178282],[137.9470957,36.0178468],[137.9472159,36.0178763],[137.9472543,36.017804],[137.947188,36.0177792],[137.947112,36.0177454],[137.9469986,36.017696]]]]}},{"type":"Feature","properties":{"fid":385,"地目":"畑"},"geometry":{"type":"MultiPolygon","coordinates":[[[[137.9497857,36.0179043],[137.949946,36.017905],[137.9499584,36.017885],[137.949981,36.0178371],[137.949994,36.017731],[137.9497944,36.017722],[137.9497376,36.0177418],[137.9497594,36.017786],[137.9497738,36.0178421],[137.9497857,36.0179043]]]]}},{"type":"Feature","properties":{"fid":386,"地目":"畑"},"geometry":{"type":"MultiPolygon","coordinates":[[[[137.9490998,36.0179116],[137.9491808,36.0179346],[137.9492065,36.0179177],[137.9492414,36.0178971],[137.949274,36.0178784],[137.9492673,36.0178501],[137.9491051,36.0178136],[137.9490998,36.0179116]]]]}},{"type":"Feature","properties":{"fid":387,"地目":"畑"},"geometry":{"type":"MultiPolygon","coordinates":[[[[137.9493085,36.0181144],[137.949481,36.0181192],[137.9494984,36.0180972],[137.9494641,36.018065],[137.9494174,36.0180448],[137.9493732,36.0180245],[137.9493681,36.0180425],[137.9493482,36.0180725],[137.9493085,36.0181144]]]]}},{"type":"Feature","properties":{"fid":388,"地目":"畑"},"geometry":{"type":"MultiPolygon","coordinates":[[[[137.9489444,36.018316],[137.9491149,36.0182597],[137.9491374,36.0182148],[137.9489381,36.0181628],[137.9489444,36.018316]]]]}},{"type":"Feature","properties":{"fid":389,"地目":"畑"},"geometry":{"type":"MultiPolygon","coordinates":[[[[137.9464614,36.0170966],[137.9467987,36.0171406],[137.9469413,36.0171554],[137.9469451,36.017113],[137.9468964,36.0171099],[137.9468235,36.0170898],[137.9465558,36.0170376],[137.9464758,36.0170344],[137.9464614,36.0170966]]]]}},{"type":"Feature","properties":{"fid":390,"地目":"畑"},"geometry":{"type":"MultiPolygon","coordinates":[[[[137.9457059,36.0172271],[137.945766,36.0170945],[137.9456057,36.0171192],[137.9455775,36.0171699],[137.9456712,36.0172185],[137.9457059,36.0172271]]]]}},{"type":"Feature","properties":{"fid":391,"地目":"畑"},"geometry":{"type":"MultiPolygon","coordinates":[[[[137.9454919,36.0172864],[137.9456556,36.0173236],[137.945679,36.0172848],[137.9455418,36.0172188],[137.9454919,36.0172864]]]]}},{"type":"Feature","properties":{"fid":392,"地目":"畑"},"geometry":{"type":"MultiPolygon","coordinates":[[[[137.944679,36.0172563],[137.9446579,36.0172873],[137.9446821,36.0173044],[137.944703,36.017296],[137.9447413,36.0172961],[137.9447831,36.0172935],[137.9448396,36.0171778],[137.9448718,36.0170508],[137.9447675,36.0170333],[137.9447639,36.0170587],[137.9447143,36.0171773],[137.944679,36.0172563]]]]}},{"type":"Feature","properties":{"fid":393,"地目":"田"},"geometry":{"type":"MultiPolygon","coordinates":[[[[137.9504022,36.0152785],[137.9503576,36.0150664],[137.9503126,36.0150329],[137.9502672,36.0150379],[137.9501514,36.0150619],[137.9502081,36.0152505],[137.9504022,36.0152785]]]]}},{"type":"Feature","properties":{"fid":394,"地目":"畑"},"geometry":{"type":"MultiPolygon","coordinates":[[[[137.950513,36.0150443],[137.9505419,36.0151872],[137.9507137,36.0151517],[137.950685,36.015002],[137.9506015,36.0150254],[137.950513,36.0150443]]]]}},{"type":"Feature","properties":{"fid":395,"地目":"畑"},"geometry":{"type":"MultiPolygon","coordinates":[[[[137.9508043,36.0151253],[137.9509054,36.0150444],[137.9508656,36.0148813],[137.9506691,36.0149189],[137.950685,36.015002],[137.9507137,36.0151517],[137.9507783,36.0151384],[137.9508043,36.0151253]]]]}},{"type":"Feature","properties":{"fid":396,"地目":"畑"},"geometry":{"type":"MultiPolygon","coordinates":[[[[137.9513898,36.0151017],[137.9513643,36.015005],[137.9513439,36.0149089],[137.9511204,36.0149525],[137.9511317,36.0150165],[137.9511621,36.0151301],[137.9513189,36.0151106],[137.9513898,36.0151017]]]]}},{"type":"Feature","properties":{"fid":397,"地目":"畑"},"geometry":{"type":"MultiPolygon","coordinates":[[[[137.9538699,36.0145442],[137.9539316,36.0146509],[137.9539834,36.0146234],[137.9540087,36.0145994],[137.9540468,36.0145637],[137.9540731,36.0145402],[137.9541248,36.0145219],[137.9541965,36.0145136],[137.9542334,36.0145075],[137.9542697,36.0145053],[137.9542912,36.0144075],[137.9541312,36.0144086],[137.9540007,36.0144285],[137.9539228,36.0144634],[137.9538723,36.0144929],[137.9538699,36.0145442]]]]}},{"type":"Feature","properties":{"fid":398,"地目":"畑"},"geometry":{"type":"MultiPolygon","coordinates":[[[[137.9541683,36.0146558],[137.9542988,36.0146341],[137.9543371,36.0146286],[137.9543261,36.0145092],[137.9542773,36.0145115],[137.9542178,36.0145199],[137.954137,36.0145307],[137.9541683,36.0146558]]]]}},{"type":"Feature","properties":{"fid":399,"地目":"畑"},"geometry":{"type":"MultiPolygon","coordinates":[[[[137.9543371,36.0146286],[137.9545001,36.0146053],[137.9544952,36.0145187],[137.9543931,36.0145083],[137.9543261,36.0145092],[137.9543371,36.0146286]]]]}},{"type":"Feature","properties":{"fid":400,"地目":"畑"},"geometry":{"type":"MultiPolygon","coordinates":[[[[137.9545748,36.0145962],[137.9546364,36.0146131],[137.9547094,36.0146321],[137.9547664,36.0146583],[137.954797,36.0146725],[137.9548174,36.0145287],[137.9547627,36.0145246],[137.9546851,36.0145168],[137.9545776,36.0145182],[137.9545748,36.0145962]]]]}},{"type":"Feature","properties":{"fid":401,"地目":"畑"},"geometry":{"type":"MultiPolygon","coordinates":[[[[137.9548174,36.0145287],[137.954797,36.0146725],[137.9548188,36.0146827],[137.9548621,36.0146996],[137.9549329,36.0147111],[137.9549524,36.0145422],[137.9549091,36.0145215],[137.9548404,36.0145305],[137.9548174,36.0145287]]]]}},{"type":"Feature","properties":{"fid":402,"地目":"田"},"geometry":{"type":"MultiPolygon","coordinates":[[[[137.9456541,36.0170034],[137.9457078,36.0169962],[137.945797,36.016983],[137.9458806,36.0169743],[137.9459436,36.0169603],[137.9460421,36.0165903],[137.9457694,36.0165415],[137.9456541,36.0170034]]]]}},{"type":"Feature","properties":{"fid":403,"地目":"田"},"geometry":{"type":"MultiPolygon","coordinates":[[[[137.9476715,36.0169492],[137.9479576,36.0169454],[137.947958,36.0166263],[137.947685,36.0166413],[137.9476715,36.0169492]]]]}},{"type":"Feature","properties":{"fid":404,"地目":"田"},"geometry":{"type":"MultiPolygon","coordinates":[[[[137.9459436,36.0169603],[137.9461286,36.016963],[137.9462573,36.0169708],[137.9463139,36.0169654],[137.9462984,36.0166389],[137.9460421,36.0165903],[137.9459436,36.0169603]]]]}},{"type":"Feature","properties":{"fid":405,"地目":"田"},"geometry":{"type":"MultiPolygon","coordinates":[[[[137.9452704,36.0169851],[137.945404,36.0170061],[137.9454609,36.0170134],[137.9455803,36.0165022],[137.9454077,36.0164787],[137.9452704,36.0169851]]]]}},{"type":"Feature","properties":{"fid":406,"地目":"田"},"geometry":{"type":"MultiPolygon","coordinates":[[[[137.9454609,36.0170134],[137.9455734,36.0170067],[137.9456269,36.0170071],[137.9456541,36.0170034],[137.9457694,36.0165415],[137.9455803,36.0165022],[137.9454609,36.0170134]]]]}},{"type":"Feature","properties":{"fid":407,"地目":"田"},"geometry":{"type":"MultiPolygon","coordinates":[[[[137.9493202,36.0166623],[137.9489631,36.0166336],[137.9489475,36.016648],[137.9489473,36.0166768],[137.9489572,36.0168373],[137.9489621,36.0169436],[137.9493229,36.0169111],[137.9493202,36.0166623]]]]}},{"type":"Feature","properties":{"fid":408,"地目":"田"},"geometry":{"type":"MultiPolygon","coordinates":[[[[137.9493202,36.0166623],[137.9493229,36.0169111],[137.9493242,36.0170391],[137.9495348,36.0170473],[137.9495309,36.0166813],[137.9493202,36.0166623]]]]}},{"type":"Feature","properties":{"fid":409,"地目":"田"},"geometry":{"type":"MultiPolygon","coordinates":[[[[137.9486029,36.0167239],[137.9485994,36.016915],[137.9485983,36.0170665],[137.9487668,36.0170997],[137.9487842,36.0171041],[137.9487922,36.0166346],[137.9485969,36.0166373],[137.9486029,36.0167239]]]]}},{"type":"Feature","properties":{"fid":410,"地目":"田"},"geometry":{"type":"MultiPolygon","coordinates":[[[[137.9487842,36.0171041],[137.9488177,36.0171125],[137.9488931,36.0171165],[137.9489265,36.0171112],[137.9489097,36.016646],[137.9489032,36.0166333],[137.9487922,36.0166346],[137.9487842,36.0171041]]]]}},{"type":"Feature","properties":{"fid":411,"地目":"田"},"geometry":{"type":"MultiPolygon","coordinates":[[[[137.9484262,36.0169214],[137.9485994,36.016915],[137.9486029,36.0167239],[137.9484231,36.0167267],[137.9484262,36.0169214]]]]}},{"type":"Feature","properties":{"fid":412,"地目":"田"},"geometry":{"type":"MultiPolygon","coordinates":[[[[137.9463139,36.0169654],[137.9464879,36.0169935],[137.9466593,36.0170155],[137.9466495,36.0166374],[137.9462984,36.0166389],[137.9463139,36.0169654]]]]}},{"type":"Feature","properties":{"fid":413,"地目":"田"},"geometry":{"type":"MultiPolygon","coordinates":[[[[137.9470119,36.0170195],[137.9473525,36.0170481],[137.9473555,36.0166235],[137.9470091,36.0166436],[137.9470119,36.0170195]]]]}},{"type":"Feature","properties":{"fid":414,"地目":"田"},"geometry":{"type":"MultiPolygon","coordinates":[[[[137.9466593,36.0170155],[137.9466919,36.0170197],[137.9468293,36.0170528],[137.9469369,36.017053],[137.9469593,36.0170332],[137.9469609,36.0166387],[137.946668,36.0166373],[137.9466495,36.0166374],[137.9466593,36.0170155]]]]}},{"type":"Feature","properties":{"fid":415,"地目":"田"},"geometry":{"type":"MultiPolygon","coordinates":[[[[137.9481383,36.0165514],[137.948338,36.016555],[137.9483388,36.0159681],[137.948149,36.01597],[137.9481383,36.0165514]]]]}},{"type":"Feature","properties":{"fid":416,"地目":"田"},"geometry":{"type":"MultiPolygon","coordinates":[[[[137.9489669,36.0170483],[137.9493242,36.0170391],[137.9493229,36.0169111],[137.9489621,36.0169436],[137.9489669,36.0170483]]]]}},{"type":"Feature","properties":{"fid":417,"地目":"田"},"geometry":{"type":"MultiPolygon","coordinates":[[[[137.9504468,36.017102],[137.950469,36.0171039],[137.950563,36.0169871],[137.9506638,36.0168542],[137.9507019,36.0167984],[137.9506753,36.0167929],[137.9504365,36.0167737],[137.9504468,36.017102]]]]}},{"type":"Feature","properties":{"fid":418,"地目":"田"},"geometry":{"type":"MultiPolygon","coordinates":[[[[137.9473525,36.0170481],[137.947352,36.0171212],[137.9474784,36.0171461],[137.9476147,36.017171],[137.9476612,36.0171875],[137.9476715,36.0169492],[137.947685,36.0166413],[137.9473555,36.0166235],[137.9473525,36.0170481]]]]}},{"type":"Feature","properties":{"fid":419,"地目":"田"},"geometry":{"type":"MultiPolygon","coordinates":[[[[137.9482336,36.0172063],[137.948317,36.0171905],[137.9483472,36.0171555],[137.9483942,36.0170935],[137.9484011,36.0170611],[137.948394,36.0166472],[137.9483808,36.0166255],[137.948231,36.0166357],[137.9482406,36.0166817],[137.9482336,36.0172063]]]]}},{"type":"Feature","properties":{"fid":420,"地目":"田"},"geometry":{"type":"MultiPolygon","coordinates":[[[[137.9479507,36.017205],[137.9482336,36.0172063],[137.9482406,36.0166817],[137.948231,36.0166357],[137.947958,36.0166263],[137.9479576,36.0169454],[137.9479507,36.017205]]]]}},{"type":"Feature","properties":{"fid":421,"地目":"田"},"geometry":{"type":"MultiPolygon","coordinates":[[[[137.9470128,36.0170763],[137.9470758,36.0171064],[137.9471756,36.0171149],[137.947352,36.0171212],[137.9473525,36.0170481],[137.9470119,36.0170195],[137.9470128,36.0170763]]]]}},{"type":"Feature","properties":{"fid":422,"地目":"田"},"geometry":{"type":"MultiPolygon","coordinates":[[[[137.9495376,36.017316],[137.9497219,36.0173096],[137.9499194,36.0173015],[137.9500083,36.0172947],[137.9499922,36.0167249],[137.9495309,36.0166813],[137.9495348,36.0170473],[137.9495376,36.017316]]]]}},{"type":"Feature","properties":{"fid":423,"地目":"田"},"geometry":{"type":"MultiPolygon","coordinates":[[[[137.9500083,36.0172947],[137.9504234,36.0172714],[137.9504479,36.0172643],[137.9504614,36.0172409],[137.9504468,36.017102],[137.9504365,36.0167737],[137.9504225,36.0167719],[137.9499922,36.0167249],[137.9500083,36.0172947]]]]}},{"type":"Feature","properties":{"fid":424,"地目":"田"},"geometry":{"type":"MultiPolygon","coordinates":[[[[137.9476612,36.0171875],[137.947731,36.0171932],[137.9478075,36.0172017],[137.9479507,36.017205],[137.9479576,36.0169454],[137.9476715,36.0169492],[137.9476612,36.0171875]]]]}},{"type":"Feature","properties":{"fid":425,"地目":"畑"},"geometry":{"type":"MultiPolygon","coordinates":[[[[137.9470142,36.0171868],[137.9471011,36.017207],[137.9471845,36.0172215],[137.9472784,36.0172361],[137.947407,36.0172593],[137.9475635,36.017277],[137.9478765,36.0173095],[137.9478875,36.0172332],[137.9478143,36.0172414],[137.9477136,36.0172211],[137.947658,36.0172039],[137.9475468,36.0171808],[137.9474459,36.0171662],[137.9473903,36.0171631],[137.9472894,36.0171541],[137.9472094,36.0171481],[137.9471293,36.0171477],[137.9470146,36.0171274],[137.9470142,36.0171868]]]]}},{"type":"Feature","properties":{"fid":426,"地目":"畑"},"geometry":{"type":"MultiPolygon","coordinates":[[[[137.9481189,36.0172418],[137.9481197,36.017267],[137.9482177,36.017297],[137.9482939,36.0173539],[137.9483429,36.0173088],[137.9482807,36.017252],[137.9482111,36.0172489],[137.9481189,36.0172418]]]]}},{"type":"Feature","properties":{"fid":427,"地目":"畑"},"geometry":{"type":"MultiPolygon","coordinates":[[[[137.9479321,36.0173183],[137.9482833,36.0173651],[137.9482939,36.0173539],[137.9482177,36.017297],[137.9481197,36.017267],[137.9481189,36.0172418],[137.9480928,36.0172398],[137.9480267,36.0172395],[137.9479362,36.0172335],[137.9479321,36.0173183]]]]}},{"type":"Feature","properties":{"fid":428,"地目":"田"},"geometry":{"type":"MultiPolygon","coordinates":[[[[137.9493222,36.0173402],[137.9495198,36.0173249],[137.9495376,36.017316],[137.9495348,36.0170473],[137.9493242,36.0170391],[137.9493222,36.0173402]]]]}},{"type":"Feature","properties":{"fid":429,"地目":"田"},"geometry":{"type":"MultiPolygon","coordinates":[[[[137.9489917,36.0173009],[137.9490025,36.0173442],[137.9490891,36.0173482],[137.9492045,36.0173469],[137.9493222,36.0173402],[137.9493242,36.0170391],[137.9489669,36.0170483],[137.9489834,36.0172269],[137.9489917,36.0173009]]]]}},{"type":"Feature","properties":{"fid":430,"地目":"畑"},"geometry":{"type":"MultiPolygon","coordinates":[[[[137.948932,36.0172808],[137.9489284,36.0171599],[137.948669,36.0171191],[137.9486793,36.0172363],[137.9487568,36.0172547],[137.948932,36.0172808]]]]}},{"type":"Feature","properties":{"fid":431,"地目":"畑"},"geometry":{"type":"MultiPolygon","coordinates":[[[[137.9479713,36.0176112],[137.9479852,36.0175831],[137.9480134,36.0175304],[137.9480299,36.0175003],[137.9480534,36.0174477],[137.9480705,36.017401],[137.9480747,36.0173893],[137.9479194,36.0173716],[137.9478506,36.0175806],[137.9479713,36.0176112]]]]}},{"type":"Feature","properties":{"fid":432,"地目":"畑"},"geometry":{"type":"MultiPolygon","coordinates":[[[[137.9479942,36.017617],[137.9480245,36.0176115],[137.948101,36.0176305],[137.9481502,36.017548],[137.9481784,36.0174916],[137.9482021,36.0174314],[137.9482092,36.0173994],[137.9480747,36.0173893],[137.9480705,36.017401],[137.9480534,36.0174477],[137.9480299,36.0175003],[137.9480134,36.0175304],[137.9479852,36.0175831],[137.9479713,36.0176112],[137.9479942,36.017617]]]]}},{"type":"Feature","properties":{"fid":433,"地目":"畑"},"geometry":{"type":"MultiPolygon","coordinates":[[[[137.9468448,36.017648],[137.9468642,36.0176554],[137.9469986,36.017696],[137.9470219,36.0176333],[137.947041,36.0175617],[137.9470445,36.0175488],[137.94706,36.0174921],[137.9470398,36.017394],[137.9470311,36.0173223],[137.9469333,36.0173614],[137.9468427,36.0173855],[137.9467543,36.017419],[137.9466449,36.01746],[137.9466958,36.0174791],[137.9467559,36.0175114],[137.9468321,36.0175721],[137.9468596,36.0176118],[137.9468448,36.017648]]]]}},{"type":"Feature","properties":{"fid":434,"地目":"畑"},"geometry":{"type":"MultiPolygon","coordinates":[[[[137.9497164,36.0175975],[137.9499382,36.0176045],[137.9499417,36.0174583],[137.9497542,36.0174755],[137.9496627,36.0175111],[137.9497046,36.0175234],[137.9497164,36.0175975]]]]}},{"type":"Feature","properties":{"fid":435,"地目":"畑"},"geometry":{"type":"MultiPolygon","coordinates":[[[[137.9470311,36.0173223],[137.9470398,36.017394],[137.94706,36.0174921],[137.9470445,36.0175488],[137.9471661,36.0175925],[137.9473121,36.017612],[137.9473077,36.0175845],[137.9472943,36.0175007],[137.9472693,36.0174327],[137.9472168,36.0173062],[137.9470894,36.0172792],[137.9470311,36.0173223]]]]}},{"type":"Feature","properties":{"fid":436,"地目":"畑"},"geometry":{"type":"MultiPolygon","coordinates":[[[[137.948988,36.0176415],[137.949113,36.0176798],[137.9491133,36.0176383],[137.9491027,36.0174856],[137.9490374,36.0175399],[137.949014,36.0175624],[137.9489953,36.0175925],[137.948988,36.0176415]]]]}},{"type":"Feature","properties":{"fid":437,"地目":"畑"},"geometry":{"type":"MultiPolygon","coordinates":[[[[137.9464856,36.0176779],[137.9466245,36.0177314],[137.9466549,36.0176881],[137.9467591,36.0177169],[137.9467687,36.017683],[137.9468266,36.0176927],[137.9468448,36.017648],[137.9468596,36.0176118],[137.9468321,36.0175721],[137.9467559,36.0175114],[137.9466958,36.0174791],[137.9466449,36.01746],[137.9465771,36.0175294],[137.9465278,36.0176122],[137.9464856,36.0176779]]]]}},{"type":"Feature","properties":{"fid":438,"地目":"畑"},"geometry":{"type":"MultiPolygon","coordinates":[[[[137.9473121,36.017612],[137.9473142,36.0176478],[137.9473164,36.0176746],[137.9475877,36.0176811],[137.947593,36.0175926],[137.9475604,36.0175916],[137.9473889,36.0175822],[137.9473077,36.0175845],[137.9473121,36.017612]]]]}},{"type":"Feature","properties":{"fid":439,"地目":"畑"},"geometry":{"type":"MultiPolygon","coordinates":[[[[137.9469986,36.017696],[137.947112,36.0177454],[137.9471661,36.0175925],[137.9470445,36.0175488],[137.947041,36.0175617],[137.9470219,36.0176333],[137.9469986,36.017696]]]]}},{"type":"Feature","properties":{"fid":440,"地目":"畑"},"geometry":{"type":"MultiPolygon","coordinates":[[[[137.94914,36.0175876],[137.9491616,36.0175965],[137.9494617,36.0175941],[137.9494664,36.0175891],[137.9494637,36.0175275],[137.9494467,36.0175299],[137.9492673,36.0175253],[137.9491404,36.0175285],[137.94914,36.0175876]]]]}},{"type":"Feature","properties":{"fid":441,"地目":"畑"},"geometry":{"type":"MultiPolygon","coordinates":[[[[137.9461863,36.0176822],[137.9462741,36.0177335],[137.9463773,36.01757],[137.9464617,36.0174403],[137.9463598,36.0174135],[137.9463274,36.0174662],[137.9461863,36.0176822]]]]}},{"type":"Feature","properties":{"fid":442,"地目":"畑"},"geometry":{"type":"MultiPolygon","coordinates":[[[[137.9483736,36.0177809],[137.9485812,36.0178313],[137.9486785,36.0178459],[137.9488072,36.0178634],[137.9488464,36.0177364],[137.9486099,36.0177099],[137.9484347,36.0176794],[137.9484088,36.0177245],[137.9483924,36.0177565],[137.9483736,36.0177809]]]]}},{"type":"Feature","properties":{"fid":443,"地目":"畑"},"geometry":{"type":"MultiPolygon","coordinates":[[[[137.9473164,36.0176746],[137.9473185,36.0176988],[137.9472851,36.0178174],[137.947394,36.0178442],[137.9474819,36.0178805],[137.9476882,36.017921],[137.9477155,36.0179258],[137.9477646,36.0179346],[137.9478553,36.0179161],[137.947823,36.0178802],[137.9479632,36.0177451],[137.9479285,36.0177298],[137.9479942,36.017617],[137.9479713,36.0176112],[137.9478506,36.0175806],[137.9478341,36.0176201],[137.947753,36.0176084],[137.9477436,36.0176253],[137.9476924,36.017642],[137.9476203,36.0176643],[137.9475877,36.0176811],[137.9473164,36.0176746]]]]}},{"type":"Feature","properties":{"fid":444,"地目":"畑"},"geometry":{"type":"MultiPolygon","coordinates":[[[[137.9478553,36.0179161],[137.9478877,36.0179276],[137.9479527,36.0179166],[137.9480225,36.0178962],[137.9481179,36.0178551],[137.9481458,36.0178383],[137.9481645,36.0178233],[137.9481739,36.0178045],[137.9481403,36.0176403],[137.948101,36.0176305],[137.9480245,36.0176115],[137.9479942,36.017617],[137.9479285,36.0177298],[137.9479632,36.0177451],[137.947823,36.0178802],[137.9478553,36.0179161]]]]}},{"type":"Feature","properties":{"fid":445,"地目":"畑"},"geometry":{"type":"MultiPolygon","coordinates":[[[[137.9462741,36.0177335],[137.9464339,36.017772],[137.9464856,36.0176779],[137.9465278,36.0176122],[137.9463773,36.01757],[137.9462741,36.0177335]]]]}},{"type":"Feature","properties":{"fid":446,"地目":"畑"},"geometry":{"type":"MultiPolygon","coordinates":[[[[137.947112,36.0177454],[137.947188,36.0177792],[137.9472543,36.017804],[137.9472851,36.0178174],[137.9473185,36.0176988],[137.9473164,36.0176746],[137.9473142,36.0176478],[137.9473121,36.017612],[137.9471661,36.0175925],[137.947112,36.0177454]]]]}},{"type":"Feature","properties":{"fid":447,"地目":"畑"},"geometry":{"type":"MultiPolygon","coordinates":[[[[137.9481645,36.0178233],[137.9482366,36.0178048],[137.9483156,36.0177882],[137.9483736,36.0177809],[137.9483924,36.0177565],[137.9484088,36.0177245],[137.9484347,36.0176794],[137.9484467,36.0176229],[137.9483262,36.0176016],[137.9482932,36.0176674],[137.9481403,36.0176403],[137.9481739,36.0178045],[137.9481645,36.0178233]]]]}},{"type":"Feature","properties":{"fid":448,"地目":"田"},"geometry":{"type":"MultiPolygon","coordinates":[[[[137.9461263,36.0161889],[137.9461232,36.0161297],[137.9461184,36.0160359],[137.9460673,36.0160429],[137.9459564,36.016046],[137.9458697,36.01606],[137.9458353,36.0161639],[137.9461263,36.0161889]]]]}},{"type":"Feature","properties":{"fid":449,"地目":"田"},"geometry":{"type":"MultiPolygon","coordinates":[[[[137.9544902,36.0163151],[137.9546724,36.0162814],[137.9546994,36.0159905],[137.9545048,36.0159663],[137.9544902,36.0163151]]]]}},{"type":"Feature","properties":{"fid":450,"地目":"田"},"geometry":{"type":"MultiPolygon","coordinates":[[[[137.9541764,36.0159931],[137.9542507,36.0163593],[137.954455,36.0163221],[137.9544902,36.0163151],[137.9545048,36.0159663],[137.9544819,36.0159635],[137.9543211,36.0159561],[137.9541764,36.0159931]]]]}},{"type":"Feature","properties":{"fid":451,"地目":"田"},"geometry":{"type":"MultiPolygon","coordinates":[[[[137.9534091,36.016215],[137.9533836,36.0160583],[137.9533619,36.016064],[137.9532148,36.0160732],[137.9532066,36.0162102],[137.9531969,36.0162297],[137.9533053,36.0162302],[137.953368,36.0162227],[137.9534091,36.016215]]]]}},{"type":"Feature","properties":{"fid":452,"地目":"畑"},"geometry":{"type":"MultiPolygon","coordinates":[[[[137.953851,36.0160731],[137.9539267,36.0163055],[137.9539551,36.016386],[137.9539961,36.0163744],[137.9539694,36.0160649],[137.953851,36.0160731]]]]}},{"type":"Feature","properties":{"fid":453,"地目":"畑"},"geometry":{"type":"MultiPolygon","coordinates":[[[[137.9537419,36.0161911],[137.9537698,36.0163362],[137.9539267,36.0163055],[137.953851,36.0160731],[137.9538418,36.0160408],[137.9537356,36.0160618],[137.9537419,36.0161911]]]]}},{"type":"Feature","properties":{"fid":454,"地目":"田"},"geometry":{"type":"MultiPolygon","coordinates":[[[[137.9540464,36.0164049],[137.9542507,36.0163593],[137.9541764,36.0159931],[137.9540317,36.0160301],[137.9540464,36.0164049]]]]}},{"type":"Feature","properties":{"fid":455,"地目":"田"},"geometry":{"type":"MultiPolygon","coordinates":[[[[137.9452723,36.0163661],[137.9454296,36.016404],[137.9454919,36.0164169],[137.9455292,36.016417],[137.9456775,36.0159137],[137.9455644,36.0158803],[137.9455396,36.0158757],[137.9454102,36.0158505],[137.9453904,36.015846],[137.9452723,36.0163661]]]]}},{"type":"Feature","properties":{"fid":456,"地目":"畑"},"geometry":{"type":"MultiPolygon","coordinates":[[[[137.9548635,36.0162453],[137.9550294,36.0162365],[137.9551336,36.0162393],[137.9551265,36.0161964],[137.9550051,36.016135],[137.9549801,36.0161456],[137.9549154,36.0161656],[137.9548844,36.0161941],[137.9548635,36.0162453]]]]}},{"type":"Feature","properties":{"fid":457,"地目":"田"},"geometry":{"type":"MultiPolygon","coordinates":[[[[137.948338,36.016555],[137.9486244,36.0165428],[137.9485353,36.0159636],[137.9483388,36.0159681],[137.948338,36.016555]]]]}},{"type":"Feature","properties":{"fid":458,"地目":"田"},"geometry":{"type":"MultiPolygon","coordinates":[[[[137.9515728,36.0162378],[137.9518022,36.0163292],[137.9518318,36.0163348],[137.9518143,36.0161996],[137.9516689,36.0162259],[137.9515829,36.0162296],[137.9515728,36.0162378]]]]}},{"type":"Feature","properties":{"fid":459,"地目":"田"},"geometry":{"type":"MultiPolygon","coordinates":[[[[137.9486244,36.0165428],[137.9489574,36.0165389],[137.9489479,36.0159791],[137.9485353,36.0159636],[137.9486244,36.0165428]]]]}},{"type":"Feature","properties":{"fid":460,"地目":"田"},"geometry":{"type":"MultiPolygon","coordinates":[[[[137.9455292,36.016417],[137.9457405,36.0164506],[137.9458353,36.0161639],[137.9458697,36.01606],[137.9458725,36.0159807],[137.9456775,36.0159137],[137.9455292,36.016417]]]]}},{"type":"Feature","properties":{"fid":461,"地目":"田"},"geometry":{"type":"MultiPolygon","coordinates":[[[[137.9522745,36.0163827],[137.952315,36.0163767],[137.9523531,36.0163461],[137.9523737,36.016301],[137.9524019,36.0162354],[137.9523673,36.0161202],[137.9522534,36.0161444],[137.9522926,36.0163273],[137.9522745,36.0163827]]]]}},{"type":"Feature","properties":{"fid":462,"地目":"田"},"geometry":{"type":"MultiPolygon","coordinates":[[[[137.9489574,36.0165389],[137.9491668,36.0165778],[137.9491509,36.0159935],[137.9490611,36.0159796],[137.9489479,36.0159791],[137.9489574,36.0165389]]]]}},{"type":"Feature","properties":{"fid":463,"地目":"田"},"geometry":{"type":"MultiPolygon","coordinates":[[[[137.9474999,36.015967],[137.9474891,36.0165565],[137.9477888,36.0165525],[137.9477795,36.015971],[137.9474999,36.015967]]]]}},{"type":"Feature","properties":{"fid":464,"地目":"田"},"geometry":{"type":"MultiPolygon","coordinates":[[[[137.9472567,36.0159956],[137.9472694,36.0165609],[137.9474891,36.0165565],[137.9474999,36.015967],[137.94743,36.0159721],[137.9473333,36.0159851],[137.9472567,36.0159956]]]]}},{"type":"Feature","properties":{"fid":465,"地目":"田"},"geometry":{"type":"MultiPolygon","coordinates":[[[[137.9521885,36.0163884],[137.9522365,36.0163887],[137.9522745,36.0163827],[137.9522926,36.0163273],[137.9522534,36.0161444],[137.9521446,36.0161603],[137.9521885,36.0163884]]]]}},{"type":"Feature","properties":{"fid":466,"地目":"田"},"geometry":{"type":"MultiPolygon","coordinates":[[[[137.9518318,36.0163348],[137.9519132,36.0163502],[137.9520597,36.0163755],[137.9521607,36.0163883],[137.9521885,36.0163884],[137.9521446,36.0161603],[137.9518461,36.0161938],[137.9518143,36.0161996],[137.9518318,36.0163348]]]]}},{"type":"Feature","properties":{"fid":467,"地目":"田"},"geometry":{"type":"MultiPolygon","coordinates":[[[[137.9477888,36.0165525],[137.9481383,36.0165514],[137.948149,36.01597],[137.9477795,36.015971],[137.9477888,36.0165525]]]]}},{"type":"Feature","properties":{"fid":468,"地目":"田"},"geometry":{"type":"MultiPolygon","coordinates":[[[[137.9466097,36.0165574],[137.9469338,36.0165463],[137.9469538,36.0165374],[137.9469418,36.0160379],[137.9465955,36.0160489],[137.9465986,36.0161587],[137.9466097,36.0165574]]]]}},{"type":"Feature","properties":{"fid":469,"地目":"田"},"geometry":{"type":"MultiPolygon","coordinates":[[[[137.9494464,36.0165845],[137.949666,36.0166071],[137.9496775,36.0160607],[137.9494636,36.0160328],[137.9494464,36.0165845]]]]}},{"type":"Feature","properties":{"fid":470,"地目":"田"},"geometry":{"type":"MultiPolygon","coordinates":[[[[137.9466097,36.0165574],[137.9465986,36.0161587],[137.9465955,36.0160489],[137.9464069,36.0160498],[137.9464085,36.0161618],[137.9464144,36.0165583],[137.9466097,36.0165574]]]]}},{"type":"Feature","properties":{"fid":471,"地目":"田"},"geometry":{"type":"MultiPolygon","coordinates":[[[[137.9464069,36.0160498],[137.9462782,36.0160456],[137.9462776,36.0161304],[137.9461232,36.0161297],[137.9461263,36.0161889],[137.9461436,36.0165285],[137.9462834,36.0165595],[137.9464144,36.0165583],[137.9464085,36.0161618],[137.9464069,36.0160498]]]]}},{"type":"Feature","properties":{"fid":472,"地目":"田"},"geometry":{"type":"MultiPolygon","coordinates":[[[[137.9491668,36.0165778],[137.9494464,36.0165845],[137.9494636,36.0160328],[137.9491509,36.0159935],[137.9491668,36.0165778]]]]}},{"type":"Feature","properties":{"fid":473,"地目":"田"},"geometry":{"type":"MultiPolygon","coordinates":[[[[137.9470031,36.0165597],[137.9472694,36.0165609],[137.9472567,36.0159956],[137.9470069,36.0160053],[137.9469968,36.0160323],[137.9470031,36.0165597]]]]}},{"type":"Feature","properties":{"fid":474,"地目":"畑"},"geometry":{"type":"MultiPolygon","coordinates":[[[[137.9534271,36.0162329],[137.9534613,36.0163308],[137.9535254,36.0164819],[137.9535881,36.0164724],[137.9536267,36.0164687],[137.9536774,36.0164571],[137.953728,36.0164515],[137.9537932,36.0164381],[137.9537698,36.0163362],[137.9537419,36.0161911],[137.9535151,36.0162214],[137.9534271,36.0162329]]]]}},{"type":"Feature","properties":{"fid":475,"地目":"田"},"geometry":{"type":"MultiPolygon","coordinates":[[[[137.9498989,36.0166298],[137.9502954,36.0166755],[137.9503048,36.0161704],[137.9498925,36.0160997],[137.9498989,36.0166298]]]]}},{"type":"Feature","properties":{"fid":476,"地目":"田"},"geometry":{"type":"MultiPolygon","coordinates":[[[[137.9502954,36.0166755],[137.9503243,36.0166788],[137.9506624,36.0167112],[137.9509417,36.0163363],[137.9504276,36.0161865],[137.9503048,36.0161704],[137.9502954,36.0166755]]]]}},{"type":"Feature","properties":{"fid":477,"地目":"田"},"geometry":{"type":"MultiPolygon","coordinates":[[[[137.949666,36.0166071],[137.9498989,36.0166298],[137.9498925,36.0160997],[137.9496997,36.0160636],[137.9496775,36.0160607],[137.949666,36.0166071]]]]}},{"type":"Feature","properties":{"fid":478,"地目":"田"},"geometry":{"type":"MultiPolygon","coordinates":[[[[137.9532963,36.0164946],[137.9533806,36.0164969],[137.9535254,36.0164819],[137.9534613,36.0163308],[137.9534271,36.0162329],[137.9533993,36.0162365],[137.9532546,36.0162437],[137.9532545,36.0162633],[137.9532637,36.0163221],[137.9532963,36.0164946]]]]}},{"type":"Feature","properties":{"fid":479,"地目":"田"},"geometry":{"type":"MultiPolygon","coordinates":[[[[137.9524385,36.0164397],[137.9527179,36.0164704],[137.9530457,36.0164797],[137.9530401,36.0162447],[137.9528013,36.0162652],[137.9526346,36.0163192],[137.9524607,36.0163654],[137.9524385,36.0164397]]]]}},{"type":"Feature","properties":{"fid":480,"地目":"田"},"geometry":{"type":"MultiPolygon","coordinates":[[[[137.9457405,36.0164506],[137.9460929,36.0165172],[137.9461436,36.0165285],[137.9461263,36.0161889],[137.9458353,36.0161639],[137.9457405,36.0164506]]]]}},{"type":"Feature","properties":{"fid":481,"地目":"田"},"geometry":{"type":"MultiPolygon","coordinates":[[[[137.9506624,36.0167112],[137.9507693,36.0167214],[137.9510367,36.016364],[137.9509417,36.0163363],[137.9506624,36.0167112]]]]}},{"type":"Feature","properties":{"fid":482,"地目":"田"},"geometry":{"type":"MultiPolygon","coordinates":[[[[137.9449294,36.0163895],[137.944808,36.0168661],[137.9449498,36.016898],[137.9450711,36.0164093],[137.9449294,36.0163895]]]]}},{"type":"Feature","properties":{"fid":483,"地目":"田"},"geometry":{"type":"MultiPolygon","coordinates":[[[[137.9440963,36.0166537],[137.9441612,36.016678],[137.9441996,36.016695],[137.9442527,36.0167121],[137.944297,36.0167267],[137.9443679,36.0167487],[137.9445451,36.0167928],[137.9446525,36.01634],[137.9442891,36.0162666],[137.9442064,36.0162572],[137.944187,36.0162796],[137.9441839,36.0163176],[137.9440963,36.0166537]]]]}},{"type":"Feature","properties":{"fid":484,"地目":"畑"},"geometry":{"type":"MultiPolygon","coordinates":[[[[137.9515058,36.0165784],[137.951131,36.0163773],[137.9511165,36.0163802],[137.9508645,36.0167404],[137.9513556,36.0167918],[137.9515058,36.0165784]]]]}},{"type":"Feature","properties":{"fid":485,"地目":"田"},"geometry":{"type":"MultiPolygon","coordinates":[[[[137.9450711,36.0164093],[137.9449498,36.016898],[137.9451211,36.0169397],[137.9452491,36.0164508],[137.9450711,36.0164093]]]]}},{"type":"Feature","properties":{"fid":486,"地目":"田"},"geometry":{"type":"MultiPolygon","coordinates":[[[[137.951656,36.0167969],[137.9517506,36.0167121],[137.9515058,36.0165784],[137.9513556,36.0167918],[137.9516269,36.0168202],[137.951656,36.0167969]]]]}},{"type":"Feature","properties":{"fid":487,"地目":"田"},"geometry":{"type":"MultiPolygon","coordinates":[[[[137.9451211,36.0169397],[137.9452704,36.0169851],[137.9454077,36.0164787],[137.9452491,36.0164508],[137.9451211,36.0169397]]]]}},{"type":"Feature","properties":{"fid":488,"地目":"田"},"geometry":{"type":"MultiPolygon","coordinates":[[[[137.9446525,36.01634],[137.9445451,36.0167928],[137.94474,36.0168466],[137.944808,36.0168661],[137.9449294,36.0163895],[137.9446525,36.01634]]]]}},{"type":"Feature","properties":{"fid":489,"地目":"田"},"geometry":{"type":"MultiPolygon","coordinates":[[[[137.963804,36.0149788],[137.9638316,36.0149692],[137.9641178,36.0148697],[137.9639683,36.0145745],[137.9639586,36.0145483],[137.9636606,36.0146978],[137.963804,36.0149788]]]]}},{"type":"Feature","properties":{"fid":490,"地目":"田"},"geometry":{"type":"MultiPolygon","coordinates":[[[[137.9639482,36.013887],[137.963957,36.0138834],[137.9642059,36.0137847],[137.9640292,36.0134885],[137.9638115,36.01355],[137.9637631,36.0135559],[137.9639482,36.013887]]]]}},{"type":"Feature","properties":{"fid":491,"地目":"田"},"geometry":{"type":"MultiPolygon","coordinates":[[[[137.9647221,36.0136465],[137.9648854,36.0138763],[137.965158,36.0137843],[137.9649946,36.0135388],[137.9647221,36.0136465]]]]}},{"type":"Feature","properties":{"fid":492,"地目":"田"},"geometry":{"type":"MultiPolygon","coordinates":[[[[137.9646221,36.0129999],[137.964941,36.0134978],[137.9651844,36.0133935],[137.964874,36.0128753],[137.964744,36.0129223],[137.9646684,36.0129559],[137.9646221,36.0129999]]]]}},{"type":"Feature","properties":{"fid":493,"地目":"田"},"geometry":{"type":"MultiPolygon","coordinates":[[[[137.9647849,36.014903],[137.9647034,36.0147224],[137.9641992,36.0148909],[137.9642355,36.0148992],[137.9643562,36.0149118],[137.9644653,36.0149352],[137.9645315,36.0149368],[137.9646408,36.0149265],[137.9647269,36.0149135],[137.9647849,36.014903]]]]}},{"type":"Feature","properties":{"fid":494,"地目":"田"},"geometry":{"type":"MultiPolygon","coordinates":[[[[137.9644867,36.0137604],[137.9646268,36.0139667],[137.9648582,36.0138831],[137.9648854,36.0138763],[137.9647221,36.0136465],[137.9644867,36.0137604]]]]}},{"type":"Feature","properties":{"fid":495,"地目":"田"},"geometry":{"type":"MultiPolygon","coordinates":[[[[137.9642329,36.013847],[137.9643579,36.0140865],[137.9646268,36.0139667],[137.9644867,36.0137604],[137.9642329,36.013847]]]]}},{"type":"Feature","properties":{"fid":496,"地目":"田"},"geometry":{"type":"MultiPolygon","coordinates":[[[[137.9649612,36.015228],[137.9654354,36.0151386],[137.9652957,36.0148779],[137.9647981,36.0149165],[137.9649612,36.015228]]]]}},{"type":"Feature","properties":{"fid":497,"地目":"田"},"geometry":{"type":"MultiPolygon","coordinates":[[[[137.963994,36.0139488],[137.9641328,36.0141834],[137.9641563,36.0141734],[137.9643579,36.0140865],[137.9642329,36.013847],[137.963994,36.0139488]]]]}},{"type":"Feature","properties":{"fid":498,"地目":"田"},"geometry":{"type":"MultiPolygon","coordinates":[[[[137.96445,36.0136929],[137.9642804,36.0133895],[137.9642108,36.0134258],[137.9641274,36.0134567],[137.9640292,36.0134885],[137.9642059,36.0137847],[137.96445,36.0136929]]]]}},{"type":"Feature","properties":{"fid":499,"地目":"田"},"geometry":{"type":"MultiPolygon","coordinates":[[[[137.9640708,36.0149312],[137.9642319,36.0152412],[137.9643038,36.0152516],[137.964475,36.0152706],[137.9645867,36.0152751],[137.96461,36.0152723],[137.9644553,36.0149539],[137.9644272,36.0149471],[137.9644002,36.0149435],[137.9643462,36.0149292],[137.96429,36.0149236],[137.9642255,36.0149112],[137.9641597,36.0149041],[137.9640708,36.0149312]]]]}},{"type":"Feature","properties":{"fid":500,"地目":"田"},"geometry":{"type":"MultiPolygon","coordinates":[[[[137.9638189,36.0150176],[137.9639146,36.0151773],[137.9640981,36.0152104],[137.9642319,36.0152412],[137.9640708,36.0149312],[137.9640552,36.0149359],[137.9638189,36.0150176]]]]}},{"type":"Feature","properties":{"fid":501,"地目":"田"},"geometry":{"type":"MultiPolygon","coordinates":[[[[137.9644553,36.0149539],[137.96461,36.0152723],[137.9646513,36.0152673],[137.9648202,36.0152519],[137.9649612,36.015228],[137.9647981,36.0149165],[137.964755,36.014923],[137.9647156,36.0149248],[137.9646584,36.0149406],[137.9646125,36.0149479],[137.9645479,36.0149557],[137.96449,36.0149568],[137.9644553,36.0149539]]]]}},{"type":"Feature","properties":{"fid":502,"地目":"田"},"geometry":{"type":"MultiPolygon","coordinates":[[[[137.9637252,36.0140474],[137.9638873,36.0142939],[137.9639173,36.0142752],[137.9641328,36.0141834],[137.963994,36.0139488],[137.9637252,36.0140474]]]]}},{"type":"Feature","properties":{"fid":503,"地目":"田"},"geometry":{"type":"MultiPolygon","coordinates":[[[[137.9646935,36.0135851],[137.964941,36.0134978],[137.9646221,36.0129999],[137.9645251,36.0131015],[137.964452,36.013202],[137.9646935,36.0135851]]]]}},{"type":"Feature","properties":{"fid":504,"地目":"田"},"geometry":{"type":"MultiPolygon","coordinates":[[[[137.9650767,36.0145331],[137.9652334,36.0144854],[137.9652668,36.0144752],[137.9650503,36.0140957],[137.9648686,36.0141594],[137.9650767,36.0145331]]]]}},{"type":"Feature","properties":{"fid":505,"地目":"田"},"geometry":{"type":"MultiPolygon","coordinates":[[[[137.964874,36.0128753],[137.9651844,36.0133935],[137.9654237,36.0132926],[137.9651051,36.0127505],[137.9650421,36.0127808],[137.9649371,36.0128347],[137.964874,36.0128753]]]]}},{"type":"Feature","properties":{"fid":506,"地目":"田"},"geometry":{"type":"MultiPolygon","coordinates":[[[[137.9647647,36.0146406],[137.9650767,36.0145331],[137.9648686,36.0141594],[137.9648512,36.0141654],[137.9645575,36.0142751],[137.9647647,36.0146406]]]]}},{"type":"Feature","properties":{"fid":507,"地目":"田"},"geometry":{"type":"MultiPolygon","coordinates":[[[[137.96445,36.0136929],[137.9646935,36.0135851],[137.964452,36.013202],[137.9644364,36.0132235],[137.9644194,36.0132575],[137.9643521,36.013315],[137.9642804,36.0133895],[137.96445,36.0136929]]]]}},{"type":"Feature","properties":{"fid":508,"地目":"田"},"geometry":{"type":"MultiPolygon","coordinates":[[[[137.9644329,36.0147584],[137.9644562,36.0147502],[137.9647647,36.0146406],[137.9645575,36.0142751],[137.9642648,36.0144105],[137.9644329,36.0147584]]]]}},{"type":"Feature","properties":{"fid":509,"地目":"田"},"geometry":{"type":"MultiPolygon","coordinates":[[[[137.9652469,36.0148701],[137.9650916,36.0145857],[137.9647034,36.0147224],[137.9647849,36.014903],[137.9649853,36.0148891],[137.9651624,36.0148791],[137.9652469,36.0148701]]]]}},{"type":"Feature","properties":{"fid":510,"地目":"田"},"geometry":{"type":"MultiPolygon","coordinates":[[[[137.9641178,36.0148697],[137.9644329,36.0147584],[137.9642648,36.0144105],[137.9639586,36.0145483],[137.9639683,36.0145745],[137.9641178,36.0148697]]]]}},{"type":"Feature","properties":{"fid":511,"地目":"田"},"geometry":{"type":"MultiPolygon","coordinates":[[[[137.9555513,36.0148717],[137.9556288,36.0148999],[137.9556562,36.0149094],[137.9556883,36.0148056],[137.955693,36.0147809],[137.9556564,36.0147807],[137.9555569,36.0147915],[137.9555513,36.0148717]]]]}},{"type":"Feature","properties":{"fid":512,"地目":"田"},"geometry":{"type":"MultiPolygon","coordinates":[[[[137.9570092,36.0148161],[137.9570309,36.0148101],[137.9571412,36.0147766],[137.9571545,36.0147728],[137.9571113,36.0146406],[137.9570967,36.0145278],[137.9570883,36.0144652],[137.9569869,36.0144898],[137.9569448,36.0145218],[137.9569381,36.0145396],[137.9570092,36.0148161]]]]}},{"type":"Feature","properties":{"fid":513,"地目":"田"},"geometry":{"type":"MultiPolygon","coordinates":[[[[137.9619467,36.0147415],[137.9622263,36.014619],[137.9621541,36.0145124],[137.961866,36.0146261],[137.9619467,36.0147415]]]]}},{"type":"Feature","properties":{"fid":514,"地目":"田"},"geometry":{"type":"MultiPolygon","coordinates":[[[[137.9610527,36.0149133],[137.9612525,36.0148672],[137.9613963,36.0148399],[137.9614105,36.0148374],[137.9613382,36.0145592],[137.9612074,36.0145603],[137.9610937,36.0145616],[137.960965,36.0145714],[137.9610527,36.0149133]]]]}},{"type":"Feature","properties":{"fid":515,"地目":"畑"},"geometry":{"type":"MultiPolygon","coordinates":[[[[137.9578687,36.0147295],[137.9578724,36.0146819],[137.957886,36.0146583],[137.9579062,36.0146457],[137.9579286,36.0146403],[137.9582239,36.0146453],[137.9582335,36.0145581],[137.957767,36.0145519],[137.9577636,36.0145687],[137.9577407,36.0146467],[137.9577243,36.01471],[137.9578687,36.0147295]]]]}},{"type":"Feature","properties":{"fid":516,"地目":"畑"},"geometry":{"type":"MultiPolygon","coordinates":[[[[137.958976,36.0145368],[137.959046,36.0147588],[137.9591178,36.0147374],[137.9591538,36.0146975],[137.959088,36.0145136],[137.958976,36.0145368]]]]}},{"type":"Feature","properties":{"fid":517,"地目":"田"},"geometry":{"type":"MultiPolygon","coordinates":[[[[137.9567395,36.0148534],[137.9568819,36.0148388],[137.956864,36.0147793],[137.9568531,36.0147031],[137.9568376,36.0146324],[137.9568265,36.0145878],[137.9568061,36.0145543],[137.956795,36.0145115],[137.9567587,36.0144668],[137.95672,36.0144536],[137.9566305,36.0144941],[137.9566679,36.0145871],[137.9566765,36.0146182],[137.9566895,36.0146576],[137.9567022,36.0147208],[137.9567221,36.0148065],[137.9567395,36.0148534]]]]}},{"type":"Feature","properties":{"fid":518,"地目":"田"},"geometry":{"type":"MultiPolygon","coordinates":[[[[137.9614105,36.0148374],[137.9616669,36.0147906],[137.9616426,36.0145762],[137.9614969,36.0145599],[137.9613382,36.0145592],[137.9614105,36.0148374]]]]}},{"type":"Feature","properties":{"fid":519,"地目":"畑"},"geometry":{"type":"MultiPolygon","coordinates":[[[[137.9550962,36.0145725],[137.9550784,36.0147334],[137.9551087,36.0147434],[137.9552274,36.0147718],[137.9552696,36.0146179],[137.9552768,36.0145678],[137.9552769,36.0145566],[137.9552517,36.0145639],[137.9551236,36.0145726],[137.9550962,36.0145725]]]]}},{"type":"Feature","properties":{"fid":520,"地目":"田"},"geometry":{"type":"MultiPolygon","coordinates":[[[[137.9568819,36.0148388],[137.956967,36.0148277],[137.9570092,36.0148161],[137.9569381,36.0145396],[137.9568061,36.0145543],[137.9568265,36.0145878],[137.9568376,36.0146324],[137.9568531,36.0147031],[137.956864,36.0147793],[137.9568819,36.0148388]]]]}},{"type":"Feature","properties":{"fid":521,"地目":"畑"},"geometry":{"type":"MultiPolygon","coordinates":[[[[137.9587571,36.0148012],[137.9588198,36.0147978],[137.9588378,36.0147833],[137.9588403,36.014747],[137.9588144,36.0146069],[137.9587248,36.0146156],[137.9587571,36.0148012]]]]}},{"type":"Feature","properties":{"fid":522,"地目":"畑"},"geometry":{"type":"MultiPolygon","coordinates":[[[[137.9552769,36.0145566],[137.9552768,36.0145678],[137.9552696,36.0146179],[137.9552274,36.0147718],[137.9553369,36.0147983],[137.9554396,36.0148304],[137.955447,36.014745],[137.9554428,36.0146892],[137.9554477,36.014641],[137.9554387,36.0146242],[137.9554228,36.0146037],[137.9554181,36.0145967],[137.9554002,36.0145702],[137.9552769,36.0145566]]]]}},{"type":"Feature","properties":{"fid":523,"地目":"田"},"geometry":{"type":"MultiPolygon","coordinates":[[[[137.9595148,36.0146061],[137.9595163,36.0146352],[137.9595188,36.0146849],[137.959533,36.0147831],[137.9595366,36.0148043],[137.9597268,36.0147948],[137.9598282,36.0147977],[137.9598908,36.0148029],[137.9598786,36.0146307],[137.9598715,36.0145701],[137.9597044,36.0145875],[137.9596089,36.0145944],[137.9595148,36.0146061]]]]}},{"type":"Feature","properties":{"fid":524,"地目":"畑"},"geometry":{"type":"MultiPolygon","coordinates":[[[[137.9554396,36.0148304],[137.9555513,36.0148717],[137.9555569,36.0147915],[137.9555524,36.0146168],[137.9555287,36.0145251],[137.9554596,36.0145916],[137.9554181,36.0145967],[137.9554228,36.0146037],[137.9554387,36.0146242],[137.9554477,36.014641],[137.9554428,36.0146892],[137.955447,36.014745],[137.9554396,36.0148304]]]]}},{"type":"Feature","properties":{"fid":525,"地目":"田"},"geometry":{"type":"MultiPolygon","coordinates":[[[[137.9561651,36.0148695],[137.9561777,36.0148653],[137.9562234,36.0148692],[137.9562988,36.0148621],[137.9564476,36.0148331],[137.9564594,36.0148259],[137.9564525,36.0147543],[137.9564469,36.0147149],[137.956437,36.0146636],[137.9562663,36.0146838],[137.95625,36.0147028],[137.956247,36.0147206],[137.9562262,36.0147444],[137.956188,36.0147633],[137.9561629,36.0147763],[137.9561613,36.014799],[137.9561651,36.0148695]]]]}},{"type":"Feature","properties":{"fid":526,"地目":"田"},"geometry":{"type":"MultiPolygon","coordinates":[[[[137.9567395,36.0148534],[137.9567221,36.0148065],[137.9567022,36.0147208],[137.9566895,36.0146576],[137.9566765,36.0146182],[137.956437,36.0146636],[137.9564469,36.0147149],[137.9564525,36.0147543],[137.9564594,36.0148259],[137.9565341,36.0148429],[137.9566133,36.0148516],[137.9567072,36.014858],[137.9567395,36.0148534]]]]}},{"type":"Feature","properties":{"fid":527,"地目":"田"},"geometry":{"type":"MultiPolygon","coordinates":[[[[137.9606082,36.0146953],[137.9606793,36.0149569],[137.9607716,36.0149504],[137.9608531,36.0149385],[137.9610527,36.0149133],[137.960965,36.0145714],[137.9608318,36.0146022],[137.9607179,36.0146418],[137.9606491,36.0146728],[137.9606082,36.0146953]]]]}},{"type":"Feature","properties":{"fid":528,"地目":"畑"},"geometry":{"type":"MultiPolygon","coordinates":[[[[137.9576921,36.0148792],[137.9577459,36.0148667],[137.9577794,36.014865],[137.9578242,36.0148689],[137.9578621,36.0148818],[137.9578889,36.014891],[137.9579111,36.0149147],[137.9579297,36.0148166],[137.9579213,36.0147366],[137.9578687,36.0147295],[137.9577243,36.01471],[137.9576843,36.0147046],[137.9576921,36.0148792]]]]}},{"type":"Feature","properties":{"fid":529,"地目":"畑"},"geometry":{"type":"MultiPolygon","coordinates":[[[[137.9576226,36.0148952],[137.9576451,36.0148862],[137.9576921,36.0148792],[137.9576843,36.0147046],[137.9575387,36.0147294],[137.9576226,36.0148952]]]]}},{"type":"Feature","properties":{"fid":530,"地目":"田"},"geometry":{"type":"MultiPolygon","coordinates":[[[[137.9573307,36.0148685],[137.9574799,36.0148255],[137.9574247,36.014718],[137.9573014,36.0147538],[137.957319,36.0147975],[137.9573307,36.0148685]]]]}},{"type":"Feature","properties":{"fid":531,"地目":"畑"},"geometry":{"type":"MultiPolygon","coordinates":[[[[137.9612685,36.0141542],[137.9613002,36.0141513],[137.9614011,36.0141413],[137.961416,36.0141334],[137.9614207,36.0140979],[137.9613649,36.0140994],[137.9613136,36.0140852],[137.9612643,36.0140693],[137.9612108,36.0140603],[137.9611809,36.0140428],[137.961151,36.01402],[137.9611253,36.0140147],[137.9610995,36.0140267],[137.9610716,36.0140353],[137.9610672,36.0140527],[137.9610541,36.0140823],[137.961069,36.014105],[137.9611032,36.0141191],[137.961146,36.014128],[137.9611588,36.0141455],[137.9612338,36.014151],[137.9612685,36.0141542]]]]}},{"type":"Feature","properties":{"fid":532,"地目":"畑"},"geometry":{"type":"MultiPolygon","coordinates":[[[[137.9595865,36.0142414],[137.9597476,36.0142331],[137.9598438,36.0142335],[137.9598419,36.0141953],[137.9598768,36.0139937],[137.959859,36.0139809],[137.9596867,36.0139801],[137.9596182,36.0141889],[137.9595865,36.0142414]]]]}},{"type":"Feature","properties":{"fid":533,"地目":"田"},"geometry":{"type":"MultiPolygon","coordinates":[[[[137.9616874,36.0139806],[137.9616552,36.0139909],[137.9615755,36.0140341],[137.9615368,36.0140531],[137.9615302,36.0140774],[137.9614879,36.0142481],[137.961604,36.0142572],[137.9616874,36.0139806]]]]}},{"type":"Feature","properties":{"fid":534,"地目":"田"},"geometry":{"type":"MultiPolygon","coordinates":[[[[137.9618781,36.0143194],[137.9619311,36.014088],[137.9618392,36.0140405],[137.9617259,36.0139877],[137.9616874,36.0139806],[137.961604,36.0142572],[137.9616158,36.0142608],[137.9617388,36.0142979],[137.9618288,36.014314],[137.9618738,36.0143212],[137.9618781,36.0143194]]]]}},{"type":"Feature","properties":{"fid":535,"地目":"畑"},"geometry":{"type":"MultiPolygon","coordinates":[[[[137.9615302,36.0140774],[137.9614592,36.0141102],[137.961416,36.0141334],[137.9614011,36.0141413],[137.9613002,36.0141513],[137.9612685,36.0141542],[137.9612273,36.014158],[137.9612121,36.0141806],[137.9612098,36.0142084],[137.9612134,36.0142556],[137.9613936,36.0142442],[137.9614879,36.0142481],[137.9615302,36.0140774]]]]}},{"type":"Feature","properties":{"fid":536,"地目":"畑"},"geometry":{"type":"MultiPolygon","coordinates":[[[[137.9598438,36.0142335],[137.9600762,36.0142727],[137.9602254,36.0140498],[137.9601116,36.0140111],[137.9598768,36.0139937],[137.9598419,36.0141953],[137.9598438,36.0142335]]]]}},{"type":"Feature","properties":{"fid":537,"地目":"畑"},"geometry":{"type":"MultiPolygon","coordinates":[[[[137.9594643,36.0142848],[137.9595505,36.0142649],[137.9595865,36.0142414],[137.9596182,36.0141889],[137.9596867,36.0139801],[137.9595972,36.0139816],[137.9595523,36.0140014],[137.9595275,36.014043],[137.9595337,36.014114],[137.9595223,36.0141466],[137.9594837,36.0142192],[137.9594643,36.0142848]]]]}},{"type":"Feature","properties":{"fid":538,"地目":"畑"},"geometry":{"type":"MultiPolygon","coordinates":[[[[137.9594559,36.0143608],[137.9594494,36.0143353],[137.9594643,36.0142848],[137.9594837,36.0142192],[137.9595223,36.0141466],[137.9595337,36.014114],[137.9595275,36.014043],[137.9589941,36.014153],[137.9590794,36.0144627],[137.9592206,36.0144288],[137.9593034,36.0144237],[137.9594559,36.0143608]]]]}},{"type":"Feature","properties":{"fid":539,"地目":"畑"},"geometry":{"type":"MultiPolygon","coordinates":[[[[137.9587722,36.0142269],[137.9587742,36.014265],[137.9588009,36.0142942],[137.9588478,36.0143072],[137.9589373,36.0143003],[137.9589266,36.0142239],[137.9589147,36.0141694],[137.9589071,36.0141348],[137.9588713,36.0141419],[137.9588219,36.0141598],[137.9587631,36.0141725],[137.9587722,36.0142269]]]]}},{"type":"Feature","properties":{"fid":540,"地目":"田"},"geometry":{"type":"MultiPolygon","coordinates":[[[[137.9605383,36.0142542],[137.9605301,36.0142019],[137.9605173,36.0141931],[137.9605045,36.0141843],[137.9603714,36.0142046],[137.9603718,36.0144503],[137.9605027,36.0144422],[137.9605181,36.014383],[137.9605271,36.0143256],[137.9605383,36.0142542]]]]}},{"type":"Feature","properties":{"fid":541,"地目":"田"},"geometry":{"type":"MultiPolygon","coordinates":[[[[137.9624708,36.0145022],[137.9624845,36.0144965],[137.9626779,36.0144259],[137.9627017,36.0143964],[137.9624877,36.0140261],[137.9624102,36.0140641],[137.9623608,36.0140795],[137.9622661,36.0141244],[137.9624708,36.0145022]]]]}},{"type":"Feature","properties":{"fid":542,"地目":"畑"},"geometry":{"type":"MultiPolygon","coordinates":[[[[137.9585711,36.0142005],[137.9585836,36.0142392],[137.9586147,36.0143679],[137.9586053,36.0144224],[137.9586096,36.0144386],[137.9587441,36.0144194],[137.9587354,36.0143757],[137.9587291,36.0143248],[137.9587384,36.0142703],[137.9587397,36.0142286],[137.958739,36.0141776],[137.958683,36.0141883],[137.9585711,36.0142005]]]]}},{"type":"Feature","properties":{"fid":543,"地目":"田"},"geometry":{"type":"MultiPolygon","coordinates":[[[[137.9605383,36.0142542],[137.9605271,36.0143256],[137.9605181,36.014383],[137.9605027,36.0144422],[137.9605175,36.0144684],[137.960599,36.014467],[137.9606377,36.014455],[137.9605962,36.0142475],[137.9605383,36.0142542]]]]}},{"type":"Feature","properties":{"fid":544,"地目":"畑"},"geometry":{"type":"MultiPolygon","coordinates":[[[[137.9602016,36.0142825],[137.9601154,36.014322],[137.9600745,36.0143357],[137.9600486,36.0143617],[137.9600246,36.0144209],[137.9600203,36.0144313],[137.9601124,36.0144439],[137.9602045,36.0144462],[137.9602016,36.0142825]]]]}},{"type":"Feature","properties":{"fid":545,"地目":"田"},"geometry":{"type":"MultiPolygon","coordinates":[[[[137.9621541,36.0145124],[137.9622263,36.014619],[137.962349,36.0145534],[137.9624708,36.0145022],[137.9622661,36.0141244],[137.9622382,36.0141365],[137.9620708,36.0141479],[137.9619569,36.0141823],[137.9621541,36.0145124]]]]}},{"type":"Feature","properties":{"fid":546,"地目":"田"},"geometry":{"type":"MultiPolygon","coordinates":[[[[137.9603714,36.0142046],[137.9602016,36.0142825],[137.9602045,36.0144462],[137.9603718,36.0144503],[137.9603714,36.0142046]]]]}},{"type":"Feature","properties":{"fid":547,"地目":"畑"},"geometry":{"type":"MultiPolygon","coordinates":[[[[137.9589373,36.0143003],[137.9589674,36.0144768],[137.958976,36.0145368],[137.959088,36.0145136],[137.9590794,36.0144627],[137.9589941,36.014153],[137.9589147,36.0141694],[137.9589266,36.0142239],[137.9589373,36.0143003]]]]}},{"type":"Feature","properties":{"fid":548,"地目":"畑"},"geometry":{"type":"MultiPolygon","coordinates":[[[[137.9584198,36.0143943],[137.9584534,36.0143963],[137.9584757,36.0144055],[137.9585067,36.0144474],[137.9585199,36.0144875],[137.9585321,36.014544],[137.9586359,36.0145389],[137.9586096,36.0144386],[137.9586053,36.0144224],[137.9586147,36.0143679],[137.9585836,36.0142392],[137.9585711,36.0142005],[137.958542,36.0141949],[137.9584995,36.0141984],[137.9584458,36.0141981],[137.9584032,36.0142088],[137.958425,36.0142998],[137.9584198,36.0143943]]]]}},{"type":"Feature","properties":{"fid":549,"地目":"畑"},"geometry":{"type":"MultiPolygon","coordinates":[[[[137.9593518,36.0145421],[137.9595109,36.014501],[137.9594933,36.0144537],[137.9594559,36.0143608],[137.9593034,36.0144237],[137.9593518,36.0145421]]]]}},{"type":"Feature","properties":{"fid":550,"地目":"田"},"geometry":{"type":"MultiPolygon","coordinates":[[[[137.9606377,36.014455],[137.9606798,36.0145684],[137.9607465,36.0145426],[137.9608303,36.0145099],[137.9607914,36.0142501],[137.9607142,36.014248],[137.9605962,36.0142475],[137.9606377,36.014455]]]]}},{"type":"Feature","properties":{"fid":551,"地目":"畑"},"geometry":{"type":"MultiPolygon","coordinates":[[[[137.957416,36.0145178],[137.9576187,36.0144917],[137.9577641,36.0144851],[137.9577543,36.0142851],[137.9577118,36.0142813],[137.9575527,36.0143242],[137.9574696,36.0143674],[137.9574156,36.0144126],[137.957379,36.014454],[137.9574095,36.0144988],[137.957416,36.0145178]]]]}},{"type":"Feature","properties":{"fid":552,"地目":"畑"},"geometry":{"type":"MultiPolygon","coordinates":[[[[137.9582826,36.0145009],[137.9583901,36.0144941],[137.9584007,36.0145705],[137.9585372,36.0145675],[137.9585321,36.014544],[137.9585199,36.0144875],[137.9585067,36.0144474],[137.9584757,36.0144055],[137.9584534,36.0143963],[137.9584198,36.0143943],[137.9582946,36.0143956],[137.9582826,36.0145009]]]]}},{"type":"Feature","properties":{"fid":553,"地目":"田"},"geometry":{"type":"MultiPolygon","coordinates":[[[[137.9568862,36.0156208],[137.9569555,36.0158182],[137.9571015,36.0157858],[137.9570392,36.0155831],[137.9570101,36.0155844],[137.9569609,36.015596],[137.9568862,36.0156208]]]]}},{"type":"Feature","properties":{"fid":554,"地目":"畑"},"geometry":{"type":"MultiPolygon","coordinates":[[[[137.9562007,36.0157433],[137.9562147,36.0157532],[137.956243,36.0157435],[137.9563137,36.0157128],[137.9563784,36.0156787],[137.956375,36.0155952],[137.9561895,36.0156124],[137.9561693,36.0156204],[137.9561612,36.015627],[137.9562007,36.0157433]]]]}},{"type":"Feature","properties":{"fid":555,"地目":"田"},"geometry":{"type":"MultiPolygon","coordinates":[[[[137.9562117,36.0157669],[137.9562302,36.0158091],[137.9563973,36.015754],[137.9563834,36.0156891],[137.9562117,36.0157669]]]]}},{"type":"Feature","properties":{"fid":556,"地目":"田"},"geometry":{"type":"MultiPolygon","coordinates":[[[[137.9563834,36.0156891],[137.9563973,36.015754],[137.9564147,36.0158349],[137.9565111,36.0158054],[137.9565076,36.0157928],[137.9564628,36.0157118],[137.9564286,36.0157018],[137.9563834,36.0156891]]]]}},{"type":"Feature","properties":{"fid":557,"地目":"田"},"geometry":{"type":"MultiPolygon","coordinates":[[[[137.9568064,36.0158495],[137.9569393,36.0158221],[137.9569555,36.0158182],[137.9568862,36.0156208],[137.9567623,36.0156542],[137.9568064,36.0158495]]]]}},{"type":"Feature","properties":{"fid":558,"地目":"田"},"geometry":{"type":"MultiPolygon","coordinates":[[[[137.9562603,36.015878],[137.9564147,36.0158349],[137.9563973,36.015754],[137.9562302,36.0158091],[137.9562603,36.015878]]]]}},{"type":"Feature","properties":{"fid":559,"地目":"田"},"geometry":{"type":"MultiPolygon","coordinates":[[[[137.9553708,36.0160011],[137.9554667,36.0159696],[137.9555223,36.0159519],[137.9555778,36.01593],[137.9556202,36.0159106],[137.9556708,36.0158814],[137.9556891,36.0158569],[137.9556206,36.0157109],[137.9555721,36.0157271],[137.9554824,36.0157414],[137.955438,36.015751],[137.9553211,36.015757],[137.9553259,36.0158037],[137.9553317,36.0158364],[137.9553475,36.0158774],[137.9553635,36.0158955],[137.9553723,36.0159307],[137.9553708,36.0160011]]]]}},{"type":"Feature","properties":{"fid":560,"地目":"田"},"geometry":{"type":"MultiPolygon","coordinates":[[[[137.9572805,36.0159373],[137.9575421,36.0158244],[137.9575695,36.0158137],[137.9576094,36.0158014],[137.9575998,36.015791],[137.9575708,36.0157177],[137.9574554,36.0157334],[137.9572051,36.0157877],[137.9572805,36.0159373]]]]}},{"type":"Feature","properties":{"fid":561,"地目":"田"},"geometry":{"type":"MultiPolygon","coordinates":[[[[137.95708,36.0160163],[137.9572805,36.0159373],[137.9572051,36.0157877],[137.9570012,36.0158252],[137.95708,36.0160163]]]]}},{"type":"Feature","properties":{"fid":562,"地目":"田"},"geometry":{"type":"MultiPolygon","coordinates":[[[[137.956287,36.0159391],[137.9565422,36.0158905],[137.9565111,36.0158054],[137.9564147,36.0158349],[137.9562603,36.015878],[137.956287,36.0159391]]]]}},{"type":"Feature","properties":{"fid":563,"地目":"田"},"geometry":{"type":"MultiPolygon","coordinates":[[[[137.9560478,36.0158151],[137.9561245,36.0159819],[137.956287,36.0159391],[137.9562603,36.015878],[137.9562302,36.0158091],[137.9562117,36.0157669],[137.9560478,36.0158151]]]]}},{"type":"Feature","properties":{"fid":564,"地目":"田"},"geometry":{"type":"MultiPolygon","coordinates":[[[[137.9558403,36.0158634],[137.9559436,36.0160747],[137.9559649,36.0160549],[137.9560538,36.0160111],[137.9561245,36.0159819],[137.9560478,36.0158151],[137.9560199,36.0158233],[137.9558403,36.0158634]]]]}},{"type":"Feature","properties":{"fid":565,"地目":"田"},"geometry":{"type":"MultiPolygon","coordinates":[[[[137.9549855,36.0160107],[137.9551126,36.0160184],[137.9551253,36.0160185],[137.9551447,36.0158516],[137.9551283,36.0158485],[137.9549703,36.0158478],[137.9549855,36.0160107]]]]}},{"type":"Feature","properties":{"fid":566,"地目":"田"},"geometry":{"type":"MultiPolygon","coordinates":[[[[137.9585086,36.0161127],[137.9587594,36.0161335],[137.9590108,36.016072],[137.9589937,36.0160058],[137.9589234,36.0159786],[137.9588423,36.0159282],[137.9587919,36.0158922],[137.9587437,36.0158616],[137.9585146,36.015882],[137.9585086,36.0161127]]]]}},{"type":"Feature","properties":{"fid":567,"地目":"田"},"geometry":{"type":"MultiPolygon","coordinates":[[[[137.9585086,36.0161127],[137.9585146,36.015882],[137.9584045,36.0158833],[137.958226,36.0159164],[137.9580937,36.0159445],[137.9577651,36.0160306],[137.957767,36.0160646],[137.9585086,36.0161127]]]]}},{"type":"Feature","properties":{"fid":568,"地目":"田"},"geometry":{"type":"MultiPolygon","coordinates":[[[[137.9567145,36.0158772],[137.9568117,36.0161084],[137.9570653,36.0160221],[137.95708,36.0160163],[137.9570012,36.0158252],[137.9567145,36.0158772]]]]}},{"type":"Feature","properties":{"fid":569,"地目":"畑"},"geometry":{"type":"MultiPolygon","coordinates":[[[[137.9590505,36.0160615],[137.9592071,36.0160175],[137.9591814,36.0159136],[137.9589764,36.015961],[137.9590443,36.0160096],[137.9590505,36.0160615]]]]}},{"type":"Feature","properties":{"fid":570,"地目":"田"},"geometry":{"type":"MultiPolygon","coordinates":[[[[137.956563,36.016162],[137.95654,36.0159053],[137.9562819,36.0159515],[137.9563785,36.016183],[137.9564869,36.0161724],[137.956563,36.016162]]]]}},{"type":"Feature","properties":{"fid":571,"地目":"田"},"geometry":{"type":"MultiPolygon","coordinates":[[[[137.9563785,36.016183],[137.9562819,36.0159515],[137.9561689,36.0159805],[137.9561134,36.0160021],[137.9560935,36.016011],[137.9561743,36.0162],[137.9562268,36.0161974],[137.9563438,36.0161865],[137.9563785,36.016183]]]]}},{"type":"Feature","properties":{"fid":572,"地目":"田"},"geometry":{"type":"MultiPolygon","coordinates":[[[[137.956563,36.016162],[137.9565917,36.0161581],[137.9566724,36.0161487],[137.9568117,36.0161084],[137.9567145,36.0158772],[137.95654,36.0159053],[137.956563,36.016162]]]]}},{"type":"Feature","properties":{"fid":573,"地目":"田"},"geometry":{"type":"MultiPolygon","coordinates":[[[[137.9555581,36.0161894],[137.9557535,36.0161952],[137.9557878,36.0161807],[137.9559436,36.0160747],[137.9558403,36.0158634],[137.9558003,36.0158239],[137.9557802,36.0158255],[137.9557395,36.0158448],[137.9557052,36.0158627],[137.9556729,36.0158986],[137.9556102,36.0159327],[137.9555456,36.015957],[137.9554285,36.0159892],[137.9555581,36.0161894]]]]}},{"type":"Feature","properties":{"fid":574,"地目":"田"},"geometry":{"type":"MultiPolygon","coordinates":[[[[137.9559024,36.0162106],[137.9560435,36.0162064],[137.9561743,36.0162],[137.9560935,36.016011],[137.9560497,36.0160209],[137.9559759,36.0160653],[137.9559274,36.0160946],[137.9558808,36.0161303],[137.9559024,36.0162106]]]]}},{"type":"Feature","properties":{"fid":575,"地目":"畑"},"geometry":{"type":"MultiPolygon","coordinates":[[[[137.9557201,36.0152514],[137.9556517,36.0152325],[137.9556375,36.0152918],[137.9556153,36.0152907],[137.9556005,36.0153641],[137.9555954,36.0154309],[137.9557398,36.015387],[137.9557354,36.0153499],[137.9557289,36.0152978],[137.9557201,36.0152514]]]]}},{"type":"Feature","properties":{"fid":576,"地目":"田"},"geometry":{"type":"MultiPolygon","coordinates":[[[[137.9613766,36.0155443],[137.9615247,36.0154573],[137.9616352,36.0153934],[137.9617391,36.0153403],[137.9617899,36.0153172],[137.9617814,36.0152707],[137.9613406,36.0153385],[137.9613766,36.0155443]]]]}},{"type":"Feature","properties":{"fid":577,"地目":"田"},"geometry":{"type":"MultiPolygon","coordinates":[[[[137.95948,36.0155455],[137.9596065,36.0155614],[137.9596352,36.0155597],[137.9596792,36.0155581],[137.9596773,36.0155188],[137.9597412,36.0155066],[137.9597496,36.0155585],[137.9598224,36.0155409],[137.9597523,36.0151739],[137.9594502,36.0152388],[137.9594061,36.0152511],[137.95948,36.0155455]]]]}},{"type":"Feature","properties":{"fid":578,"地目":"畑"},"geometry":{"type":"MultiPolygon","coordinates":[[[[137.9557201,36.0152514],[137.9557289,36.0152978],[137.9557354,36.0153499],[137.9557398,36.015387],[137.9558724,36.0153709],[137.9559092,36.0153506],[137.9559165,36.0152857],[137.9559121,36.0152504],[137.9558801,36.0152595],[137.9557703,36.0152609],[137.9557201,36.0152514]]]]}},{"type":"Feature","properties":{"fid":579,"地目":"田"},"geometry":{"type":"MultiPolygon","coordinates":[[[[137.9588034,36.015497],[137.9590169,36.0155122],[137.9589546,36.0152792],[137.9589417,36.0152311],[137.9589197,36.015231],[137.958765,36.0153161],[137.9588034,36.015497]]]]}},{"type":"Feature","properties":{"fid":580,"地目":"田"},"geometry":{"type":"MultiPolygon","coordinates":[[[[137.9589546,36.0152792],[137.9590169,36.0155122],[137.9592458,36.0155222],[137.9593558,36.0155299],[137.95948,36.0155455],[137.9594061,36.0152511],[137.9593933,36.0151956],[137.9589546,36.0152792]]]]}},{"type":"Feature","properties":{"fid":581,"地目":"田"},"geometry":{"type":"MultiPolygon","coordinates":[[[[137.9570951,36.0154781],[137.9574129,36.0154614],[137.9574022,36.0153977],[137.9573892,36.015334],[137.9573809,36.0152322],[137.9573092,36.0152555],[137.9572485,36.015288],[137.957141,36.0153165],[137.957067,36.0153417],[137.9570951,36.0154781]]]]}},{"type":"Feature","properties":{"fid":582,"地目":"田"},"geometry":{"type":"MultiPolygon","coordinates":[[[[137.9611906,36.015708],[137.9613766,36.0155443],[137.9613406,36.0153385],[137.9611181,36.0153679],[137.9611352,36.0154431],[137.9611671,36.0155988],[137.9611906,36.015708]]]]}},{"type":"Feature","properties":{"fid":583,"地目":"田"},"geometry":{"type":"MultiPolygon","coordinates":[[[[137.9584129,36.0155896],[137.9587433,36.0155601],[137.9587366,36.0154706],[137.9587037,36.0153489],[137.9586139,36.015383],[137.9585345,36.0154113],[137.9584609,36.0154372],[137.9583888,36.0154571],[137.9584129,36.0155896]]]]}},{"type":"Feature","properties":{"fid":584,"地目":"畑"},"geometry":{"type":"MultiPolygon","coordinates":[[[[137.9551421,36.0155366],[137.955382,36.0155563],[137.9553623,36.0154224],[137.9553579,36.015402],[137.955143,36.0154103],[137.9551428,36.0154382],[137.9551424,36.0154864],[137.9551421,36.0155366]]]]}},{"type":"Feature","properties":{"fid":585,"地目":"田"},"geometry":{"type":"MultiPolygon","coordinates":[[[[137.9608616,36.0157774],[137.960992,36.0157697],[137.961089,36.0157576],[137.9611906,36.015708],[137.9611671,36.0155988],[137.9611352,36.0154431],[137.9611181,36.0153679],[137.9607963,36.0154201],[137.9608819,36.0157728],[137.9608616,36.0157774]]]]}},{"type":"Feature","properties":{"fid":586,"地目":"田"},"geometry":{"type":"MultiPolygon","coordinates":[[[[137.9605187,36.0157712],[137.9606156,36.0157734],[137.9606904,36.0157755],[137.9608004,36.0157796],[137.9608511,36.0157798],[137.9608616,36.0157774],[137.9608819,36.0157728],[137.9607963,36.0154201],[137.9604568,36.0154812],[137.9605253,36.0157694],[137.9605187,36.0157712]]]]}},{"type":"Feature","properties":{"fid":587,"地目":"畑"},"geometry":{"type":"MultiPolygon","coordinates":[[[[137.9567241,36.0156482],[137.9568827,36.0156016],[137.9570065,36.0155741],[137.9570066,36.0155608],[137.9567228,36.0155757],[137.9567241,36.0156482]]]]}},{"type":"Feature","properties":{"fid":588,"地目":"田"},"geometry":{"type":"MultiPolygon","coordinates":[[[[137.9610304,36.0149934],[137.961116,36.015337],[137.9614488,36.015281],[137.9613611,36.0149305],[137.9611786,36.0149593],[137.9610304,36.0149934]]]]}},{"type":"Feature","properties":{"fid":589,"地目":"田"},"geometry":{"type":"MultiPolygon","coordinates":[[[[137.9601778,36.0157178],[137.9602878,36.0157326],[137.960378,36.0157509],[137.9605187,36.0157712],[137.9605253,36.0157694],[137.9604568,36.0154812],[137.9601483,36.0155281],[137.9601778,36.0157178]]]]}},{"type":"Feature","properties":{"fid":590,"地目":"田"},"geometry":{"type":"MultiPolygon","coordinates":[[[[137.9601778,36.0157178],[137.9601483,36.0155281],[137.9597472,36.015596],[137.9597492,36.0156264],[137.9601778,36.0157178]]]]}},{"type":"Feature","properties":{"fid":591,"地目":"田"},"geometry":{"type":"MultiPolygon","coordinates":[[[[137.9571015,36.0157858],[137.9575686,36.0157094],[137.9575695,36.0156934],[137.9575615,36.0155411],[137.9572704,36.0155546],[137.9570721,36.0155699],[137.9570392,36.0155831],[137.9571015,36.0157858]]]]}},{"type":"Feature","properties":{"fid":592,"地目":"畑"},"geometry":{"type":"MultiPolygon","coordinates":[[[[137.9564546,36.0157001],[137.9565037,36.0156959],[137.9565656,36.0156859],[137.9566093,36.0156801],[137.9566476,36.0156729],[137.9566604,36.0156567],[137.9566664,36.015574],[137.95649,36.0155806],[137.9564949,36.0156545],[137.9564567,36.0156573],[137.9564546,36.0157001]]]]}},{"type":"Feature","properties":{"fid":593,"地目":"田"},"geometry":{"type":"MultiPolygon","coordinates":[[[[137.956699,36.0151691],[137.9568941,36.0151028],[137.9568502,36.0149808],[137.9568371,36.0149317],[137.9567787,36.0149587],[137.9567292,36.0149984],[137.9566461,36.0150507],[137.956699,36.0151691]]]]}},{"type":"Feature","properties":{"fid":594,"地目":"田"},"geometry":{"type":"MultiPolygon","coordinates":[[[[137.9613611,36.0149305],[137.9614488,36.015281],[137.9617558,36.0152284],[137.9616813,36.0148605],[137.9616596,36.0148639],[137.9615758,36.0148844],[137.9613611,36.0149305]]]]}},{"type":"Feature","properties":{"fid":595,"地目":"田"},"geometry":{"type":"MultiPolygon","coordinates":[[[[137.9597523,36.0151739],[137.9597181,36.0150253],[137.9594297,36.0150222],[137.9594502,36.0152388],[137.9597523,36.0151739]]]]}},{"type":"Feature","properties":{"fid":596,"地目":"田"},"geometry":{"type":"MultiPolygon","coordinates":[[[[137.9587857,36.015203],[137.958898,36.0151435],[137.9588029,36.0149777],[137.9586863,36.0150208],[137.9587857,36.015203]]]]}},{"type":"Feature","properties":{"fid":597,"地目":"田"},"geometry":{"type":"MultiPolygon","coordinates":[[[[137.9568985,36.0151155],[137.9569359,36.0152102],[137.9570099,36.0151814],[137.9570011,36.015156],[137.9570125,36.0151269],[137.9570283,36.0151106],[137.9570151,36.0150779],[137.9568985,36.0151155]]]]}},{"type":"Feature","properties":{"fid":598,"地目":"田"},"geometry":{"type":"MultiPolygon","coordinates":[[[[137.956093,36.015214],[137.9562265,36.0152049],[137.9563063,36.0151839],[137.956282,36.0151094],[137.956262,36.015058],[137.9561452,36.0150758],[137.9560807,36.0150826],[137.9560846,36.0150989],[137.9560822,36.015123],[137.9560843,36.0151527],[137.9560884,36.015182],[137.956093,36.015214]]]]}},{"type":"Feature","properties":{"fid":599,"地目":"田"},"geometry":{"type":"MultiPolygon","coordinates":[[[[137.9564818,36.0151799],[137.9565188,36.0151639],[137.9565565,36.0151286],[137.9565113,36.0150336],[137.9564425,36.0150536],[137.9564364,36.0150282],[137.9564162,36.0150357],[137.9564818,36.0151799]]]]}},{"type":"Feature","properties":{"fid":600,"地目":"田"},"geometry":{"type":"MultiPolygon","coordinates":[[[[137.9556756,36.015071],[137.9556979,36.015164],[137.9557201,36.0152514],[137.9557703,36.0152609],[137.9558801,36.0152595],[137.9559121,36.0152504],[137.9558813,36.0150849],[137.955918,36.0150573],[137.9559053,36.0149499],[137.9559051,36.0149476],[137.9558433,36.0149511],[137.9557793,36.0149489],[137.9557108,36.0149449],[137.9556629,36.0149317],[137.9556756,36.015071]]]]}},{"type":"Feature","properties":{"fid":601,"地目":"田"},"geometry":{"type":"MultiPolygon","coordinates":[[[[137.9559121,36.0152504],[137.9559408,36.0152474],[137.9559808,36.0152433],[137.9560311,36.0152323],[137.956093,36.015214],[137.9560884,36.015182],[137.9560843,36.0151527],[137.9560822,36.015123],[137.9560846,36.0150989],[137.9560807,36.0150826],[137.9560735,36.0150524],[137.955918,36.0150573],[137.9558813,36.0150849],[137.9559121,36.0152504]]]]}},{"type":"Feature","properties":{"fid":602,"地目":"畑"},"geometry":{"type":"MultiPolygon","coordinates":[[[[137.9555705,36.0150724],[137.9555725,36.015117],[137.9554765,36.0151035],[137.9554309,36.0150885],[137.9554399,36.0151108],[137.9554561,36.0151338],[137.9554648,36.0151462],[137.9555468,36.0151874],[137.955638,36.0152287],[137.9556517,36.0152325],[137.9557201,36.0152514],[137.9556979,36.015164],[137.9556756,36.015071],[137.9556207,36.0150782],[137.9555705,36.0150724]]]]}},{"type":"Feature","properties":{"fid":603,"地目":"田"},"geometry":{"type":"MultiPolygon","coordinates":[[[[137.9607832,36.0153948],[137.961116,36.015337],[137.9610304,36.0149934],[137.9608887,36.0150155],[137.9607107,36.0150251],[137.9607832,36.0153948]]]]}},{"type":"Feature","properties":{"fid":604,"地目":"田"},"geometry":{"type":"MultiPolygon","coordinates":[[[[137.9607832,36.0153948],[137.9607107,36.0150251],[137.9605832,36.0150364],[137.9605061,36.0150325],[137.9604225,36.0150321],[137.9604004,36.0150356],[137.9603872,36.0150409],[137.9603805,36.0150605],[137.9604769,36.0154401],[137.9607832,36.0153948]]]]}},{"type":"Feature","properties":{"fid":605,"地目":"畑"},"geometry":{"type":"MultiPolygon","coordinates":[[[[137.9556517,36.0152325],[137.955638,36.0152287],[137.9555468,36.0151874],[137.9554648,36.0151462],[137.9554561,36.0151338],[137.9554486,36.0151796],[137.9554369,36.0152222],[137.955432,36.0152612],[137.9554342,36.0152816],[137.9556153,36.0152907],[137.9556375,36.0152918],[137.9556517,36.0152325]]]]}},{"type":"Feature","properties":{"fid":606,"地目":"田"},"geometry":{"type":"MultiPolygon","coordinates":[[[[137.9598224,36.0155409],[137.9601265,36.015494],[137.9600373,36.015025],[137.9597181,36.0150253],[137.9597523,36.0151739],[137.9598224,36.0155409]]]]}},{"type":"Feature","properties":{"fid":607,"地目":"田"},"geometry":{"type":"MultiPolygon","coordinates":[[[[137.9601265,36.015494],[137.9604219,36.015447],[137.9604242,36.0154309],[137.9603212,36.0150316],[137.9600373,36.015025],[137.9601265,36.015494]]]]}},{"type":"Feature","properties":{"fid":608,"地目":"田"},"geometry":{"type":"MultiPolygon","coordinates":[[[[137.9573809,36.0152322],[137.9573892,36.015334],[137.9574022,36.0153977],[137.9574129,36.0154614],[137.95763,36.015446],[137.9576276,36.0151497],[137.957612,36.0151424],[137.9575424,36.0151711],[137.9574572,36.0152035],[137.9574024,36.0152265],[137.9573809,36.0152322]]]]}},{"type":"Feature","properties":{"fid":609,"地目":"田"},"geometry":{"type":"MultiPolygon","coordinates":[[[[137.9623189,36.0147539],[137.9624005,36.0150137],[137.9624188,36.0150066],[137.9628014,36.0148742],[137.9628466,36.014857],[137.9628425,36.0148291],[137.9627742,36.0147818],[137.9627015,36.0147536],[137.9626244,36.0147288],[137.962485,36.0147317],[137.9623605,36.0147468],[137.9623189,36.0147539]]]]}},{"type":"Feature","properties":{"fid":610,"地目":"田"},"geometry":{"type":"MultiPolygon","coordinates":[[[[137.9591869,36.0150069],[137.9592542,36.014983],[137.9592931,36.0149662],[137.9593946,36.0149569],[137.9595557,36.014954],[137.9595502,36.0148849],[137.9595366,36.0148043],[137.959533,36.0147831],[137.9595188,36.0146849],[137.9595163,36.0146352],[137.9595148,36.0146061],[137.9594729,36.0146216],[137.9594222,36.0146323],[137.9593848,36.0146455],[137.9593264,36.0146816],[137.959271,36.0147104],[137.9592201,36.0147356],[137.9591797,36.0147536],[137.9591199,36.0147764],[137.9591869,36.0150069]]]]}},{"type":"Feature","properties":{"fid":611,"地目":"畑"},"geometry":{"type":"MultiPolygon","coordinates":[[[[137.9550903,36.0147638],[137.955056,36.0147581],[137.9550489,36.0147952],[137.9550418,36.0148341],[137.95503,36.0148861],[137.9550618,36.0149104],[137.9551051,36.0149273],[137.9551576,36.0149498],[137.9551691,36.0149534],[137.9552043,36.0147977],[137.9551291,36.0147751],[137.9550903,36.0147638]]]]}},{"type":"Feature","properties":{"fid":612,"地目":"畑"},"geometry":{"type":"MultiPolygon","coordinates":[[[[137.9604519,36.0149663],[137.9605141,36.0149649],[137.960585,36.0149582],[137.9606793,36.0149569],[137.9606082,36.0146953],[137.9605738,36.014709],[137.9605308,36.0147245],[137.9604793,36.0147295],[137.960445,36.0147276],[137.9604519,36.0149663]]]]}},{"type":"Feature","properties":{"fid":613,"地目":"田"},"geometry":{"type":"MultiPolygon","coordinates":[[[[137.9556562,36.0149094],[137.9556718,36.014916],[137.9556967,36.0149209],[137.9557392,36.0149222],[137.9558053,36.0149237],[137.9558992,36.0149265],[137.9559609,36.0149197],[137.9560667,36.0148999],[137.9561389,36.0148782],[137.9561422,36.0148459],[137.9561337,36.0148041],[137.9561212,36.0147915],[137.9559644,36.0147598],[137.9558227,36.0147567],[137.9557861,36.0147615],[137.955693,36.0147809],[137.9556883,36.0148056],[137.9556562,36.0149094]]]]}},{"type":"Feature","properties":{"fid":614,"地目":"田"},"geometry":{"type":"MultiPolygon","coordinates":[[[[137.9621673,36.0151031],[137.9624005,36.0150137],[137.9623189,36.0147539],[137.9623004,36.014757],[137.9622446,36.0147654],[137.9621072,36.0147927],[137.9619741,36.014813],[137.9621673,36.0151031]]]]}},{"type":"Feature","properties":{"fid":615,"地目":"田"},"geometry":{"type":"MultiPolygon","coordinates":[[[[137.9571742,36.0150386],[137.9573534,36.0150067],[137.9573307,36.0148685],[137.957319,36.0147975],[137.9573014,36.0147538],[137.9572431,36.0147826],[137.9571489,36.0148076],[137.9571548,36.0149295],[137.9571742,36.0150386]]]]}},{"type":"Feature","properties":{"fid":616,"地目":"田"},"geometry":{"type":"MultiPolygon","coordinates":[[[[137.9566062,36.0148733],[137.9566159,36.0149681],[137.9566744,36.0149463],[137.9567179,36.0149821],[137.9568894,36.0148847],[137.9568416,36.0148709],[137.9567749,36.0148706],[137.9567061,36.0148839],[137.9566644,36.014882],[137.9566062,36.0148733]]]]}},{"type":"Feature","properties":{"fid":617,"地目":"畑"},"geometry":{"type":"MultiPolygon","coordinates":[[[[137.9551691,36.0149534],[137.9551941,36.0149611],[137.955429,36.015029],[137.955418,36.0149751],[137.955416,36.0149343],[137.9554278,36.0148805],[137.9554279,36.0148637],[137.9553047,36.0148242],[137.9552043,36.0147977],[137.9551691,36.0149534]]]]}},{"type":"Feature","properties":{"fid":618,"地目":"畑"},"geometry":{"type":"MultiPolygon","coordinates":[[[[137.9598972,36.0149544],[137.9601746,36.0149677],[137.9601975,36.0148939],[137.9599111,36.0148878],[137.9598972,36.0149544]]]]}},{"type":"Feature","properties":{"fid":619,"地目":"田"},"geometry":{"type":"MultiPolygon","coordinates":[[[[137.9586182,36.014844],[137.9586729,36.015008],[137.9587739,36.0149648],[137.9587099,36.0148373],[137.9586293,36.0148442],[137.9586182,36.014844]]]]}},{"type":"Feature","properties":{"fid":620,"地目":"田"},"geometry":{"type":"MultiPolygon","coordinates":[[[[137.9579111,36.0149147],[137.9579467,36.0149385],[137.9579868,36.0149714],[137.9580335,36.0150043],[137.9580848,36.0150264],[137.9581607,36.0150558],[137.9581868,36.014836],[137.9579297,36.0148166],[137.9579111,36.0149147]]]]}},{"type":"Feature","properties":{"fid":621,"地目":"田"},"geometry":{"type":"MultiPolygon","coordinates":[[[[137.9584632,36.014843],[137.958469,36.0150634],[137.9585429,36.0150438],[137.9586729,36.015008],[137.9586182,36.014844],[137.9584996,36.0148418],[137.9584632,36.014843]]]]}},{"type":"Feature","properties":{"fid":622,"地目":"田"},"geometry":{"type":"MultiPolygon","coordinates":[[[[137.9569426,36.014874],[137.9569758,36.0149359],[137.9569779,36.0149559],[137.9569799,36.0149796],[137.9570151,36.0150779],[137.9571742,36.0150386],[137.9571548,36.0149295],[137.9571489,36.0148076],[137.957066,36.0148309],[137.9570054,36.0148524],[137.9569426,36.014874]]]]}},{"type":"Feature","properties":{"fid":623,"地目":"田"},"geometry":{"type":"MultiPolygon","coordinates":[[[[137.9560866,36.014991],[137.9561035,36.0149793],[137.9561432,36.0149609],[137.956171,36.0149456],[137.9561985,36.0149331],[137.9561831,36.0148927],[137.9561415,36.0148965],[137.9560935,36.0149132],[137.9560768,36.0149182],[137.9560866,36.014991]]]]}},{"type":"Feature","properties":{"fid":624,"地目":"田"},"geometry":{"type":"MultiPolygon","coordinates":[[[[137.956334,36.0148754],[137.9564051,36.0150399],[137.9564162,36.0150357],[137.9564364,36.0150282],[137.9566159,36.0149681],[137.9566062,36.0148733],[137.9565708,36.0148629],[137.9565396,36.0148628],[137.9564647,36.0148489],[137.9564188,36.0148538],[137.9563521,36.0148704],[137.956334,36.0148754]]]]}},{"type":"Feature","properties":{"fid":625,"地目":"畑"},"geometry":{"type":"MultiPolygon","coordinates":[[[[137.955429,36.015029],[137.9554746,36.0150552],[137.9555157,36.0150629],[137.9555613,36.0150779],[137.9555705,36.0150724],[137.9556207,36.0150782],[137.9556756,36.015071],[137.9556629,36.0149317],[137.9555694,36.0149015],[137.9554279,36.0148637],[137.9554278,36.0148805],[137.955416,36.0149343],[137.955418,36.0149751],[137.955429,36.015029]]]]}},{"type":"Feature","properties":{"fid":626,"地目":"田"},"geometry":{"type":"MultiPolygon","coordinates":[[[[137.9616813,36.0148605],[137.9617558,36.0152284],[137.9618781,36.0152185],[137.9619403,36.0152049],[137.9618589,36.0150372],[137.9618526,36.0150268],[137.9619901,36.0149803],[137.9618916,36.0148281],[137.9616813,36.0148605]]]]}},{"type":"Feature","properties":{"fid":627,"地目":"田"},"geometry":{"type":"MultiPolygon","coordinates":[[[[137.9568371,36.0149317],[137.9568502,36.0149808],[137.9568941,36.0151028],[137.9568985,36.0151155],[137.9570151,36.0150779],[137.9569799,36.0149796],[137.9569779,36.0149559],[137.9569758,36.0149359],[137.9569426,36.014874],[137.9569112,36.0148847],[137.9568371,36.0149317]]]]}},{"type":"Feature","properties":{"fid":628,"地目":"田"},"geometry":{"type":"MultiPolygon","coordinates":[[[[137.955918,36.0150573],[137.9560735,36.0150524],[137.9560636,36.0150197],[137.9560721,36.0150011],[137.9560866,36.014991],[137.9560768,36.0149182],[137.9560058,36.0149365],[137.955962,36.0149499],[137.9559053,36.0149499],[137.955918,36.0150573]]]]}},{"type":"Feature","properties":{"fid":629,"地目":"田"},"geometry":{"type":"MultiPolygon","coordinates":[[[[137.9560735,36.0150524],[137.9560807,36.0150826],[137.9561452,36.0150758],[137.956262,36.015058],[137.9562165,36.0149618],[137.9561985,36.0149331],[137.956171,36.0149456],[137.9561432,36.0149609],[137.9561035,36.0149793],[137.9560866,36.014991],[137.9560721,36.0150011],[137.9560636,36.0150197],[137.9560735,36.0150524]]]]}},{"type":"Feature","properties":{"fid":630,"地目":"田"},"geometry":{"type":"MultiPolygon","coordinates":[[[[137.9574024,36.0152265],[137.9574572,36.0152035],[137.9575424,36.0151711],[137.957612,36.0151424],[137.9576771,36.0151099],[137.9577157,36.015032],[137.9577315,36.0150066],[137.9579397,36.0149875],[137.9578797,36.01492],[137.9578194,36.0149034],[137.9577344,36.0149066],[137.9576336,36.0149262],[137.9575639,36.0149786],[137.9575075,36.0150492],[137.9574465,36.0151271],[137.9574012,36.015205],[137.9574024,36.0152265]]]]}},{"type":"Feature","properties":{"fid":631,"地目":"田"},"geometry":{"type":"MultiPolygon","coordinates":[[[[137.9563226,36.0152028],[137.9564271,36.015172],[137.9564373,36.0151991],[137.9564818,36.0151799],[137.9564162,36.0150357],[137.9564051,36.0150399],[137.956334,36.0148754],[137.9562978,36.0148854],[137.9562437,36.0148852],[137.9561936,36.0148883],[137.956245,36.0149901],[137.9562737,36.0150562],[137.9563044,36.0151359],[137.9563187,36.0151816],[137.9563226,36.0152028]]]]}},{"type":"Feature","properties":{"fid":632,"地目":"畑"},"geometry":{"type":"MultiPolygon","coordinates":[[[[137.9549524,36.0145422],[137.9549329,36.0147111],[137.9549717,36.0147224],[137.9550403,36.0147208],[137.9550784,36.0147334],[137.9550962,36.0145725],[137.9550756,36.0145724],[137.9550094,36.0145573],[137.9549524,36.0145422]]]]}},{"type":"Feature","properties":{"fid":633,"地目":"田"},"geometry":{"type":"MultiPolygon","coordinates":[[[[137.9555569,36.0147915],[137.9556564,36.0147807],[137.955693,36.0147809],[137.9557861,36.0147615],[137.9557715,36.0146673],[137.9557095,36.0146027],[137.9555524,36.0146168],[137.9555569,36.0147915]]]]}},{"type":"Feature","properties":{"fid":634,"地目":"畑"},"geometry":{"type":"MultiPolygon","coordinates":[[[[137.9561212,36.0147915],[137.9561199,36.0147506],[137.95612,36.0147434],[137.9561509,36.0147346],[137.9561905,36.0147312],[137.9562126,36.0147206],[137.9562193,36.0147027],[137.9562262,36.0146598],[137.956222,36.0146383],[137.9561957,36.0146185],[137.9561674,36.0145701],[137.9561345,36.0145539],[137.9559185,36.0145887],[137.9559228,36.0146048],[137.9557715,36.0146673],[137.9557861,36.0147615],[137.9558227,36.0147567],[137.9559644,36.0147598],[137.9561212,36.0147915]]]]}},{"type":"Feature","properties":{"fid":635,"地目":"畑"},"geometry":{"type":"MultiPolygon","coordinates":[[[[137.956437,36.0146636],[137.9566765,36.0146182],[137.9566679,36.0145871],[137.9566305,36.0144941],[137.9566143,36.0144903],[137.9564174,36.014524],[137.9564125,36.0145943],[137.956437,36.0146636]]]]}},{"type":"Feature","properties":{"fid":636,"地目":"田"},"geometry":{"type":"MultiPolygon","coordinates":[[[[137.9605474,36.0141689],[137.9605516,36.0141915],[137.9605556,36.0142246],[137.9605899,36.0142265],[137.9606307,36.0142267],[137.9606864,36.0142305],[137.9607078,36.014234],[137.9607679,36.0142343],[137.9608087,36.0142206],[137.9608346,36.0142015],[137.9608519,36.0141789],[137.9609292,36.0141549],[137.9609937,36.0141343],[137.9610346,36.0141118],[137.9610433,36.0140909],[137.96105,36.0140579],[137.9610674,36.0140266],[137.9610825,36.014011],[137.9611362,36.013999],[137.9611717,36.0140166],[137.961165,36.013865],[137.9611178,36.0138648],[137.9609998,36.013873],[137.9609097,36.0138778],[137.960755,36.0139154],[137.9605617,36.0139686],[137.9605046,36.0139808],[137.9605184,36.0140293],[137.9605204,36.0140537],[137.9605474,36.0141689]]]]}},{"type":"Feature","properties":{"fid":637,"地目":"田"},"geometry":{"type":"MultiPolygon","coordinates":[[[[137.9582025,36.0150986],[137.9582404,36.0151096],[137.9582583,36.015117],[137.9582829,36.0151189],[137.9583366,36.0151119],[137.9583972,36.0150867],[137.958469,36.0150634],[137.9584632,36.014843],[137.9584056,36.014845],[137.9582647,36.0148353],[137.95824,36.0148443],[137.9582072,36.0150586],[137.9582025,36.0150986]]]]}},{"type":"Feature","properties":{"fid":638,"地目":"畑"},"geometry":{"type":"MultiPolygon","coordinates":[[[[137.9559024,36.0162106],[137.9558808,36.0161303],[137.9558018,36.0161971],[137.9558078,36.0162037],[137.9559024,36.0162106]]]]}},{"type":"Feature","properties":{"fid":639,"地目":"畑"},"geometry":{"type":"MultiPolygon","coordinates":[[[[137.9576843,36.0147046],[137.9577243,36.01471],[137.9577407,36.0146467],[137.9577636,36.0145687],[137.957767,36.0145519],[137.9577752,36.0145051],[137.9577641,36.0144851],[137.9576187,36.0144917],[137.9576294,36.0145644],[137.9576403,36.0145972],[137.9576512,36.0146445],[137.9576843,36.0147046]]]]}},{"type":"Feature","properties":{"fid":640,"地目":"田"},"geometry":{"type":"MultiPolygon","coordinates":[[[[137.9574742,36.0146887],[137.957416,36.0145178],[137.9574095,36.0144988],[137.957379,36.014454],[137.9573417,36.0144395],[137.9572889,36.0144339],[137.9572625,36.0144338],[137.957271,36.0144732],[137.9573514,36.014719],[137.9573728,36.0147151],[137.9574742,36.0146887]]]]}},{"type":"Feature","properties":{"fid":641,"地目":"田"},"geometry":{"type":"MultiPolygon","coordinates":[[[[137.9571545,36.0147728],[137.9573155,36.0147256],[137.9573514,36.014719],[137.957271,36.0144732],[137.9572625,36.0144338],[137.9571523,36.0144494],[137.9570883,36.0144652],[137.9570967,36.0145278],[137.9571113,36.0146406],[137.9571545,36.0147728]]]]}},{"type":"Feature","properties":{"fid":642,"地目":"田"},"geometry":{"type":"MultiPolygon","coordinates":[[[[137.9627017,36.0143964],[137.9629555,36.0142895],[137.9627012,36.0138494],[137.9625998,36.0139325],[137.9625222,36.0139984],[137.9624877,36.0140261],[137.9627017,36.0143964]]]]}},{"type":"Feature","properties":{"fid":643,"地目":"田"},"geometry":{"type":"MultiPolygon","coordinates":[[[[137.9629555,36.0142895],[137.963205,36.0141844],[137.9629528,36.0137372],[137.9628325,36.013775],[137.9627981,36.0137906],[137.9627012,36.0138494],[137.9629555,36.0142895]]]]}},{"type":"Feature","properties":{"fid":644,"地目":"田"},"geometry":{"type":"MultiPolygon","coordinates":[[[[137.963205,36.0141844],[137.9634415,36.0140879],[137.9634566,36.014081],[137.963215,36.0136513],[137.9629528,36.0137372],[137.963205,36.0141844]]]]}},{"type":"Feature","properties":{"fid":645,"地目":"田"},"geometry":{"type":"MultiPolygon","coordinates":[[[[137.9637017,36.0139862],[137.963477,36.0135915],[137.963316,36.0136256],[137.963215,36.0136513],[137.9634566,36.014081],[137.9637017,36.0139862]]]]}},{"type":"Feature","properties":{"fid":646,"地目":"田"},"geometry":{"type":"MultiPolygon","coordinates":[[[[137.9637017,36.0139862],[137.9639482,36.013887],[137.9637631,36.0135559],[137.9635854,36.0135803],[137.963477,36.0135915],[137.9637017,36.0139862]]]]}},{"type":"Feature","properties":{"fid":647,"地目":"田"},"geometry":{"type":"MultiPolygon","coordinates":[[[[137.9634862,36.0141462],[137.9636442,36.0144462],[137.963663,36.0144344],[137.9638873,36.0142939],[137.9637252,36.0140474],[137.9634862,36.0141462]]]]}},{"type":"Feature","properties":{"fid":648,"地目":"田"},"geometry":{"type":"MultiPolygon","coordinates":[[[[137.9632248,36.014269],[137.9634386,36.0145755],[137.9636442,36.0144462],[137.9634862,36.0141462],[137.9632248,36.014269]]]]}},{"type":"Feature","properties":{"fid":649,"地目":"田"},"geometry":{"type":"MultiPolygon","coordinates":[[[[137.9631956,36.0147196],[137.9634386,36.0145755],[137.9632248,36.014269],[137.9629895,36.0143678],[137.9631956,36.0147196]]]]}},{"type":"Feature","properties":{"fid":650,"地目":"田"},"geometry":{"type":"MultiPolygon","coordinates":[[[[137.9634399,36.0151047],[137.963804,36.0149788],[137.9636606,36.0146978],[137.9636138,36.0147213],[137.9633158,36.0148883],[137.963144,36.0149762],[137.9631949,36.0150007],[137.9632505,36.0150373],[137.9633619,36.0150862],[137.9634399,36.0151047]]]]}},{"type":"Feature","properties":{"fid":651,"地目":"田"},"geometry":{"type":"MultiPolygon","coordinates":[[[[137.963585,36.0151012],[137.9638601,36.0151589],[137.9639146,36.0151773],[137.9638189,36.0150176],[137.963585,36.0151012]]]]}},{"type":"Feature","properties":{"fid":652,"地目":"畑"},"geometry":{"type":"MultiPolygon","coordinates":[[[[137.9203535,36.0030372],[137.9203614,36.0029277],[137.9203424,36.0028249],[137.9203436,36.0027381],[137.9200703,36.0029521],[137.9201162,36.0029883],[137.9201768,36.0030351],[137.920254,36.0030685],[137.9203075,36.0030778],[137.9203535,36.0030372]]]]}},{"type":"Feature","properties":{"fid":653,"地目":"田"},"geometry":{"type":"MultiPolygon","coordinates":[[[[137.9203436,36.0027381],[137.9203443,36.0026917],[137.92035,36.0026041],[137.9203576,36.0025203],[137.9203899,36.0024122],[137.9198795,36.0027922],[137.9200703,36.0029521],[137.9203436,36.0027381]]]]}},{"type":"Feature","properties":{"fid":654,"地目":"畑"},"geometry":{"type":"MultiPolygon","coordinates":[[[[137.9076133,35.9914247],[137.9078613,35.9915258],[137.9079137,35.9914551],[137.9079495,35.9914154],[137.9077402,35.9913012],[137.9077155,35.9913122],[137.9076739,35.9913445],[137.9076303,35.9913916],[137.9076133,35.9914247]]]]}},{"type":"Feature","properties":{"fid":655,"地目":"畑"},"geometry":{"type":"MultiPolygon","coordinates":[[[[137.908959,35.9930789],[137.9089437,35.9930982],[137.9092698,35.9931927],[137.9094603,35.9930107],[137.9093958,35.9929124],[137.9092599,35.9929673],[137.9091944,35.9929916],[137.9091072,35.9930301],[137.908959,35.9930789]]]]}},{"type":"Feature","properties":{"fid":656,"地目":"畑"},"geometry":{"type":"MultiPolygon","coordinates":[[[[137.9074933,35.9912272],[137.9076066,35.9912717],[137.9076802,35.9912943],[137.9077402,35.9913012],[137.9079495,35.9914154],[137.907992,35.9913952],[137.9080312,35.991374],[137.9078537,35.9912023],[137.9078032,35.9911998],[137.9076695,35.9912014],[137.9076109,35.9911823],[137.9075578,35.9911678],[137.9075556,35.9911672],[137.9074933,35.9912272]]]]}},{"type":"Feature","properties":{"fid":657,"地目":"畑"},"geometry":{"type":"MultiPolygon","coordinates":[[[[137.908891,35.9921564],[137.9089979,35.9920926],[137.9088821,35.991888],[137.9087012,35.9919935],[137.9087608,35.9920471],[137.908891,35.9921564]]]]}},{"type":"Feature","properties":{"fid":658,"地目":"畑"},"geometry":{"type":"MultiPolygon","coordinates":[[[[137.908891,35.9921564],[137.9089507,35.9922676],[137.9089778,35.9923231],[137.9090066,35.9923586],[137.9090496,35.9924142],[137.9090699,35.9924131],[137.90907,35.9924002],[137.9090647,35.9923306],[137.909062,35.9923023],[137.909068,35.9922753],[137.9090727,35.9922388],[137.9089979,35.9920926],[137.908891,35.9921564]]]]}},{"type":"Feature","properties":{"fid":659,"地目":"畑"},"geometry":{"type":"MultiPolygon","coordinates":[[[[137.9080787,35.9910472],[137.9079229,35.9910764],[137.9078938,35.9911295],[137.9078537,35.9912023],[137.9080312,35.991374],[137.9080699,35.9913627],[137.9081328,35.9913519],[137.9081703,35.9913402],[137.9081957,35.9913323],[137.9082423,35.9913148],[137.9082567,35.9913042],[137.9082752,35.9912905],[137.9082917,35.9912684],[137.9082977,35.9911975],[137.9082253,35.9911544],[137.9081276,35.9910741],[137.9080787,35.9910472]]]]}},{"type":"Feature","properties":{"fid":660,"地目":"田"},"geometry":{"type":"MultiPolygon","coordinates":[[[[137.9128612,35.9968687],[137.9124893,35.9965592],[137.9124703,35.9965508],[137.9123907,35.996604],[137.9125567,35.9967765],[137.912458,35.9968572],[137.9124418,35.9968722],[137.9124091,35.9968939],[137.9125797,35.9970426],[137.9128612,35.9968687]]]]}},{"type":"Feature","properties":{"fid":661,"地目":"田"},"geometry":{"type":"MultiPolygon","coordinates":[[[[137.9134289,35.9965998],[137.9134087,35.9965898],[137.9133905,35.9965897],[137.9130535,35.9967885],[137.9130474,35.9968016],[137.9133602,35.9971448],[137.9133763,35.9971448],[137.9136923,35.997056],[137.9136924,35.9970462],[137.9134329,35.9966047],[137.9134289,35.9965998]]]]}},{"type":"Feature","properties":{"fid":662,"地目":"畑"},"geometry":{"type":"MultiPolygon","coordinates":[[[[137.9113676,35.9966503],[137.9113042,35.9966941],[137.9113393,35.9967169],[137.9113642,35.9967254],[137.9114373,35.9967567],[137.9114739,35.99677],[137.9115266,35.9967858],[137.9115719,35.9968087],[137.9116669,35.9968592],[137.9117732,35.9967655],[137.9117105,35.996714],[137.9117637,35.9966665],[137.91172,35.9966342],[137.911652,35.996691],[137.9115699,35.9966823],[137.9113676,35.9966503]]]]}},{"type":"Feature","properties":{"fid":663,"地目":"田"},"geometry":{"type":"MultiPolygon","coordinates":[[[[137.9130163,35.9972689],[137.9131474,35.9971814],[137.9132372,35.9971503],[137.913332,35.9971376],[137.9130454,35.9968206],[137.9127397,35.996984],[137.9130163,35.9972689]]]]}},{"type":"Feature","properties":{"fid":664,"地目":"畑"},"geometry":{"type":"MultiPolygon","coordinates":[[[[137.9118142,35.9969534],[137.911672,35.9968754],[137.9114569,35.9971064],[137.91153,35.9972054],[137.9118142,35.9969534]]]]}},{"type":"Feature","properties":{"fid":665,"地目":"畑"},"geometry":{"type":"MultiPolygon","coordinates":[[[[137.9117732,35.9967655],[137.9116669,35.9968592],[137.9118144,35.9969294],[137.9118276,35.9969135],[137.9118474,35.9969016],[137.9118869,35.9968924],[137.9119229,35.9968953],[137.9119737,35.9969062],[137.9117891,35.9967972],[137.9117827,35.9967705],[137.9117732,35.9967655]]]]}},{"type":"Feature","properties":{"fid":666,"地目":"田"},"geometry":{"type":"MultiPolygon","coordinates":[[[[137.9136147,35.9967226],[137.9136857,35.9968437],[137.914128,35.9966532],[137.9140625,35.9965392],[137.9136147,35.9967226]]]]}},{"type":"Feature","properties":{"fid":667,"地目":"畑"},"geometry":{"type":"MultiPolygon","coordinates":[[[[137.9124091,35.9968939],[137.9123311,35.9968359],[137.9122777,35.9968676],[137.912233,35.9969044],[137.912187,35.9969423],[137.9123294,35.9970576],[137.9124283,35.9971294],[137.9125797,35.9970426],[137.9124091,35.9968939]]]]}},{"type":"Feature","properties":{"fid":668,"地目":"田"},"geometry":{"type":"MultiPolygon","coordinates":[[[[137.9128836,35.9968139],[137.9130502,35.9967146],[137.9126715,35.9964155],[137.9125224,35.9965174],[137.9125387,35.9965324],[137.9128836,35.9968139]]]]}},{"type":"Feature","properties":{"fid":669,"地目":"畑"},"geometry":{"type":"MultiPolygon","coordinates":[[[[137.912233,35.9969044],[137.9122777,35.9968676],[137.9123311,35.9968359],[137.9122415,35.9967585],[137.9121554,35.996837],[137.912233,35.9969044]]]]}},{"type":"Feature","properties":{"fid":670,"地目":"畑"},"geometry":{"type":"MultiPolygon","coordinates":[[[[137.905628,35.9883303],[137.905683,35.9885138],[137.9057929,35.9884902],[137.9057291,35.9883043],[137.905628,35.9883303]]]]}},{"type":"Feature","properties":{"fid":671,"地目":"畑"},"geometry":{"type":"MultiPolygon","coordinates":[[[[137.9093486,35.9927345],[137.9095423,35.9929987],[137.9096624,35.9929251],[137.9094642,35.9926785],[137.9093486,35.9927345]]]]}},{"type":"Feature","properties":{"fid":672,"地目":"田"},"geometry":{"type":"MultiPolygon","coordinates":[[[[137.9190508,36.0012179],[137.9187053,36.0014978],[137.9188852,36.0016686],[137.919258,36.0013992],[137.9190508,36.0012179]]]]}},{"type":"Feature","properties":{"fid":673,"地目":"田"},"geometry":{"type":"MultiPolygon","coordinates":[[[[137.9190508,36.0012179],[137.9190307,36.0012004],[137.9188705,36.001047],[137.9185102,36.0013125],[137.9187053,36.0014978],[137.9190508,36.0012179]]]]}},{"type":"Feature","properties":{"fid":674,"地目":"田"},"geometry":{"type":"MultiPolygon","coordinates":[[[[137.9186259,36.0008135],[137.9181202,36.0011816],[137.9183718,36.0014144],[137.9185102,36.0013125],[137.9188705,36.001047],[137.9186259,36.0008135]]]]}},{"type":"Feature","properties":{"fid":675,"地目":"田"},"geometry":{"type":"MultiPolygon","coordinates":[[[[137.9187497,36.0017665],[137.9189243,36.0019258],[137.9194183,36.0015526],[137.9192604,36.0014031],[137.919258,36.0013992],[137.9188852,36.0016686],[137.9187497,36.0017665]]]]}},{"type":"Feature","properties":{"fid":676,"地目":"田"},"geometry":{"type":"MultiPolygon","coordinates":[[[[137.9188852,36.0016686],[137.9187053,36.0014978],[137.9185102,36.0013125],[137.9183718,36.0014144],[137.9187497,36.0017665],[137.9188852,36.0016686]]]]}},{"type":"Feature","properties":{"fid":677,"地目":"畑"},"geometry":{"type":"MultiPolygon","coordinates":[[[[137.9068111,35.9856083],[137.9069057,35.9858021],[137.907067,35.9857477],[137.9069563,35.9855938],[137.9069213,35.9855617],[137.9068385,35.9855967],[137.9068111,35.9856083]]]]}},{"type":"Feature","properties":{"fid":678,"地目":"畑"},"geometry":{"type":"MultiPolygon","coordinates":[[[[137.9147211,36.0009123],[137.9145764,36.0010308],[137.9147285,36.0011055],[137.9148426,36.0011585],[137.9149814,36.0010328],[137.9147211,36.0009123]]]]}},{"type":"Feature","properties":{"fid":679,"地目":"畑"},"geometry":{"type":"MultiPolygon","coordinates":[[[[137.912561,35.9960462],[137.9126324,35.9961119],[137.9127906,35.9960224],[137.9126811,35.9959713],[137.9126725,35.9959792],[137.912561,35.9960462]]]]}},{"type":"Feature","properties":{"fid":680,"地目":"田"},"geometry":{"type":"MultiPolygon","coordinates":[[[[137.9113567,35.9960478],[137.9114366,35.9961175],[137.9114389,35.996122],[137.9116053,35.9960411],[137.9115856,35.9960215],[137.9114819,35.9959328],[137.9113567,35.9960478]]]]}},{"type":"Feature","properties":{"fid":681,"地目":"畑"},"geometry":{"type":"MultiPolygon","coordinates":[[[[137.9129408,35.9959835],[137.9129474,35.9960337],[137.9129545,35.9960415],[137.9129743,35.9960511],[137.913035,35.9960176],[137.9130736,35.9959886],[137.9131043,35.9959677],[137.9130298,35.9958883],[137.9129408,35.9959835]]]]}},{"type":"Feature","properties":{"fid":682,"地目":"畑"},"geometry":{"type":"MultiPolygon","coordinates":[[[[137.9106941,35.9958748],[137.9107158,35.995956],[137.9107935,35.9959615],[137.9108086,35.9958948],[137.9106941,35.9958748]]]]}},{"type":"Feature","properties":{"fid":683,"地目":"田"},"geometry":{"type":"MultiPolygon","coordinates":[[[[137.9130351,35.9958826],[137.9131071,35.9959583],[137.9132096,35.9959294],[137.9132116,35.9959363],[137.9132375,35.9959753],[137.9132495,35.9959936],[137.9134058,35.9958836],[137.9133166,35.9958469],[137.9132084,35.9958031],[137.9131125,35.9958043],[137.9130954,35.9958181],[137.9130351,35.9958826]]]]}},{"type":"Feature","properties":{"fid":684,"地目":"畑"},"geometry":{"type":"MultiPolygon","coordinates":[[[[137.9127876,35.9960633],[137.9128366,35.996126],[137.9128858,35.996162],[137.912965,35.9961073],[137.912903,35.9960713],[137.912819,35.9960381],[137.9127876,35.9960633]]]]}},{"type":"Feature","properties":{"fid":685,"地目":"畑"},"geometry":{"type":"MultiPolygon","coordinates":[[[[137.9131199,35.9964578],[137.9132725,35.9963723],[137.913249,35.9963379],[137.9132127,35.9962856],[137.9131873,35.9962602],[137.9131545,35.9962333],[137.9130799,35.9961659],[137.9128903,35.9962915],[137.9129486,35.9963379],[137.9129813,35.9963693],[137.9130087,35.9963918],[137.9131199,35.9964578]]]]}},{"type":"Feature","properties":{"fid":686,"地目":"田"},"geometry":{"type":"MultiPolygon","coordinates":[[[[137.9136026,35.9960888],[137.9134808,35.9961453],[137.9133706,35.996187],[137.9134189,35.9962648],[137.9135043,35.9963762],[137.9135749,35.9965119],[137.9138912,35.9963757],[137.913999,35.9963347],[137.9141164,35.9962643],[137.9140121,35.996121],[137.9138276,35.9960137],[137.9137588,35.9959926],[137.9136026,35.9960888]]]]}},{"type":"Feature","properties":{"fid":687,"地目":"田"},"geometry":{"type":"MultiPolygon","coordinates":[[[[137.914128,35.9966532],[137.9141536,35.9966422],[137.914169,35.9964956],[137.9140625,35.9965392],[137.914128,35.9966532]]]]}},{"type":"Feature","properties":{"fid":688,"地目":"田"},"geometry":{"type":"MultiPolygon","coordinates":[[[[137.9118319,35.9965679],[137.9119355,35.9966471],[137.9119589,35.9966603],[137.9119794,35.9966628],[137.9120028,35.9966725],[137.9120131,35.9966773],[137.9120306,35.9966857],[137.9120496,35.9966977],[137.9121634,35.9967818],[137.9122077,35.9967474],[137.9122181,35.9967308],[137.912227,35.9967093],[137.9122434,35.9966748],[137.9122481,35.9966415],[137.9122512,35.9966212],[137.9122704,35.9966011],[137.9122999,35.9965774],[137.912347,35.9965573],[137.9123883,35.9965313],[137.9124103,35.9965266],[137.9124089,35.9965183],[137.9121566,35.9963108],[137.9118319,35.9965679]]]]}},{"type":"Feature","properties":{"fid":689,"地目":"畑"},"geometry":{"type":"MultiPolygon","coordinates":[[[[137.9129743,35.9960511],[137.912997,35.9960559],[137.9130324,35.9960641],[137.9130635,35.9960758],[137.9132315,35.9959788],[137.9132019,35.9959371],[137.9131091,35.9959653],[137.9131043,35.9959677],[137.9130736,35.9959886],[137.913035,35.9960176],[137.9129743,35.9960511]]]]}},{"type":"Feature","properties":{"fid":690,"地目":"田"},"geometry":{"type":"MultiPolygon","coordinates":[[[[137.9120943,35.9960676],[137.9122707,35.9959891],[137.9122224,35.9959234],[137.9120107,35.9959819],[137.9120116,35.9960196],[137.9120563,35.9960823],[137.9120943,35.9960676]]]]}},{"type":"Feature","properties":{"fid":691,"地目":"田"},"geometry":{"type":"MultiPolygon","coordinates":[[[[137.9126715,35.9964155],[137.9130502,35.9967146],[137.9132304,35.9966206],[137.9131897,35.9965821],[137.9131849,35.9965721],[137.9131813,35.9965562],[137.9131766,35.9965344],[137.9131694,35.9965135],[137.9131598,35.9964976],[137.9131465,35.9964806],[137.9131234,35.9964647],[137.9131003,35.9964536],[137.9130747,35.9964436],[137.9130516,35.9964266],[137.913031,35.9964136],[137.9130055,35.9963966],[137.9129848,35.9963836],[137.9128836,35.9962949],[137.9127561,35.9963608],[137.9126715,35.9964155]]]]}},{"type":"Feature","properties":{"fid":692,"地目":"畑"},"geometry":{"type":"MultiPolygon","coordinates":[[[[137.9109323,35.9963603],[137.9109795,35.9963206],[137.9108931,35.9962258],[137.9108088,35.9961437],[137.9107751,35.9961707],[137.9108481,35.9962619],[137.9109323,35.9963603]]]]}},{"type":"Feature","properties":{"fid":693,"地目":"田"},"geometry":{"type":"MultiPolygon","coordinates":[[[[137.9133463,35.9961948],[137.9133536,35.9962113],[137.9132725,35.9962472],[137.91334,35.9963332],[137.9134126,35.9964435],[137.9134767,35.9964169],[137.913524,35.9965028],[137.9135375,35.996528],[137.9135749,35.9965119],[137.9135043,35.9963762],[137.9134189,35.9962648],[137.9133706,35.996187],[137.9133591,35.9961914],[137.9133463,35.9961948]]]]}},{"type":"Feature","properties":{"fid":694,"地目":"田"},"geometry":{"type":"MultiPolygon","coordinates":[[[[137.9135375,35.996528],[137.9134995,35.9965404],[137.9136147,35.9967226],[137.9140625,35.9965392],[137.914169,35.9964956],[137.9141629,35.9964592],[137.9141164,35.9962643],[137.913999,35.9963347],[137.9138912,35.9963757],[137.9135749,35.9965119],[137.9135375,35.996528]]]]}},{"type":"Feature","properties":{"fid":695,"地目":"田"},"geometry":{"type":"MultiPolygon","coordinates":[[[[137.9117526,35.9962103],[137.9116703,35.9961058],[137.9116237,35.9960595],[137.9116053,35.9960411],[137.9114389,35.996122],[137.9114587,35.9961614],[137.9115903,35.9962916],[137.9117526,35.9962103]]]]}},{"type":"Feature","properties":{"fid":696,"地目":"田"},"geometry":{"type":"MultiPolygon","coordinates":[[[[137.9108086,35.9958948],[137.9107935,35.9959615],[137.9107917,35.9959697],[137.9110564,35.9961975],[137.9109508,35.9962751],[137.9109996,35.9963207],[137.911076,35.9962684],[137.9111388,35.9962252],[137.9112018,35.996171],[137.911231,35.9961457],[137.9112716,35.9960987],[137.9111451,35.9959892],[137.9111229,35.995978],[137.9108535,35.9958425],[137.9108423,35.9958342],[137.9108086,35.9958948]]]]}},{"type":"Feature","properties":{"fid":697,"地目":"田"},"geometry":{"type":"MultiPolygon","coordinates":[[[[137.9118319,35.9965679],[137.9121566,35.9963108],[137.9120721,35.9962316],[137.9120008,35.996155],[137.9119818,35.9961465],[137.9119613,35.9961429],[137.9119378,35.9961475],[137.9117256,35.9962598],[137.911624,35.9963117],[137.9118187,35.9965516],[137.9118319,35.9965679]]]]}},{"type":"Feature","properties":{"fid":698,"地目":"畑"},"geometry":{"type":"MultiPolygon","coordinates":[[[[137.9109143,35.9963729],[137.9108236,35.9962527],[137.910786,35.9962016],[137.9107505,35.996167],[137.9105959,35.9962352],[137.910707,35.9963084],[137.9107694,35.9963395],[137.9108674,35.9963727],[137.9109143,35.9963729]]]]}},{"type":"Feature","properties":{"fid":699,"地目":"田"},"geometry":{"type":"MultiPolygon","coordinates":[[[[137.9114819,35.9959328],[137.9115856,35.9960215],[137.9116053,35.9960411],[137.9116237,35.9960595],[137.911792,35.9959588],[137.9116769,35.9958008],[137.9116127,35.995836],[137.9115483,35.9958823],[137.9114819,35.9959328]]]]}},{"type":"Feature","properties":{"fid":700,"地目":"田"},"geometry":{"type":"MultiPolygon","coordinates":[[[[137.9121661,35.9962704],[137.912188,35.9962705],[137.912561,35.9960462],[137.9126725,35.9959792],[137.9126811,35.9959713],[137.9124306,35.9958361],[137.9123631,35.9958755],[137.912308,35.995898],[137.9122664,35.9959147],[137.9122224,35.9959234],[137.9122707,35.9959891],[137.9120943,35.9960676],[137.912084,35.9961351],[137.9120801,35.9961698],[137.9121103,35.9962136],[137.9121661,35.9962704]]]]}},{"type":"Feature","properties":{"fid":701,"地目":"畑"},"geometry":{"type":"MultiPolygon","coordinates":[[[[137.9107505,35.996167],[137.9107221,35.996087],[137.9107116,35.9960502],[137.910469,35.996071],[137.9104719,35.9960894],[137.9105137,35.9961694],[137.9105959,35.9962352],[137.9107505,35.996167]]]]}},{"type":"Feature","properties":{"fid":702,"地目":"畑"},"geometry":{"type":"MultiPolygon","coordinates":[[[[137.9112926,35.9966785],[137.9113425,35.9966486],[137.9113514,35.9966351],[137.9113564,35.9966208],[137.9114304,35.996405],[137.911411,35.9963914],[137.9113846,35.9963849],[137.9113758,35.996384],[137.9113484,35.9963887],[137.9113239,35.9963909],[137.9113102,35.9963869],[137.9111226,35.9962544],[137.9111079,35.9962663],[137.9110046,35.9963409],[137.910994,35.9963873],[137.9109906,35.996441],[137.9110255,35.9964829],[137.9110634,35.9965272],[137.9111174,35.9965668],[137.9111597,35.9965932],[137.9112211,35.9966293],[137.9112926,35.9966785]]]]}},{"type":"Feature","properties":{"fid":703,"地目":"畑"},"geometry":{"type":"MultiPolygon","coordinates":[[[[137.910469,35.996071],[137.9107116,35.9960502],[137.9106981,35.9960033],[137.9106746,35.9958616],[137.9104916,35.9958371],[137.9104548,35.9959803],[137.910469,35.996071]]]]}},{"type":"Feature","properties":{"fid":704,"地目":"田"},"geometry":{"type":"MultiPolygon","coordinates":[[[[137.9134058,35.9958836],[137.9132495,35.9959936],[137.9133253,35.9961575],[137.9133463,35.9961948],[137.9133591,35.9961914],[137.9133706,35.996187],[137.9134808,35.9961453],[137.9136026,35.9960888],[137.9137588,35.9959926],[137.9136314,35.9959392],[137.9135305,35.9959154],[137.913455,35.995902],[137.9134058,35.9958836]]]]}},{"type":"Feature","properties":{"fid":705,"地目":"畑"},"geometry":{"type":"MultiPolygon","coordinates":[[[[137.9107158,35.995956],[137.9107505,35.9961063],[137.9107639,35.9961015],[137.9107917,35.9959697],[137.9107935,35.9959615],[137.9107158,35.995956]]]]}},{"type":"Feature","properties":{"fid":706,"地目":"田"},"geometry":{"type":"MultiPolygon","coordinates":[[[[137.911624,35.9963117],[137.9115194,35.9963661],[137.9114487,35.9964074],[137.9114382,35.9964312],[137.9113676,35.9966503],[137.9115699,35.9966823],[137.911652,35.996691],[137.91172,35.9966342],[137.9118187,35.9965516],[137.911624,35.9963117]]]]}},{"type":"Feature","properties":{"fid":707,"地目":"畑"},"geometry":{"type":"MultiPolygon","coordinates":[[[[137.9085891,35.9920152],[137.9085234,35.9920481],[137.9084768,35.9920701],[137.9084111,35.9920919],[137.9083765,35.9921058],[137.9083866,35.9921153],[137.9085441,35.9923693],[137.9085803,35.9923754],[137.9086078,35.9923778],[137.9088054,35.9923129],[137.9086938,35.9921191],[137.9085891,35.9920152]]]]}},{"type":"Feature","properties":{"fid":708,"地目":"田"},"geometry":{"type":"MultiPolygon","coordinates":[[[[137.9105909,35.9949973],[137.9106004,35.9950108],[137.9106404,35.9950673],[137.9107059,35.9951548],[137.9107376,35.995177],[137.9107699,35.9952074],[137.9108003,35.9952076],[137.9108882,35.9951673],[137.9108728,35.9950815],[137.9108484,35.9949913],[137.9107278,35.9950354],[137.9107043,35.9949635],[137.9105909,35.9949973]]]]}},{"type":"Feature","properties":{"fid":709,"地目":"田"},"geometry":{"type":"MultiPolygon","coordinates":[[[[137.9114488,35.9945422],[137.9116691,35.9947368],[137.9120083,35.9945172],[137.9120263,35.9945106],[137.9118338,35.994299],[137.9114488,35.9945422]]]]}},{"type":"Feature","properties":{"fid":710,"地目":"田"},"geometry":{"type":"MultiPolygon","coordinates":[[[[137.9108882,35.9951673],[137.910968,35.9951801],[137.9110216,35.9951891],[137.9110591,35.9951936],[137.9111128,35.9951852],[137.9111693,35.9951702],[137.9112338,35.9951443],[137.9110346,35.9949733],[137.9109273,35.99489],[137.9108841,35.9949225],[137.9108625,35.9949463],[137.9108484,35.9949913],[137.9108728,35.9950815],[137.9108882,35.9951673]]]]}},{"type":"Feature","properties":{"fid":711,"地目":"田"},"geometry":{"type":"MultiPolygon","coordinates":[[[[137.91104,35.9949603],[137.911146,35.9948896],[137.9111605,35.9948727],[137.9111209,35.9948226],[137.9110429,35.9947268],[137.9110187,35.9946952],[137.9109152,35.9945954],[137.9108775,35.994618],[137.9108571,35.9946353],[137.9108561,35.9946818],[137.9108556,35.9947472],[137.9108751,35.9947749],[137.9109122,35.9948318],[137.910953,35.9948858],[137.91104,35.9949603]]]]}},{"type":"Feature","properties":{"fid":712,"地目":"田"},"geometry":{"type":"MultiPolygon","coordinates":[[[[137.9103118,35.9943992],[137.9101031,35.994427],[137.9100982,35.9946205],[137.9101541,35.9946098],[137.9102332,35.9945992],[137.9102757,35.9945885],[137.9102893,35.9945776],[137.9102971,35.9945573],[137.9103148,35.9945072],[137.9103269,35.9944462],[137.9103251,35.9944196],[137.9103118,35.9943992]]]]}},{"type":"Feature","properties":{"fid":713,"地目":"畑"},"geometry":{"type":"MultiPolygon","coordinates":[[[[137.9109152,35.9945954],[137.9110187,35.9946952],[137.9110429,35.9947268],[137.9111209,35.9948226],[137.9111605,35.9948727],[137.9112282,35.9948193],[137.9109326,35.9945923],[137.9109152,35.9945954]]]]}},{"type":"Feature","properties":{"fid":714,"地目":"田"},"geometry":{"type":"MultiPolygon","coordinates":[[[[137.9103347,35.9948173],[137.910298,35.9947067],[137.9102964,35.994682],[137.9103056,35.9946443],[137.9103059,35.9946094],[137.910306,35.9945948],[137.910297,35.9945934],[137.910263,35.9946077],[137.9100727,35.9946382],[137.9101234,35.9948555],[137.9101431,35.9948542],[137.9103347,35.9948173]]]]}},{"type":"Feature","properties":{"fid":715,"地目":"田"},"geometry":{"type":"MultiPolygon","coordinates":[[[[137.9111289,35.9950319],[137.9112279,35.9949496],[137.911146,35.9948896],[137.91104,35.9949603],[137.9111289,35.9950319]]]]}},{"type":"Feature","properties":{"fid":716,"地目":"畑"},"geometry":{"type":"MultiPolygon","coordinates":[[[[137.9103749,35.9949952],[137.9103376,35.994837],[137.9100314,35.9948943],[137.9100339,35.9949074],[137.9100684,35.9949577],[137.9101345,35.995091],[137.9103749,35.9949952]]]]}},{"type":"Feature","properties":{"fid":717,"地目":"田"},"geometry":{"type":"MultiPolygon","coordinates":[[[[137.9103473,35.9948087],[137.9105244,35.9948037],[137.910516,35.9947281],[137.9104455,35.9945912],[137.9103631,35.9946068],[137.910322,35.9946051],[137.9103198,35.9946618],[137.910316,35.9946879],[137.9103159,35.9947068],[137.9103246,35.9947359],[137.9103473,35.9948087]]]]}},{"type":"Feature","properties":{"fid":718,"地目":"畑"},"geometry":{"type":"MultiPolygon","coordinates":[[[[137.9101031,35.994427],[137.9100514,35.9944339],[137.9100416,35.9944347],[137.9099896,35.9944587],[137.9098776,35.9944832],[137.9099187,35.9946619],[137.9099901,35.994645],[137.9100306,35.9946358],[137.9100982,35.9946205],[137.9101031,35.994427]]]]}},{"type":"Feature","properties":{"fid":719,"地目":"田"},"geometry":{"type":"MultiPolygon","coordinates":[[[[137.9118592,35.9953961],[137.9119274,35.9953476],[137.911843,35.9952738],[137.9118328,35.9952654],[137.9118041,35.9952846],[137.9117904,35.9952952],[137.9117888,35.9953065],[137.9117894,35.9953086],[137.9118592,35.9953961]]]]}},{"type":"Feature","properties":{"fid":720,"地目":"田"},"geometry":{"type":"MultiPolygon","coordinates":[[[[137.9109276,35.9954599],[137.9108068,35.9952204],[137.910794,35.9952211],[137.910755,35.9952078],[137.910721,35.9951838],[137.910641,35.9952165],[137.9106502,35.9952509],[137.9106124,35.9952717],[137.910681,35.9954037],[137.9109276,35.9954599]]]]}},{"type":"Feature","properties":{"fid":721,"地目":"田"},"geometry":{"type":"MultiPolygon","coordinates":[[[[137.911146,35.9948896],[137.9112279,35.9949496],[137.9112812,35.9949847],[137.9113586,35.9949173],[137.9113468,35.9949075],[137.9112282,35.9948193],[137.9111605,35.9948727],[137.911146,35.9948896]]]]}},{"type":"Feature","properties":{"fid":722,"地目":"田"},"geometry":{"type":"MultiPolygon","coordinates":[[[[137.9114065,35.995357],[137.911507,35.9953134],[137.9114741,35.9952738],[137.9114475,35.9952483],[137.9114007,35.9952299],[137.9113357,35.9952604],[137.9114065,35.995357]]]]}},{"type":"Feature","properties":{"fid":723,"地目":"田"},"geometry":{"type":"MultiPolygon","coordinates":[[[[137.9107396,35.994953],[137.9106497,35.994784],[137.9105797,35.99482],[137.9105134,35.9948298],[137.9105909,35.9949973],[137.9107043,35.9949635],[137.9107396,35.994953]]]]}},{"type":"Feature","properties":{"fid":724,"地目":"畑"},"geometry":{"type":"MultiPolygon","coordinates":[[[[137.910488,35.9952524],[137.9104316,35.9951731],[137.9104265,35.99516],[137.9102744,35.9952425],[137.9103048,35.9952727],[137.9103985,35.9953037],[137.910488,35.9952524]]]]}},{"type":"Feature","properties":{"fid":725,"地目":"田"},"geometry":{"type":"MultiPolygon","coordinates":[[[[137.911345,35.9952151],[137.9112538,35.9951529],[137.9111978,35.9951762],[137.9111463,35.9951905],[137.9110971,35.9952012],[137.9110501,35.99521],[137.9111053,35.9952974],[137.911345,35.9952151]]]]}},{"type":"Feature","properties":{"fid":726,"地目":"田"},"geometry":{"type":"MultiPolygon","coordinates":[[[[137.9116079,35.995103],[137.9115498,35.9951332],[137.9114753,35.9951794],[137.9114346,35.9952093],[137.911525,35.9953002],[137.9116603,35.9952296],[137.9117415,35.9951999],[137.9116079,35.995103]]]]}},{"type":"Feature","properties":{"fid":727,"地目":"田"},"geometry":{"type":"MultiPolygon","coordinates":[[[[137.9121718,35.9944447],[137.9120822,35.9944958],[137.9124874,35.9949404],[137.9124968,35.9949385],[137.9126223,35.9947865],[137.9121718,35.9944447]]]]}},{"type":"Feature","properties":{"fid":728,"地目":"田"},"geometry":{"type":"MultiPolygon","coordinates":[[[[137.9105262,35.9945611],[137.9104835,35.9945216],[137.9104728,35.9945288],[137.9104353,35.9945112],[137.9104158,35.994498],[137.9103964,35.9944631],[137.9103612,35.9943757],[137.9103447,35.994441],[137.9103355,35.9944729],[137.9103227,35.9945077],[137.9103189,35.9945455],[137.9103132,35.9945804],[137.9103292,35.9945979],[137.9103757,35.9945937],[137.9104151,35.9945896],[137.9105262,35.9945611]]]]}},{"type":"Feature","properties":{"fid":729,"地目":"田"},"geometry":{"type":"MultiPolygon","coordinates":[[[[137.9106004,35.9950108],[137.9103948,35.9950792],[137.9104265,35.99516],[137.9104316,35.9951731],[137.910488,35.9952524],[137.9104953,35.9952628],[137.9107059,35.9951548],[137.9106404,35.9950673],[137.9106004,35.9950108]]]]}},{"type":"Feature","properties":{"fid":730,"地目":"田"},"geometry":{"type":"MultiPolygon","coordinates":[[[[137.9116691,35.9947368],[137.9116427,35.9947738],[137.9120338,35.9950301],[137.9123229,35.9951866],[137.9123809,35.9951208],[137.9124302,35.995068],[137.9124614,35.9950324],[137.912473,35.9950152],[137.9124715,35.994994],[137.9124359,35.9949527],[137.9121605,35.9946531],[137.9120344,35.9945173],[137.9120263,35.9945106],[137.9120083,35.9945172],[137.9116691,35.9947368]]]]}},{"type":"Feature","properties":{"fid":731,"地目":"畑"},"geometry":{"type":"MultiPolygon","coordinates":[[[[137.9104265,35.99516],[137.9103948,35.9950792],[137.9103749,35.9949952],[137.9101345,35.995091],[137.9102276,35.9951961],[137.9102744,35.9952425],[137.9104265,35.99516]]]]}},{"type":"Feature","properties":{"fid":732,"地目":"田"},"geometry":{"type":"MultiPolygon","coordinates":[[[[137.9123814,35.9951987],[137.9126969,35.9953955],[137.9129926,35.9950471],[137.9126958,35.9948289],[137.9126693,35.9948352],[137.9123814,35.9951987]]]]}},{"type":"Feature","properties":{"fid":733,"地目":"田"},"geometry":{"type":"MultiPolygon","coordinates":[[[[137.9068663,35.9863186],[137.9068705,35.986344],[137.9068946,35.9864057],[137.9071759,35.98634],[137.9072025,35.9863565],[137.9072895,35.986346],[137.9073001,35.9864167],[137.9073336,35.986406],[137.9074768,35.986378],[137.90747,35.9863451],[137.9074414,35.9863051],[137.907417,35.9862851],[137.9074037,35.9862687],[137.9073727,35.9862414],[137.9073505,35.9862286],[137.907182,35.9862604],[137.9068663,35.9863186]]]]}},{"type":"Feature","properties":{"fid":734,"地目":"田"},"geometry":{"type":"MultiPolygon","coordinates":[[[[137.9072403,35.9860607],[137.9071243,35.9860862],[137.907182,35.9862604],[137.9073505,35.9862286],[137.907302,35.9861631],[137.9072602,35.9860959],[137.9072403,35.9860607]]]]}},{"type":"Feature","properties":{"fid":735,"地目":"田"},"geometry":{"type":"MultiPolygon","coordinates":[[[[137.9068663,35.9863186],[137.907182,35.9862604],[137.9071243,35.9860862],[137.9072403,35.9860607],[137.9071722,35.9859397],[137.9071409,35.9859504],[137.9070518,35.98595],[137.9069738,35.9859514],[137.9068243,35.9859706],[137.9068175,35.9859869],[137.9068512,35.9862515],[137.9068642,35.9863023],[137.9068663,35.9863186]]]]}},{"type":"Feature","properties":{"fid":736,"地目":"畑"},"geometry":{"type":"MultiPolygon","coordinates":[[[[137.906718,35.9858655],[137.9065871,35.9859154],[137.9065686,35.9858951],[137.9065229,35.9859134],[137.9065536,35.9859607],[137.9068043,35.985956],[137.906718,35.9858655]]]]}},{"type":"Feature","properties":{"fid":737,"地目":"畑"},"geometry":{"type":"MultiPolygon","coordinates":[[[[137.9070653,35.9859338],[137.9071455,35.9859305],[137.9071992,35.9859091],[137.9071213,35.9858179],[137.9070331,35.9858536],[137.9070653,35.9859338]]]]}},{"type":"Feature","properties":{"fid":738,"地目":"畑"},"geometry":{"type":"MultiPolygon","coordinates":[[[[137.906718,35.9858655],[137.9068043,35.985956],[137.9069739,35.9859351],[137.9070653,35.9859338],[137.9070331,35.9858536],[137.9071213,35.9858179],[137.907067,35.9857477],[137.9069057,35.9858021],[137.906718,35.9858655]]]]}},{"type":"Feature","properties":{"fid":739,"地目":"畑"},"geometry":{"type":"MultiPolygon","coordinates":[[[[137.9066352,35.9857931],[137.9065338,35.9858444],[137.9065686,35.9858951],[137.9065871,35.9859154],[137.906718,35.9858655],[137.9066352,35.9857931]]]]}},{"type":"Feature","properties":{"fid":740,"地目":"畑"},"geometry":{"type":"MultiPolygon","coordinates":[[[[137.9065555,35.9857114],[137.9065842,35.9857486],[137.9066352,35.9857931],[137.906718,35.9858655],[137.9069057,35.9858021],[137.9068111,35.9856083],[137.9065555,35.9857114]]]]}},{"type":"Feature","properties":{"fid":741,"地目":"畑"},"geometry":{"type":"MultiPolygon","coordinates":[[[[137.9065127,35.9856135],[137.9065555,35.9857114],[137.9068111,35.9856083],[137.9068385,35.9855967],[137.906782,35.9854958],[137.9065127,35.9856135]]]]}},{"type":"Feature","properties":{"fid":742,"地目":"畑"},"geometry":{"type":"MultiPolygon","coordinates":[[[[137.906782,35.9854958],[137.9068385,35.9855967],[137.9069213,35.9855617],[137.9069113,35.9855178],[137.9069012,35.9854858],[137.9069013,35.9854605],[137.9068987,35.9854448],[137.906782,35.9854958]]]]}},{"type":"Feature","properties":{"fid":743,"地目":"畑"},"geometry":{"type":"MultiPolygon","coordinates":[[[[137.906299,35.9854665],[137.9063363,35.9854712],[137.9063652,35.9854781],[137.9063942,35.9854883],[137.9064161,35.9855053],[137.9064295,35.9855163],[137.9065741,35.9854438],[137.9065257,35.985343],[137.9064197,35.9853919],[137.906299,35.9854665]]]]}},{"type":"Feature","properties":{"fid":744,"地目":"畑"},"geometry":{"type":"MultiPolygon","coordinates":[[[[137.9064295,35.9855163],[137.9064505,35.9855335],[137.9064819,35.9855719],[137.9064963,35.9855916],[137.9065127,35.9856135],[137.906782,35.9854958],[137.9068987,35.9854448],[137.9069128,35.9854123],[137.9069074,35.9853932],[137.906812,35.9852108],[137.9065257,35.985343],[137.9065741,35.9854438],[137.9064295,35.9855163]]]]}},{"type":"Feature","properties":{"fid":745,"地目":"畑"},"geometry":{"type":"MultiPolygon","coordinates":[[[[137.9059539,35.9851322],[137.9058722,35.9851204],[137.9058309,35.9851763],[137.9058477,35.9851924],[137.9058827,35.9852338],[137.9059104,35.9852924],[137.9059382,35.9853429],[137.9059729,35.9854141],[137.9060312,35.9855324],[137.9060771,35.9856197],[137.9062353,35.9855781],[137.9061383,35.9853485],[137.906129,35.9852917],[137.90607,35.9852453],[137.9060097,35.985181],[137.9059796,35.9851394],[137.9059539,35.9851322]]]]}},{"type":"Feature","properties":{"fid":746,"地目":"畑"},"geometry":{"type":"MultiPolygon","coordinates":[[[[137.9061327,35.9851028],[137.9060515,35.9851326],[137.90603,35.9851405],[137.9059953,35.9851388],[137.9059796,35.9851394],[137.9060097,35.985181],[137.90607,35.9852453],[137.906129,35.9852917],[137.9061897,35.9853066],[137.9062185,35.9853269],[137.9062225,35.9853449],[137.9062375,35.9853809],[137.906247,35.9854012],[137.9062661,35.9854327],[137.9062853,35.9854496],[137.906299,35.9854665],[137.9064197,35.9853919],[137.9063582,35.9853096],[137.9064026,35.9852762],[137.906178,35.9850645],[137.9061677,35.9850755],[137.9061327,35.9851028]]]]}},{"type":"Feature","properties":{"fid":747,"地目":"畑"},"geometry":{"type":"MultiPolygon","coordinates":[[[[137.9064026,35.9852762],[137.9063582,35.9853096],[137.9064197,35.9853919],[137.9065257,35.985343],[137.906812,35.9852108],[137.9066873,35.9850856],[137.9065276,35.9851881],[137.9064026,35.9852762]]]]}},{"type":"Feature","properties":{"fid":748,"地目":"畑"},"geometry":{"type":"MultiPolygon","coordinates":[[[[137.906178,35.9850645],[137.9064026,35.9852762],[137.9065276,35.9851881],[137.9062766,35.9849668],[137.9062681,35.9849752],[137.9062482,35.9849896],[137.9062378,35.9850002],[137.906178,35.9850645]]]]}},{"type":"Feature","properties":{"fid":749,"地目":"畑"},"geometry":{"type":"MultiPolygon","coordinates":[[[[137.905924,35.9849918],[137.905874,35.9850259],[137.90593,35.9851172],[137.9059539,35.9851322],[137.9059796,35.9851394],[137.9059953,35.9851388],[137.90603,35.9851405],[137.9060515,35.9851326],[137.905924,35.9849918]]]]}},{"type":"Feature","properties":{"fid":750,"地目":"畑"},"geometry":{"type":"MultiPolygon","coordinates":[[[[137.9063219,35.9849349],[137.9062766,35.9849668],[137.9065276,35.9851881],[137.9066873,35.9850856],[137.9064763,35.9848454],[137.9063487,35.9849121],[137.9063219,35.9849349]]]]}},{"type":"Feature","properties":{"fid":751,"地目":"畑"},"geometry":{"type":"MultiPolygon","coordinates":[[[[137.9062009,35.9848069],[137.9060903,35.9848758],[137.9060846,35.9848811],[137.905924,35.9849918],[137.9060515,35.9851326],[137.9061327,35.9851028],[137.9061677,35.9850755],[137.906178,35.9850645],[137.9062378,35.9850002],[137.9062482,35.9849896],[137.9062681,35.9849752],[137.9062766,35.9849668],[137.9063219,35.9849349],[137.9062009,35.9848069]]]]}},{"type":"Feature","properties":{"fid":752,"地目":"畑"},"geometry":{"type":"MultiPolygon","coordinates":[[[[137.9056272,35.9849809],[137.9056716,35.9849533],[137.9057252,35.9849008],[137.9057286,35.9848917],[137.9057306,35.9848861],[137.9057312,35.9848789],[137.90573,35.9848708],[137.9057286,35.9848637],[137.9057067,35.9848391],[137.905644,35.9848764],[137.905642,35.9848764],[137.9055741,35.9848188],[137.9055497,35.9848498],[137.9055435,35.9848693],[137.9055554,35.9849021],[137.9055733,35.9849185],[137.9055893,35.9849366],[137.9056272,35.9849809]]]]}},{"type":"Feature","properties":{"fid":753,"地目":"畑"},"geometry":{"type":"MultiPolygon","coordinates":[[[[137.9046496,35.9846759],[137.904768,35.9846832],[137.9047574,35.9846294],[137.9047271,35.9846225],[137.90465,35.9846177],[137.9046496,35.9846759]]]]}},{"type":"Feature","properties":{"fid":754,"地目":"畑"},"geometry":{"type":"MultiPolygon","coordinates":[[[[137.9059406,35.9847818],[137.9060846,35.9848811],[137.9060903,35.9848758],[137.9062009,35.9848069],[137.9062168,35.984797],[137.9062649,35.9847682],[137.9061369,35.9846751],[137.9060896,35.9847161],[137.906066,35.9847321],[137.9060358,35.9847457],[137.9059972,35.9847615],[137.9059406,35.9847818]]]]}},{"type":"Feature","properties":{"fid":755,"地目":"畑"},"geometry":{"type":"MultiPolygon","coordinates":[[[[137.9045642,35.9846808],[137.9045956,35.9847464],[137.9046745,35.9848287],[137.9046839,35.9848291],[137.9046962,35.98482],[137.9047085,35.984798],[137.9047265,35.9847722],[137.9047388,35.9847517],[137.9047521,35.9847297],[137.9047644,35.9847122],[137.9047702,35.9846978],[137.9047684,35.9846887],[137.904768,35.9846832],[137.9046496,35.9846759],[137.9045642,35.9846808]]]]}},{"type":"Feature","properties":{"fid":756,"地目":"畑"},"geometry":{"type":"MultiPolygon","coordinates":[[[[137.9060129,35.9847008],[137.9061347,35.9846307],[137.9061566,35.984603],[137.9061476,35.9845575],[137.906117,35.9845043],[137.9060578,35.9845191],[137.9059362,35.9845665],[137.9060129,35.9847008]]]]}},{"type":"Feature","properties":{"fid":757,"地目":"畑"},"geometry":{"type":"MultiPolygon","coordinates":[[[[137.9071286,35.9877997],[137.9072379,35.9877676],[137.9072383,35.9877106],[137.9072083,35.9876952],[137.9071809,35.9876767],[137.9071383,35.9876724],[137.9071031,35.9876885],[137.9070953,35.9877231],[137.9071001,35.9877527],[137.9071286,35.9877997]]]]}},{"type":"Feature","properties":{"fid":758,"地目":"畑"},"geometry":{"type":"MultiPolygon","coordinates":[[[[137.9071671,35.987078],[137.9072366,35.9871653],[137.9073472,35.9871251],[137.9074,35.9872259],[137.9071118,35.9873114],[137.9070419,35.9872812],[137.9069211,35.9873431],[137.9069838,35.9874521],[137.9071711,35.9873745],[137.9072085,35.9873554],[137.9073376,35.9873141],[137.9075101,35.987259],[137.9073945,35.987071],[137.907389,35.9870624],[137.9074044,35.9870506],[137.9073582,35.9869972],[137.907351,35.9870026],[137.9071671,35.987078]]]]}},{"type":"Feature","properties":{"fid":759,"地目":"畑"},"geometry":{"type":"MultiPolygon","coordinates":[[[[137.9073465,35.9881725],[137.9075657,35.9882121],[137.9076286,35.9881233],[137.9076614,35.9881065],[137.9077563,35.9881118],[137.9079866,35.9882431],[137.9080408,35.9881626],[137.9080496,35.9881494],[137.907967,35.9880864],[137.9078873,35.9880426],[137.9078222,35.9880157],[137.9077305,35.9879864],[137.9076329,35.9879521],[137.907547,35.9879421],[137.9073927,35.9879413],[137.9073465,35.9881725]]]]}},{"type":"Feature","properties":{"fid":760,"地目":"畑"},"geometry":{"type":"MultiPolygon","coordinates":[[[[137.9079866,35.9882431],[137.9078459,35.9884184],[137.9079553,35.9884696],[137.9080349,35.9885278],[137.9080881,35.9885522],[137.9081327,35.9885355],[137.9081745,35.9885044],[137.9082075,35.9884612],[137.9082434,35.9884107],[137.9082434,35.9884083],[137.9082378,35.9883649],[137.9082173,35.9883335],[137.9081997,35.988302],[137.9081734,35.9882561],[137.9081291,35.988227],[137.9080408,35.9881626],[137.9079866,35.9882431]]]]}},{"type":"Feature","properties":{"fid":761,"地目":"畑"},"geometry":{"type":"MultiPolygon","coordinates":[[[[137.9069471,35.9869873],[137.9069733,35.9870662],[137.9070097,35.987118],[137.9071169,35.9870886],[137.9071671,35.987078],[137.907351,35.9870026],[137.9073582,35.9869972],[137.9072721,35.9868965],[137.9072211,35.9869241],[137.9071744,35.9869456],[137.9071068,35.9869702],[137.9069471,35.9869873]]]]}},{"type":"Feature","properties":{"fid":762,"地目":"畑"},"geometry":{"type":"MultiPolygon","coordinates":[[[[137.9063715,35.9870629],[137.906392,35.9870032],[137.9065364,35.9869143],[137.9064528,35.9868309],[137.9064047,35.9867829],[137.9062123,35.9868909],[137.9062552,35.9869699],[137.9063081,35.9870463],[137.9063715,35.9870629]]]]}},{"type":"Feature","properties":{"fid":763,"地目":"畑"},"geometry":{"type":"MultiPolygon","coordinates":[[[[137.90823,35.9890181],[137.9082743,35.9890472],[137.908304,35.9890329],[137.908322,35.9890065],[137.9083342,35.9889583],[137.9081138,35.9886849],[137.9080601,35.988728],[137.9079796,35.988783],[137.9080472,35.9888726],[137.9081534,35.9889454],[137.90823,35.9890181]]]]}},{"type":"Feature","properties":{"fid":764,"地目":"畑"},"geometry":{"type":"MultiPolygon","coordinates":[[[[137.9048088,35.9866748],[137.9047016,35.9866996],[137.904692,35.9867883],[137.9047226,35.98687],[137.9047726,35.9870314],[137.9049312,35.9869833],[137.9048611,35.9868254],[137.9048088,35.9866748]]]]}},{"type":"Feature","properties":{"fid":765,"地目":"畑"},"geometry":{"type":"MultiPolygon","coordinates":[[[[137.9064528,35.9868309],[137.9065364,35.9869143],[137.9066034,35.9868929],[137.9066941,35.9868308],[137.9066642,35.9868062],[137.9065744,35.986746],[137.9064528,35.9868309]]]]}},{"type":"Feature","properties":{"fid":766,"地目":"田"},"geometry":{"type":"MultiPolygon","coordinates":[[[[137.9068946,35.9864057],[137.9069954,35.9866271],[137.9071051,35.9865679],[137.9071476,35.9865464],[137.9072168,35.9865286],[137.907329,35.9864942],[137.9073264,35.9864784],[137.9073154,35.986453],[137.9073001,35.9864167],[137.9072895,35.986346],[137.9072025,35.9863565],[137.9071759,35.98634],[137.9068946,35.9864057]]]]}},{"type":"Feature","properties":{"fid":767,"地目":"畑"},"geometry":{"type":"MultiPolygon","coordinates":[[[[137.9062123,35.9868909],[137.9064047,35.9867829],[137.9063174,35.9866958],[137.9062339,35.9866873],[137.906207,35.9867089],[137.9061933,35.9867468],[137.9061896,35.9868011],[137.9061926,35.9868392],[137.9062123,35.9868909]]]]}},{"type":"Feature","properties":{"fid":768,"地目":"畑"},"geometry":{"type":"MultiPolygon","coordinates":[[[[137.9066642,35.9868062],[137.9067314,35.9867658],[137.906768,35.9867877],[137.9067982,35.9867797],[137.9067318,35.9867115],[137.9067121,35.9866652],[137.9066756,35.986627],[137.9066385,35.9866675],[137.9065744,35.986746],[137.9066642,35.9868062]]]]}},{"type":"Feature","properties":{"fid":769,"地目":"畑"},"geometry":{"type":"MultiPolygon","coordinates":[[[[137.9064047,35.9867829],[137.9064528,35.9868309],[137.9065744,35.986746],[137.9064617,35.9866232],[137.906388,35.9866418],[137.906331,35.9866606],[137.9063174,35.9866958],[137.9064047,35.9867829]]]]}},{"type":"Feature","properties":{"fid":770,"地目":"畑"},"geometry":{"type":"MultiPolygon","coordinates":[[[[137.9069954,35.9866271],[137.9070967,35.9867906],[137.9071785,35.9867629],[137.9071465,35.9866985],[137.9072248,35.9866591],[137.9071476,35.9865464],[137.9071051,35.9865679],[137.9069954,35.9866271]]]]}},{"type":"Feature","properties":{"fid":771,"地目":"畑"},"geometry":{"type":"MultiPolygon","coordinates":[[[[137.907341,35.9866107],[137.9073392,35.9865564],[137.907329,35.9864942],[137.9072168,35.9865286],[137.9071476,35.9865464],[137.9072248,35.9866591],[137.9072489,35.9867099],[137.9072677,35.9867212],[137.9072779,35.9867028],[137.9073005,35.9866649],[137.907341,35.9866107]]]]}},{"type":"Feature","properties":{"fid":772,"地目":"畑"},"geometry":{"type":"MultiPolygon","coordinates":[[[[137.9048088,35.9866748],[137.9048314,35.9866332],[137.9048789,35.9865375],[137.9049037,35.9864941],[137.9049086,35.9864434],[137.904652,35.9864838],[137.9046514,35.9865599],[137.9047016,35.9866996],[137.9048088,35.9866748]]]]}},{"type":"Feature","properties":{"fid":773,"地目":"畑"},"geometry":{"type":"MultiPolygon","coordinates":[[[[137.9076061,35.9873736],[137.9074386,35.9874217],[137.907256,35.9874589],[137.9073449,35.9875128],[137.9077045,35.9874166],[137.9076482,35.987397],[137.9076061,35.9873736]]]]}},{"type":"Feature","properties":{"fid":774,"地目":"畑"},"geometry":{"type":"MultiPolygon","coordinates":[[[[137.9071711,35.9873745],[137.9069838,35.9874521],[137.9070035,35.9874956],[137.9070067,35.9875119],[137.90704,35.9875366],[137.9072393,35.987439],[137.9071711,35.9873745]]]]}},{"type":"Feature","properties":{"fid":775,"地目":"畑"},"geometry":{"type":"MultiPolygon","coordinates":[[[[137.9077045,35.9874166],[137.9073449,35.9875128],[137.9074551,35.9875568],[137.9077799,35.9874726],[137.9077444,35.9874494],[137.9077045,35.9874166]]]]}},{"type":"Feature","properties":{"fid":776,"地目":"畑"},"geometry":{"type":"MultiPolygon","coordinates":[[[[137.90704,35.9875366],[137.9070882,35.9875814],[137.9073449,35.9875128],[137.907256,35.9874589],[137.9072393,35.987439],[137.90704,35.9875366]]]]}},{"type":"Feature","properties":{"fid":777,"地目":"畑"},"geometry":{"type":"MultiPolygon","coordinates":[[[[137.9052336,35.9873358],[137.9052839,35.9874002],[137.9053118,35.9874462],[137.9053368,35.987499],[137.9053561,35.9875564],[137.9054324,35.9875293],[137.9053607,35.9873089],[137.9053161,35.9872422],[137.9052482,35.9872716],[137.9052732,35.9873222],[137.9052336,35.9873358]]]]}},{"type":"Feature","properties":{"fid":778,"地目":"畑"},"geometry":{"type":"MultiPolygon","coordinates":[[[[137.9070882,35.9875814],[137.907125,35.9876154],[137.9071546,35.9876385],[137.9071605,35.987641],[137.9073982,35.987573],[137.9074551,35.9875568],[137.9073449,35.9875128],[137.9070882,35.9875814]]]]}},{"type":"Feature","properties":{"fid":779,"地目":"畑"},"geometry":{"type":"MultiPolygon","coordinates":[[[[137.9073376,35.9873141],[137.9072085,35.9873554],[137.9071711,35.9873745],[137.9072393,35.987439],[137.907256,35.9874589],[137.9074386,35.9874217],[137.9073376,35.9873141]]]]}},{"type":"Feature","properties":{"fid":780,"地目":"畑"},"geometry":{"type":"MultiPolygon","coordinates":[[[[137.905378,35.9876437],[137.9054204,35.9876324],[137.9054484,35.9876623],[137.9055558,35.9876331],[137.9055057,35.9875365],[137.9053644,35.9875794],[137.905378,35.9876437]]]]}},{"type":"Feature","properties":{"fid":781,"地目":"畑"},"geometry":{"type":"MultiPolygon","coordinates":[[[[137.9075101,35.987259],[137.9073376,35.9873141],[137.9074386,35.9874217],[137.9076061,35.9873736],[137.9075101,35.987259]]]]}},{"type":"Feature","properties":{"fid":782,"地目":"畑"},"geometry":{"type":"MultiPolygon","coordinates":[[[[137.9073982,35.987573],[137.9074487,35.9877351],[137.9075027,35.9877262],[137.9074551,35.9875568],[137.9073982,35.987573]]]]}},{"type":"Feature","properties":{"fid":783,"地目":"田"},"geometry":{"type":"MultiPolygon","coordinates":[[[[137.9074551,35.9875568],[137.9075027,35.9877262],[137.9075295,35.9878272],[137.9075901,35.9878146],[137.9076869,35.9877897],[137.9077807,35.9877587],[137.9078656,35.9877241],[137.9077799,35.9874726],[137.9074551,35.9875568]]]]}},{"type":"Feature","properties":{"fid":784,"地目":"田"},"geometry":{"type":"MultiPolygon","coordinates":[[[[137.9099647,35.992164],[137.9103863,35.9918958],[137.9101582,35.9915749],[137.9096912,35.9918111],[137.9096867,35.9918323],[137.9096909,35.9918553],[137.9099647,35.992164]]]]}},{"type":"Feature","properties":{"fid":785,"地目":"畑"},"geometry":{"type":"MultiPolygon","coordinates":[[[[137.9085537,35.9918044],[137.9086484,35.991756],[137.9087003,35.9917451],[137.9087386,35.9917276],[137.9088005,35.991707],[137.9087078,35.9915619],[137.908617,35.9915695],[137.9085488,35.9915669],[137.9084642,35.9915709],[137.9084693,35.9916176],[137.9084825,35.9916709],[137.9084985,35.9917219],[137.908539,35.9917754],[137.9085537,35.9918044]]]]}},{"type":"Feature","properties":{"fid":786,"地目":"畑"},"geometry":{"type":"MultiPolygon","coordinates":[[[[137.9073411,35.9913107],[137.9073353,35.9913663],[137.9072862,35.9914254],[137.9074007,35.9914348],[137.907446,35.9914433],[137.9075106,35.9913378],[137.9075381,35.9913113],[137.9076066,35.9912717],[137.9074933,35.9912272],[137.9074233,35.9912745],[137.9073411,35.9913107]]]]}},{"type":"Feature","properties":{"fid":787,"地目":"畑"},"geometry":{"type":"MultiPolygon","coordinates":[[[[137.9082567,35.9913042],[137.9082578,35.991428],[137.9082657,35.9914702],[137.9082817,35.991519],[137.9083171,35.9915214],[137.9084184,35.9914909],[137.9084268,35.9914576],[137.9084311,35.9912403],[137.9084123,35.9911981],[137.9083879,35.991178],[137.9083334,35.9911755],[137.9082977,35.9911975],[137.9082917,35.9912684],[137.9082752,35.9912905],[137.9082567,35.9913042]]]]}},{"type":"Feature","properties":{"fid":788,"地目":"畑"},"geometry":{"type":"MultiPolygon","coordinates":[[[[137.9072896,35.9912672],[137.9072211,35.9913001],[137.9071211,35.9913517],[137.907125,35.9913762],[137.9071726,35.9914019],[137.907223,35.9914132],[137.9072862,35.9914254],[137.9073353,35.9913663],[137.9073411,35.9913107],[137.9072896,35.9912672]]]]}},{"type":"Feature","properties":{"fid":789,"地目":"田"},"geometry":{"type":"MultiPolygon","coordinates":[[[[137.9080033,35.9909757],[137.9079201,35.9908967],[137.9077063,35.9910188],[137.9075418,35.9911278],[137.9074389,35.9911971],[137.9073444,35.9912432],[137.9072896,35.9912672],[137.9073411,35.9913107],[137.9074233,35.9912745],[137.9074933,35.9912272],[137.9075556,35.9911672],[137.9075578,35.9911678],[137.9076109,35.9911823],[137.9076695,35.9912014],[137.9078032,35.9911998],[137.9078537,35.9912023],[137.9078938,35.9911295],[137.9079229,35.9910764],[137.9080787,35.9910472],[137.9080033,35.9909757]]]]}},{"type":"Feature","properties":{"fid":790,"地目":"畑"},"geometry":{"type":"MultiPolygon","coordinates":[[[[137.907446,35.9914433],[137.9074743,35.9914485],[137.9075915,35.9914668],[137.9076133,35.9914247],[137.9076303,35.9913916],[137.9076739,35.9913445],[137.9077155,35.9913122],[137.9077402,35.9913012],[137.9076802,35.9912943],[137.9076066,35.9912717],[137.9075381,35.9913113],[137.9075106,35.9913378],[137.907446,35.9914433]]]]}},{"type":"Feature","properties":{"fid":791,"地目":"畑"},"geometry":{"type":"MultiPolygon","coordinates":[[[[137.907992,35.9913952],[137.9080385,35.9915533],[137.9081066,35.9915758],[137.9081776,35.9915673],[137.9081703,35.9913402],[137.9081328,35.9913519],[137.9080699,35.9913627],[137.9080312,35.991374],[137.907992,35.9913952]]]]}},{"type":"Feature","properties":{"fid":792,"地目":"畑"},"geometry":{"type":"MultiPolygon","coordinates":[[[[137.9084642,35.9915709],[137.9085488,35.9915669],[137.908617,35.9915695],[137.9087078,35.9915619],[137.9086261,35.9914341],[137.9084563,35.9914664],[137.9084642,35.9915709]]]]}},{"type":"Feature","properties":{"fid":793,"地目":"畑"},"geometry":{"type":"MultiPolygon","coordinates":[[[[137.9085891,35.9920152],[137.9084942,35.9919371],[137.9084373,35.9918836],[137.9083913,35.991819],[137.9083563,35.9917567],[137.9082935,35.9917675],[137.9083092,35.9918497],[137.908309,35.9918741],[137.9083035,35.9918829],[137.9082925,35.9918917],[137.9082733,35.9919027],[137.90834,35.9921204],[137.9083765,35.9921058],[137.9084111,35.9920919],[137.9084768,35.9920701],[137.9085234,35.9920481],[137.9085891,35.9920152]]]]}},{"type":"Feature","properties":{"fid":794,"地目":"田"},"geometry":{"type":"MultiPolygon","coordinates":[[[[137.9096304,35.9917949],[137.9097765,35.9917391],[137.9099379,35.9916674],[137.9100908,35.9915692],[137.9101063,35.9915393],[137.9100503,35.9914683],[137.9098667,35.9913084],[137.9094731,35.9916086],[137.9096304,35.9917949]]]]}},{"type":"Feature","properties":{"fid":795,"地目":"田"},"geometry":{"type":"MultiPolygon","coordinates":[[[[137.908361,35.9910686],[137.9083086,35.9909552],[137.9082721,35.9909151],[137.9082273,35.990875],[137.9081824,35.9908614],[137.9081047,35.9908544],[137.9080473,35.9908574],[137.9079201,35.9908967],[137.9080033,35.9909757],[137.9080787,35.9910472],[137.9081276,35.9910741],[137.9082253,35.9911544],[137.908361,35.9910686]]]]}},{"type":"Feature","properties":{"fid":796,"地目":"畑"},"geometry":{"type":"MultiPolygon","coordinates":[[[[137.9079145,35.9917146],[137.9082314,35.9916785],[137.9082076,35.9915652],[137.9081776,35.9915673],[137.9081066,35.9915758],[137.9080385,35.9915533],[137.9079976,35.9915531],[137.9079293,35.9915528],[137.9078857,35.9915526],[137.9078282,35.9915722],[137.9078635,35.9915902],[137.9078797,35.9916146],[137.9078959,35.9916458],[137.9079065,35.9916902],[137.9079145,35.9917146]]]]}},{"type":"Feature","properties":{"fid":797,"地目":"田"},"geometry":{"type":"MultiPolygon","coordinates":[[[[137.9097559,35.9920124],[137.9096743,35.9919241],[137.9096434,35.9918924],[137.9096103,35.9918708],[137.9095711,35.9918773],[137.9094853,35.991919],[137.9093072,35.9920149],[137.9092817,35.9920494],[137.9092399,35.9920978],[137.9093803,35.9922453],[137.9097559,35.9920124]]]]}},{"type":"Feature","properties":{"fid":798,"地目":"田"},"geometry":{"type":"MultiPolygon","coordinates":[[[[137.9092683,35.9919584],[137.9093097,35.9919497],[137.9095562,35.9918414],[137.9095846,35.9918168],[137.9094704,35.9916749],[137.90944,35.9916801],[137.9092368,35.9918045],[137.9091953,35.9918414],[137.9092683,35.9919584]]]]}},{"type":"Feature","properties":{"fid":799,"地目":"田"},"geometry":{"type":"MultiPolygon","coordinates":[[[[137.9089418,35.9938721],[137.9088349,35.99395],[137.9088853,35.9939993],[137.908938,35.9940506],[137.9089883,35.9941038],[137.9090459,35.9941532],[137.9092687,35.9940699],[137.9092712,35.9940483],[137.9091639,35.9938653],[137.9091324,35.9938867],[137.9090623,35.9938982],[137.9089418,35.9938721]]]]}},{"type":"Feature","properties":{"fid":800,"地目":"田"},"geometry":{"type":"MultiPolygon","coordinates":[[[[137.9097923,35.9941078],[137.9098116,35.9941098],[137.9098479,35.9941061],[137.9098961,35.9941181],[137.9099419,35.9941262],[137.9099661,35.9941243],[137.9099609,35.9938418],[137.9098593,35.9938707],[137.9098469,35.9939118],[137.9098419,35.9939334],[137.9098245,35.9939981],[137.9098047,35.9940745],[137.9097923,35.9941078]]]]}},{"type":"Feature","properties":{"fid":801,"地目":"田"},"geometry":{"type":"MultiPolygon","coordinates":[[[[137.9099661,35.9941243],[137.9099974,35.9941245],[137.9100192,35.9941207],[137.9100361,35.9941208],[137.9100796,35.994119],[137.9101158,35.9941172],[137.9101399,35.9941272],[137.9101761,35.9941234],[137.9101285,35.994027],[137.9101215,35.9940074],[137.9101339,35.9939545],[137.9101438,35.993931],[137.9101536,35.9939016],[137.9101563,35.9938682],[137.9101566,35.993827],[137.9099609,35.9938418],[137.9099661,35.9941243]]]]}},{"type":"Feature","properties":{"fid":802,"地目":"畑"},"geometry":{"type":"MultiPolygon","coordinates":[[[[137.9093339,35.9937465],[137.9095254,35.9936454],[137.9096029,35.9936026],[137.9094832,35.9934725],[137.9093427,35.9935248],[137.909236,35.993589],[137.9093315,35.9937445],[137.9093339,35.9937465]]]]}},{"type":"Feature","properties":{"fid":803,"地目":"田"},"geometry":{"type":"MultiPolygon","coordinates":[[[[137.909225,35.9937773],[137.9091639,35.9938653],[137.9092712,35.9940483],[137.909426,35.9940236],[137.9094381,35.9940079],[137.9094287,35.9939804],[137.9093339,35.9937465],[137.9093315,35.9937445],[137.909225,35.9937773]]]]}},{"type":"Feature","properties":{"fid":804,"地目":"田"},"geometry":{"type":"MultiPolygon","coordinates":[[[[137.9090297,35.9934173],[137.9090102,35.9934368],[137.908969,35.9934523],[137.9090122,35.9934957],[137.9090386,35.9935115],[137.9090699,35.9935215],[137.9091086,35.9935217],[137.9091544,35.9935278],[137.9091736,35.9935377],[137.9092169,35.9935614],[137.909236,35.993589],[137.9093427,35.9935248],[137.9091895,35.9933474],[137.9091508,35.993357],[137.9091169,35.9933687],[137.9090661,35.99339],[137.9090297,35.9934173]]]]}},{"type":"Feature","properties":{"fid":805,"地目":"田"},"geometry":{"type":"MultiPolygon","coordinates":[[[[137.9111279,35.9935246],[137.9109032,35.993281],[137.9105879,35.993485],[137.9104386,35.9935908],[137.9104195,35.9936196],[137.910418,35.9936261],[137.9106186,35.993845],[137.9106255,35.9938532],[137.9111279,35.9935246]]]]}},{"type":"Feature","properties":{"fid":806,"地目":"畑"},"geometry":{"type":"MultiPolygon","coordinates":[[[[137.9087875,35.9935083],[137.9086972,35.9933234],[137.9085081,35.9934167],[137.9085415,35.9934718],[137.9085583,35.9934954],[137.9085869,35.9935367],[137.9086182,35.9935565],[137.9086471,35.9935547],[137.9086858,35.993549],[137.9087875,35.9935083]]]]}},{"type":"Feature","properties":{"fid":807,"地目":"田"},"geometry":{"type":"MultiPolygon","coordinates":[[[[137.9111279,35.9935246],[137.9106255,35.9938532],[137.9106903,35.9939198],[137.9107291,35.993965],[137.9108209,35.9940361],[137.9109096,35.9941002],[137.9113825,35.9938048],[137.9111279,35.9935246]]]]}},{"type":"Feature","properties":{"fid":808,"地目":"畑"},"geometry":{"type":"MultiPolygon","coordinates":[[[[137.9089672,35.9937034],[137.9089257,35.9937543],[137.9089135,35.9937719],[137.9088941,35.9937914],[137.9088915,35.993809],[137.9089418,35.9938721],[137.9090623,35.9938982],[137.9091324,35.9938867],[137.9091639,35.9938653],[137.909225,35.9937773],[137.9089672,35.9937034]]]]}},{"type":"Feature","properties":{"fid":809,"地目":"田"},"geometry":{"type":"MultiPolygon","coordinates":[[[[137.910276,35.9942894],[137.9101707,35.9942829],[137.9101412,35.9942963],[137.9101236,35.9943072],[137.9101124,35.994322],[137.9100987,35.9943387],[137.9100803,35.9943535],[137.9100675,35.9943638],[137.910042,35.9943785],[137.9100268,35.9943933],[137.9100298,35.9944114],[137.9100416,35.9944347],[137.9100514,35.9944339],[137.9101031,35.994427],[137.9103118,35.9943992],[137.9103046,35.994324],[137.910276,35.9942894]]]]}},{"type":"Feature","properties":{"fid":810,"地目":"田"},"geometry":{"type":"MultiPolygon","coordinates":[[[[137.9114442,35.9937925],[137.9115428,35.9938993],[137.9117165,35.9937939],[137.9117213,35.9937805],[137.9116752,35.9936658],[137.9114442,35.9937925]]]]}},{"type":"Feature","properties":{"fid":811,"地目":"畑"},"geometry":{"type":"MultiPolygon","coordinates":[[[[137.9101707,35.9942829],[137.9101501,35.9942654],[137.9101222,35.9942416],[137.9101059,35.9942225],[137.9100822,35.9942076],[137.9100513,35.9941945],[137.9100204,35.9941932],[137.9100166,35.9942125],[137.9100081,35.9942406],[137.9100068,35.9942599],[137.9099863,35.9942918],[137.9099836,35.9943228],[137.9099859,35.9943354],[137.9099856,35.994379],[137.910042,35.9943785],[137.9100675,35.9943638],[137.9100803,35.9943535],[137.9100987,35.9943387],[137.9101124,35.994322],[137.9101236,35.9943072],[137.9101412,35.9942963],[137.9101707,35.9942829]]]]}},{"type":"Feature","properties":{"fid":812,"地目":"田"},"geometry":{"type":"MultiPolygon","coordinates":[[[[137.9115238,35.9939539],[137.9113337,35.9940758],[137.9112289,35.9941415],[137.9110771,35.9942362],[137.9114488,35.9945422],[137.9118338,35.994299],[137.9115238,35.9939539]]]]}},{"type":"Feature","properties":{"fid":813,"地目":"田"},"geometry":{"type":"MultiPolygon","coordinates":[[[[137.9092662,35.9940797],[137.9090264,35.9941727],[137.909124,35.9943655],[137.9091408,35.9943793],[137.9091625,35.9943774],[137.9092182,35.994364],[137.9092834,35.9943564],[137.9093608,35.9943411],[137.9092662,35.9940797]]]]}},{"type":"Feature","properties":{"fid":814,"地目":"田"},"geometry":{"type":"MultiPolygon","coordinates":[[[[137.9100079,35.9941491],[137.9099943,35.9941677],[137.9100061,35.9941878],[137.9100204,35.9941932],[137.9100513,35.9941945],[137.9100822,35.9942076],[137.9101059,35.9942225],[137.9101222,35.9942416],[137.9101501,35.9942654],[137.9101707,35.9942829],[137.910276,35.9942894],[137.9102357,35.994196],[137.9102114,35.9941716],[137.9101672,35.9941479],[137.910098,35.9941272],[137.9100536,35.9941333],[137.9100079,35.9941491]]]]}},{"type":"Feature","properties":{"fid":815,"地目":"田"},"geometry":{"type":"MultiPolygon","coordinates":[[[[137.9104682,35.994093],[137.9102844,35.9941986],[137.910288,35.9942268],[137.91033,35.994285],[137.9104052,35.9942806],[137.9104902,35.9942529],[137.9105656,35.9942062],[137.9104682,35.994093]]]]}},{"type":"Feature","properties":{"fid":816,"地目":"畑"},"geometry":{"type":"MultiPolygon","coordinates":[[[[137.9077532,35.9933945],[137.9078576,35.9935023],[137.9078908,35.9935155],[137.9079705,35.9934723],[137.9078567,35.9933383],[137.9077532,35.9933945]]]]}},{"type":"Feature","properties":{"fid":817,"地目":"田"},"geometry":{"type":"MultiPolygon","coordinates":[[[[137.9117213,35.9937805],[137.9117165,35.9937939],[137.9115428,35.9938993],[137.9116584,35.9940244],[137.9120822,35.9944958],[137.9121718,35.9944447],[137.9121206,35.9943796],[137.9120788,35.9943184],[137.9117213,35.9937805]]]]}},{"type":"Feature","properties":{"fid":818,"地目":"田"},"geometry":{"type":"MultiPolygon","coordinates":[[[[137.9109269,35.9941047],[137.9110771,35.9942362],[137.9112289,35.9941415],[137.9113337,35.9940758],[137.9115238,35.9939539],[137.9113954,35.9938163],[137.9109269,35.9941047]]]]}},{"type":"Feature","properties":{"fid":819,"地目":"田"},"geometry":{"type":"MultiPolygon","coordinates":[[[[137.9088049,35.9935012],[137.9089336,35.9936758],[137.9089599,35.9937014],[137.9089672,35.9937034],[137.909225,35.9937773],[137.9093315,35.9937445],[137.909236,35.993589],[137.9092169,35.9935614],[137.9091736,35.9935377],[137.9091544,35.9935278],[137.9091086,35.9935217],[137.9090699,35.9935215],[137.9090386,35.9935115],[137.9090122,35.9934957],[137.908969,35.9934523],[137.9089062,35.9934598],[137.9088049,35.9935012]]]]}},{"type":"Feature","properties":{"fid":820,"地目":"畑"},"geometry":{"type":"MultiPolygon","coordinates":[[[[137.9073278,35.9928058],[137.9073769,35.9928582],[137.9074743,35.9929468],[137.9074887,35.9929599],[137.9075852,35.993141],[137.9076117,35.9931604],[137.9077515,35.9930913],[137.9078952,35.9932846],[137.9080408,35.9932396],[137.9080972,35.9932158],[137.9081181,35.9931966],[137.9081273,35.9931557],[137.9081097,35.9931412],[137.9079967,35.993184],[137.9078913,35.9930125],[137.9080401,35.9929362],[137.9080045,35.9929268],[137.9079188,35.9929043],[137.9078212,35.9928797],[137.9077504,35.9928408],[137.907712,35.9928165],[137.907671,35.9927537],[137.9076568,35.9926742],[137.9076449,35.9926765],[137.9073278,35.9928058]]]]}},{"type":"Feature","properties":{"fid":821,"地目":"畑"},"geometry":{"type":"MultiPolygon","coordinates":[[[[137.9085887,35.9925695],[137.9087122,35.9925254],[137.908642,35.9924084],[137.9085228,35.9924561],[137.9085082,35.992469],[137.9084951,35.9924831],[137.9084965,35.9924925],[137.9084934,35.9925149],[137.9085006,35.9925267],[137.9085106,35.9925467],[137.908573,35.9925329],[137.9085887,35.9925695]]]]}},{"type":"Feature","properties":{"fid":822,"地目":"畑"},"geometry":{"type":"MultiPolygon","coordinates":[[[[137.9087875,35.9935083],[137.9088049,35.9935012],[137.9089062,35.9934598],[137.9088742,35.9932203],[137.9086662,35.9932683],[137.9086972,35.9933234],[137.9087875,35.9935083]]]]}},{"type":"Feature","properties":{"fid":823,"地目":"田"},"geometry":{"type":"MultiPolygon","coordinates":[[[[137.9103033,35.9925279],[137.9106529,35.9922964],[137.91064,35.9922751],[137.9103863,35.9918958],[137.9099647,35.992164],[137.9103033,35.9925279]]]]}},{"type":"Feature","properties":{"fid":824,"地目":"畑"},"geometry":{"type":"MultiPolygon","coordinates":[[[[137.908373,35.9931931],[137.9083299,35.9930098],[137.9082999,35.9930578],[137.9082877,35.9931059],[137.9082784,35.9931589],[137.9082929,35.9932071],[137.908373,35.9931931]]]]}},{"type":"Feature","properties":{"fid":825,"地目":"畑"},"geometry":{"type":"MultiPolygon","coordinates":[[[[137.9080045,35.9929268],[137.9079844,35.9928492],[137.9078778,35.9928414],[137.9078542,35.9928221],[137.9078544,35.9928004],[137.9078487,35.9927666],[137.9078254,35.9927136],[137.907755,35.9926241],[137.9076568,35.9926742],[137.907671,35.9927537],[137.907712,35.9928165],[137.9077504,35.9928408],[137.9078212,35.9928797],[137.9079188,35.9929043],[137.9080045,35.9929268]]]]}},{"type":"Feature","properties":{"fid":826,"地目":"畑"},"geometry":{"type":"MultiPolygon","coordinates":[[[[137.9082871,35.9923907],[137.9084101,35.9923822],[137.9084186,35.9923964],[137.9084992,35.9923791],[137.9084305,35.9922693],[137.9082956,35.9922792],[137.9082908,35.9923357],[137.9082871,35.9923907]]]]}},{"type":"Feature","properties":{"fid":827,"地目":"田"},"geometry":{"type":"MultiPolygon","coordinates":[[[[137.9109685,35.9932521],[137.9112276,35.9935605],[137.9115293,35.9933769],[137.9112858,35.9930433],[137.9109685,35.9932521]]]]}},{"type":"Feature","properties":{"fid":828,"地目":"畑"},"geometry":{"type":"MultiPolygon","coordinates":[[[[137.9073942,35.992361],[137.9070447,35.9926097],[137.9069851,35.9926576],[137.9070165,35.9926834],[137.9071086,35.9927754],[137.907248,35.9928997],[137.907236,35.9929093],[137.9071684,35.9929667],[137.9071781,35.9929957],[137.9072802,35.9930813],[137.9074743,35.9929468],[137.9073769,35.9928582],[137.9073278,35.9928058],[137.9072681,35.9927421],[137.9075602,35.9925148],[137.9073942,35.992361]]]]}},{"type":"Feature","properties":{"fid":829,"地目":"畑"},"geometry":{"type":"MultiPolygon","coordinates":[[[[137.9093486,35.9927345],[137.9094642,35.9926785],[137.9092057,35.9923592],[137.9091882,35.9923733],[137.9091598,35.992389],[137.9091659,35.9924474],[137.9091849,35.9925252],[137.9092215,35.9925749],[137.9092732,35.9926405],[137.9093033,35.9926813],[137.9093486,35.9927345]]]]}},{"type":"Feature","properties":{"fid":830,"地目":"田"},"geometry":{"type":"MultiPolygon","coordinates":[[[[137.9099403,35.9922123],[137.9095508,35.9924586],[137.909558,35.9924677],[137.9099114,35.9928952],[137.9103242,35.9926428],[137.9099403,35.9922123]]]]}},{"type":"Feature","properties":{"fid":831,"地目":"田"},"geometry":{"type":"MultiPolygon","coordinates":[[[[137.9099318,35.9922027],[137.9097559,35.9920124],[137.9093803,35.9922453],[137.9095508,35.9924586],[137.9099403,35.9922123],[137.9099318,35.9922027]]]]}},{"type":"Feature","properties":{"fid":832,"地目":"畑"},"geometry":{"type":"MultiPolygon","coordinates":[[[[137.9084489,35.9928397],[137.9086272,35.9927615],[137.9085393,35.9926244],[137.908488,35.9926383],[137.908459,35.9926548],[137.9084342,35.9926818],[137.9084253,35.9927089],[137.9084164,35.9927324],[137.908419,35.9927736],[137.9084274,35.9928125],[137.9084489,35.9928397]]]]}},{"type":"Feature","properties":{"fid":833,"地目":"畑"},"geometry":{"type":"MultiPolygon","coordinates":[[[[137.9074689,35.9932042],[137.9075852,35.993141],[137.9074887,35.9929599],[137.9074743,35.9929468],[137.9072802,35.9930813],[137.9073193,35.9931328],[137.9074689,35.9932042]]]]}},{"type":"Feature","properties":{"fid":834,"地目":"畑"},"geometry":{"type":"MultiPolygon","coordinates":[[[[137.908959,35.9930789],[137.9091072,35.9930301],[137.9090879,35.9929947],[137.9091751,35.9929598],[137.9091944,35.9929916],[137.9092599,35.9929673],[137.9091617,35.9928264],[137.9091163,35.9927811],[137.9090648,35.9926961],[137.9090027,35.992717],[137.9089768,35.992693],[137.90881,35.9927505],[137.9087808,35.9927344],[137.9087088,35.9927685],[137.9087925,35.992912],[137.9088611,35.9929018],[137.908959,35.9930789]]]]}},{"type":"Feature","properties":{"fid":835,"地目":"田"},"geometry":{"type":"MultiPolygon","coordinates":[[[[137.9101737,35.993287],[137.9106498,35.992996],[137.9103242,35.9926428],[137.9099114,35.9928952],[137.9100769,35.9931487],[137.9101737,35.993287]]]]}},{"type":"Feature","properties":{"fid":836,"地目":"畑"},"geometry":{"type":"MultiPolygon","coordinates":[[[[137.9090297,35.9934173],[137.9090661,35.99339],[137.9091169,35.9933687],[137.9091508,35.993357],[137.9091895,35.9933474],[137.9091849,35.9933278],[137.9091494,35.9932217],[137.909017,35.9931778],[137.9090088,35.9933034],[137.9090297,35.9934173]]]]}},{"type":"Feature","properties":{"fid":837,"地目":"畑"},"geometry":{"type":"MultiPolygon","coordinates":[[[[137.9084305,35.9922693],[137.908351,35.9921399],[137.9082792,35.9921413],[137.9082956,35.9922792],[137.9084305,35.9922693]]]]}},{"type":"Feature","properties":{"fid":838,"地目":"畑"},"geometry":{"type":"MultiPolygon","coordinates":[[[[137.9097744,35.9930452],[137.9096544,35.9931194],[137.9097451,35.9932029],[137.9098521,35.9931469],[137.9097744,35.9930452]]]]}},{"type":"Feature","properties":{"fid":839,"地目":"田"},"geometry":{"type":"MultiPolygon","coordinates":[[[[137.910644,35.9929094],[137.9109387,35.9927413],[137.9108267,35.9926029],[137.9107237,35.9924222],[137.9106529,35.9922964],[137.9103033,35.9925279],[137.910644,35.9929094]]]]}},{"type":"Feature","properties":{"fid":840,"地目":"畑"},"geometry":{"type":"MultiPolygon","coordinates":[[[[137.908285,35.9926773],[137.9083558,35.992643],[137.9083304,35.9925523],[137.9083101,35.9924944],[137.9082927,35.9924413],[137.9082871,35.9923907],[137.9082908,35.9923357],[137.9082193,35.9923471],[137.908132,35.9924131],[137.9081414,35.9924623],[137.9081588,35.9925129],[137.908285,35.9926773]]]]}},{"type":"Feature","properties":{"fid":841,"地目":"畑"},"geometry":{"type":"MultiPolygon","coordinates":[[[[137.9076947,35.9933851],[137.9078179,35.9933228],[137.9078952,35.9932846],[137.9077515,35.9930913],[137.9076117,35.9931604],[137.9075852,35.993141],[137.9074689,35.9932042],[137.9074963,35.9932365],[137.9076947,35.9933851]]]]}},{"type":"Feature","properties":{"fid":842,"地目":"田"},"geometry":{"type":"MultiPolygon","coordinates":[[[[137.9103932,35.9935937],[137.9108956,35.9932728],[137.9106498,35.992996],[137.9101737,35.993287],[137.9102813,35.9934412],[137.9103932,35.9935937]]]]}},{"type":"Feature","properties":{"fid":843,"地目":"田"},"geometry":{"type":"MultiPolygon","coordinates":[[[[137.9113266,35.9957198],[137.9113999,35.9956727],[137.9113069,35.9955524],[137.911222,35.9955593],[137.9111907,35.9955591],[137.9111527,35.9955608],[137.9111191,35.9955697],[137.9112214,35.9956392],[137.9112415,35.9956411],[137.9112904,35.9956864],[137.9113266,35.9957198]]]]}},{"type":"Feature","properties":{"fid":844,"地目":"田"},"geometry":{"type":"MultiPolygon","coordinates":[[[[137.9121818,35.9957339],[137.9122464,35.9957995],[137.9122829,35.9958749],[137.9123133,35.9958628],[137.9123488,35.9958451],[137.9123775,35.9958302],[137.9124012,35.9958139],[137.9123326,35.9957574],[137.912279,35.9957093],[137.9122488,35.9956913],[137.9121818,35.9957339]]]]}},{"type":"Feature","properties":{"fid":845,"地目":"田"},"geometry":{"type":"MultiPolygon","coordinates":[[[[137.9110762,35.9958256],[137.9112214,35.9956392],[137.9111191,35.9955697],[137.9109685,35.9957745],[137.9109925,35.9957815],[137.9110526,35.9958108],[137.9110762,35.9958256]]]]}},{"type":"Feature","properties":{"fid":846,"地目":"田"},"geometry":{"type":"MultiPolygon","coordinates":[[[[137.9117574,35.995498],[137.9117941,35.9954774],[137.9118805,35.9954275],[137.9118592,35.9953961],[137.9117894,35.9953086],[137.9117888,35.9953065],[137.9117904,35.9952952],[137.9118041,35.9952846],[137.9118328,35.9952654],[137.9118176,35.9952547],[137.911769,35.9952139],[137.9115749,35.9953021],[137.9117574,35.995498]]]]}},{"type":"Feature","properties":{"fid":847,"地目":"畑"},"geometry":{"type":"MultiPolygon","coordinates":[[[[137.9105877,35.9955596],[137.9106231,35.995607],[137.9106519,35.9957379],[137.9108379,35.995769],[137.9108557,35.9957752],[137.9108804,35.9957657],[137.9108901,35.995762],[137.910888,35.9956361],[137.9108002,35.9956248],[137.9105877,35.9955596]]]]}},{"type":"Feature","properties":{"fid":848,"地目":"畑"},"geometry":{"type":"MultiPolygon","coordinates":[[[[137.9106519,35.9957379],[137.9106941,35.9958748],[137.9108086,35.9958948],[137.9108423,35.9958342],[137.9108804,35.9957657],[137.9108557,35.9957752],[137.9108379,35.995769],[137.9106519,35.9957379]]]]}},{"type":"Feature","properties":{"fid":849,"地目":"田"},"geometry":{"type":"MultiPolygon","coordinates":[[[[137.9118921,35.9958444],[137.9119667,35.9958063],[137.9120428,35.9957629],[137.9121678,35.9957197],[137.9122304,35.9956789],[137.9121705,35.9955759],[137.9121452,35.9955813],[137.9120598,35.9955152],[137.9119618,35.9955585],[137.9120352,35.9956519],[137.9119556,35.9957022],[137.9118559,35.9957667],[137.9118921,35.9958444]]]]}},{"type":"Feature","properties":{"fid":850,"地目":"田"},"geometry":{"type":"MultiPolygon","coordinates":[[[[137.9116745,35.9955652],[137.9117574,35.995498],[137.9115749,35.9953021],[137.9114156,35.9953784],[137.9115131,35.9955033],[137.9115499,35.9955198],[137.9116745,35.9955652]]]]}},{"type":"Feature","properties":{"fid":851,"地目":"畑"},"geometry":{"type":"MultiPolygon","coordinates":[[[[137.9117941,35.9954774],[137.9118686,35.9955657],[137.9119607,35.9955245],[137.9118805,35.9954275],[137.9117941,35.9954774]]]]}},{"type":"Feature","properties":{"fid":852,"地目":"田"},"geometry":{"type":"MultiPolygon","coordinates":[[[[137.9111506,35.9958639],[137.9112904,35.9956864],[137.9112415,35.9956411],[137.9112214,35.9956392],[137.9110762,35.9958256],[137.9111082,35.9958456],[137.9111506,35.9958639]]]]}},{"type":"Feature","properties":{"fid":853,"地目":"畑"},"geometry":{"type":"MultiPolygon","coordinates":[[[[137.9123475,35.9955843],[137.9124091,35.9956053],[137.9124666,35.9956108],[137.9125402,35.9956147],[137.9125603,35.9955894],[137.9125761,35.9955687],[137.9124629,35.9955128],[137.9124134,35.9954929],[137.9123781,35.9954674],[137.9123018,35.9954105],[137.9122519,35.9954483],[137.9122366,35.9954592],[137.9123475,35.9955843]]]]}},{"type":"Feature","properties":{"fid":854,"地目":"田"},"geometry":{"type":"MultiPolygon","coordinates":[[[[137.9112151,35.9958879],[137.9112758,35.9958337],[137.9113119,35.9957885],[137.9113389,35.9957614],[137.911348,35.9957396],[137.9113266,35.9957198],[137.9112904,35.9956864],[137.9111506,35.9958639],[137.9112151,35.9958879]]]]}},{"type":"Feature","properties":{"fid":855,"地目":"畑"},"geometry":{"type":"MultiPolygon","coordinates":[[[[137.9122767,35.9956254],[137.9122888,35.99564],[137.9123325,35.995684],[137.912396,35.995727],[137.9124703,35.9956709],[137.9124025,35.9956318],[137.9123475,35.9955843],[137.9122767,35.9956254]]]]}},{"type":"Feature","properties":{"fid":856,"地目":"田"},"geometry":{"type":"MultiPolygon","coordinates":[[[[137.9118008,35.9957143],[137.9118325,35.9957167],[137.9118559,35.9957667],[137.9119556,35.9957022],[137.9120352,35.9956519],[137.9119618,35.9955585],[137.9118164,35.9956194],[137.9118079,35.9956317],[137.9118025,35.995685],[137.9117921,35.9957137],[137.9118008,35.9957143]]]]}},{"type":"Feature","properties":{"fid":857,"地目":"田"},"geometry":{"type":"MultiPolygon","coordinates":[[[[137.910888,35.9956361],[137.9108901,35.995762],[137.9109479,35.9957685],[137.9109685,35.9957745],[137.9111191,35.9955697],[137.9111527,35.9955608],[137.9111907,35.9955591],[137.911222,35.9955593],[137.9113069,35.9955524],[137.9112008,35.9954103],[137.9109546,35.9954961],[137.9109079,35.9955612],[137.910888,35.9956361]]]]}},{"type":"Feature","properties":{"fid":858,"地目":"畑"},"geometry":{"type":"MultiPolygon","coordinates":[[[[137.9121539,35.9954524],[137.9122705,35.995618],[137.9122767,35.9956254],[137.9123475,35.9955843],[137.9122366,35.9954592],[137.9121854,35.9954111],[137.9121469,35.995442],[137.9121539,35.9954524]]]]}},{"type":"Feature","properties":{"fid":859,"地目":"田"},"geometry":{"type":"MultiPolygon","coordinates":[[[[137.9106514,35.9954055],[137.9105525,35.9954856],[137.9105877,35.9955596],[137.9108002,35.9956248],[137.910888,35.9956361],[137.9109079,35.9955612],[137.9109546,35.9954961],[137.9109276,35.9954599],[137.910681,35.9954037],[137.9106514,35.9954055]]]]}},{"type":"Feature","properties":{"fid":860,"地目":"田"},"geometry":{"type":"MultiPolygon","coordinates":[[[[137.9116769,35.9958008],[137.911792,35.9959588],[137.9119138,35.9958909],[137.9118921,35.9958444],[137.9118559,35.9957667],[137.9118325,35.9957167],[137.9118008,35.9957143],[137.9117921,35.9957137],[137.9117599,35.9957478],[137.9116854,35.9957926],[137.9116769,35.9958008]]]]}},{"type":"Feature","properties":{"fid":861,"地目":"田"},"geometry":{"type":"MultiPolygon","coordinates":[[[[137.9108804,35.9957657],[137.9108423,35.9958342],[137.9108535,35.9958425],[137.9111229,35.995978],[137.9112151,35.9958879],[137.9111506,35.9958639],[137.9111082,35.9958456],[137.9110762,35.9958256],[137.9110526,35.9958108],[137.9109925,35.9957815],[137.9109685,35.9957745],[137.9109479,35.9957685],[137.9108901,35.995762],[137.9108804,35.9957657]]]]}},{"type":"Feature","properties":{"fid":862,"地目":"田"},"geometry":{"type":"MultiPolygon","coordinates":[[[[137.9126569,35.9974083],[137.9127085,35.9973978],[137.9127762,35.9973775],[137.9130163,35.9972689],[137.9127397,35.996984],[137.91244,35.9971746],[137.9126569,35.9974083]]]]}},{"type":"Feature","properties":{"fid":863,"地目":"田"},"geometry":{"type":"MultiPolygon","coordinates":[[[[137.9149242,35.9976341],[137.9151312,35.9974878],[137.9151082,35.9974707],[137.9150523,35.9974358],[137.9149987,35.9973902],[137.9147963,35.9975171],[137.9149242,35.9976341]]]]}},{"type":"Feature","properties":{"fid":864,"地目":"畑"},"geometry":{"type":"MultiPolygon","coordinates":[[[[137.9126931,35.9977305],[137.9128475,35.997692],[137.9128355,35.9976477],[137.9128612,35.9976395],[137.9128086,35.9975332],[137.9127386,35.9975462],[137.9127257,35.9974961],[137.9126711,35.9975134],[137.9126206,35.9975273],[137.9126931,35.9977305]]]]}},{"type":"Feature","properties":{"fid":865,"地目":"田"},"geometry":{"type":"MultiPolygon","coordinates":[[[[137.9120244,35.9977947],[137.9118595,35.9976429],[137.9116188,35.9978339],[137.9116859,35.9979051],[137.9118017,35.9978508],[137.9119145,35.9978148],[137.9120244,35.9977947]]]]}},{"type":"Feature","properties":{"fid":866,"地目":"畑"},"geometry":{"type":"MultiPolygon","coordinates":[[[[137.9133301,35.997312],[137.9133182,35.9972519],[137.9132956,35.9972551],[137.9131906,35.997273],[137.9129945,35.9973877],[137.9130168,35.9974449],[137.9130196,35.9974733],[137.913022,35.9974983],[137.9133301,35.997312]]]]}},{"type":"Feature","properties":{"fid":867,"地目":"田"},"geometry":{"type":"MultiPolygon","coordinates":[[[[137.9146571,35.997823],[137.9149279,35.9980884],[137.9153748,35.997777],[137.9153195,35.9976714],[137.9153005,35.9976226],[137.9152295,35.9975499],[137.9151312,35.9974878],[137.9149242,35.9976341],[137.9146571,35.997823]]]]}},{"type":"Feature","properties":{"fid":868,"地目":"田"},"geometry":{"type":"MultiPolygon","coordinates":[[[[137.9120865,35.997779],[137.912123,35.9977838],[137.9121851,35.9977612],[137.9122276,35.9977317],[137.9122701,35.997693],[137.9123099,35.997636],[137.91231,35.99762],[137.9121231,35.9973995],[137.9120923,35.9973811],[137.9118604,35.9975194],[137.9119108,35.9975609],[137.911905,35.9975791],[137.9120865,35.997779]]]]}},{"type":"Feature","properties":{"fid":869,"地目":"畑"},"geometry":{"type":"MultiPolygon","coordinates":[[[[137.9133093,35.9974848],[137.9133505,35.9974699],[137.9133474,35.9973372],[137.9133455,35.997313],[137.9133301,35.997312],[137.913022,35.9974983],[137.9130194,35.9975117],[137.9130232,35.997551],[137.9130362,35.9975919],[137.9130542,35.9976466],[137.9132577,35.9975187],[137.9133093,35.9974848]]]]}},{"type":"Feature","properties":{"fid":870,"地目":"畑"},"geometry":{"type":"MultiPolygon","coordinates":[[[[137.9129812,35.9973955],[137.9128843,35.9974334],[137.9128719,35.9974526],[137.9128767,35.9974977],[137.9129135,35.9975137],[137.9129309,35.9975255],[137.912936,35.9975372],[137.9129451,35.9975514],[137.9129947,35.9975365],[137.9130079,35.9975317],[137.9130081,35.9975067],[137.9130084,35.9974641],[137.9129984,35.9974356],[137.9129812,35.9973955]]]]}},{"type":"Feature","properties":{"fid":871,"地目":"畑"},"geometry":{"type":"MultiPolygon","coordinates":[[[[137.9133093,35.9974848],[137.9132577,35.9975187],[137.9130542,35.9976466],[137.9130519,35.9976989],[137.9130577,35.9977465],[137.9130727,35.9978017],[137.9130991,35.9978452],[137.9131355,35.9979188],[137.9131787,35.9979082],[137.9131728,35.9978748],[137.9134138,35.9977925],[137.9133686,35.9976629],[137.9133515,35.9976085],[137.9133517,35.9975885],[137.9133505,35.9974699],[137.9133093,35.9974848]]]]}},{"type":"Feature","properties":{"fid":872,"地目":"畑"},"geometry":{"type":"MultiPolygon","coordinates":[[[[137.9123882,35.9977096],[137.9125662,35.9978561],[137.9126816,35.997758],[137.9126072,35.9975448],[137.9125441,35.9975525],[137.9124761,35.9976185],[137.9124392,35.9976641],[137.9123882,35.9977096]]]]}},{"type":"Feature","properties":{"fid":873,"地目":"田"},"geometry":{"type":"MultiPolygon","coordinates":[[[[137.9124461,35.9974811],[137.9124801,35.9974539],[137.9126099,35.9974179],[137.9126569,35.9974083],[137.91244,35.9971746],[137.912276,35.9972767],[137.9122604,35.9972856],[137.9124461,35.9974811]]]]}},{"type":"Feature","properties":{"fid":874,"地目":"田"},"geometry":{"type":"MultiPolygon","coordinates":[[[[137.9118016,35.9974871],[137.9121661,35.9972876],[137.9119707,35.9970763],[137.9117501,35.9972124],[137.9116455,35.9972759],[137.9116397,35.9973056],[137.9118016,35.9974871]]]]}},{"type":"Feature","properties":{"fid":875,"地目":"田"},"geometry":{"type":"MultiPolygon","coordinates":[[[[137.9134834,35.9979254],[137.9139212,35.9978017],[137.9139128,35.9976871],[137.913843,35.9974294],[137.9138315,35.9974256],[137.913375,35.9975717],[137.9134381,35.9977993],[137.9134834,35.9979254]]]]}},{"type":"Feature","properties":{"fid":876,"地目":"田"},"geometry":{"type":"MultiPolygon","coordinates":[[[[137.9120923,35.9973811],[137.9121231,35.9973995],[137.91231,35.99762],[137.9123812,35.9975151],[137.9124461,35.9974811],[137.9122604,35.9972856],[137.9120923,35.9973811]]]]}},{"type":"Feature","properties":{"fid":877,"地目":"田"},"geometry":{"type":"MultiPolygon","coordinates":[[[[137.9145356,35.9976971],[137.9147963,35.9975171],[137.9149987,35.9973902],[137.9149407,35.997352],[137.9148656,35.9973029],[137.9147868,35.9972317],[137.91471,35.9971606],[137.9146505,35.997099],[137.9145872,35.9970185],[137.9145766,35.9970385],[137.9144043,35.9973773],[137.9143855,35.9975576],[137.9145356,35.9976971]]]]}},{"type":"Feature","properties":{"fid":878,"地目":"田"},"geometry":{"type":"MultiPolygon","coordinates":[[[[137.9145356,35.9976971],[137.9146571,35.997823],[137.9149242,35.9976341],[137.9147963,35.9975171],[137.9145356,35.9976971]]]]}},{"type":"Feature","properties":{"fid":879,"地目":"畑"},"geometry":{"type":"MultiPolygon","coordinates":[[[[137.9184362,36.0026695],[137.9186227,36.0025881],[137.9185357,36.0024595],[137.9184696,36.0024174],[137.9183444,36.0025085],[137.9183905,36.0025627],[137.9183671,36.0025842],[137.9184362,36.0026695]]]]}},{"type":"Feature","properties":{"fid":880,"地目":"田"},"geometry":{"type":"MultiPolygon","coordinates":[[[[137.9198634,36.0027757],[137.9201708,36.002558],[137.920378,36.0023933],[137.9201607,36.0021972],[137.9196654,36.0025538],[137.9196503,36.0025831],[137.9196608,36.0025987],[137.9198634,36.0027757]]]]}},{"type":"Feature","properties":{"fid":881,"地目":"田"},"geometry":{"type":"MultiPolygon","coordinates":[[[[137.9150595,35.9983015],[137.9146137,35.9986223],[137.9145969,35.9986347],[137.914647,35.998725],[137.914753,35.9988375],[137.9152415,35.9984978],[137.9150595,35.9983015]]]]}},{"type":"Feature","properties":{"fid":882,"地目":"畑"},"geometry":{"type":"MultiPolygon","coordinates":[[[[137.917712,36.0024812],[137.917773,36.0025408],[137.9179048,36.0024565],[137.9178554,36.0023928],[137.917712,36.0024812]]]]}},{"type":"Feature","properties":{"fid":883,"地目":"田"},"geometry":{"type":"MultiPolygon","coordinates":[[[[137.9191418,36.0022126],[137.9188661,36.0023899],[137.9189598,36.0024466],[137.9189954,36.0024963],[137.9190061,36.0025571],[137.9190193,36.0026359],[137.9190494,36.002681],[137.9190682,36.0027016],[137.9194165,36.0024713],[137.9191418,36.0022126]]]]}},{"type":"Feature","properties":{"fid":884,"地目":"田"},"geometry":{"type":"MultiPolygon","coordinates":[[[[137.914753,35.9988375],[137.9150762,35.9991335],[137.9155452,35.9987955],[137.9152415,35.9984978],[137.914753,35.9988375]]]]}},{"type":"Feature","properties":{"fid":885,"地目":"田"},"geometry":{"type":"MultiPolygon","coordinates":[[[[137.9175278,36.0025522],[137.9177774,36.0024156],[137.9176876,36.002315],[137.9176005,36.0023662],[137.9175733,36.0023864],[137.9175363,36.0024162],[137.9174513,36.0024798],[137.9175278,36.0025522]]]]}},{"type":"Feature","properties":{"fid":886,"地目":"畑"},"geometry":{"type":"MultiPolygon","coordinates":[[[[137.9179048,36.0024565],[137.917773,36.0025408],[137.9178768,36.0026452],[137.9180168,36.002569],[137.9179048,36.0024565]]]]}},{"type":"Feature","properties":{"fid":887,"地目":"田"},"geometry":{"type":"MultiPolygon","coordinates":[[[[137.914392,35.9980592],[137.9146358,35.9978972],[137.9144336,35.9977048],[137.9144211,35.9977081],[137.914386,35.9977317],[137.9143775,35.9977487],[137.9143728,35.9978223],[137.914392,35.9980592]]]]}},{"type":"Feature","properties":{"fid":888,"地目":"畑"},"geometry":{"type":"MultiPolygon","coordinates":[[[[137.9175363,36.0024162],[137.9175733,36.0023864],[137.9176005,36.0023662],[137.9175258,36.0022938],[137.917488,36.0022599],[137.9175825,36.0021955],[137.9175301,36.0021369],[137.9174869,36.0020885],[137.91741,36.0020694],[137.9174155,36.0021038],[137.9174325,36.0021478],[137.9174534,36.0021839],[137.9174627,36.0022372],[137.9174027,36.0022713],[137.9173096,36.0023476],[137.917348,36.0023728],[137.9173863,36.0024059],[137.9174193,36.0023669],[137.9174557,36.0023419],[137.9175363,36.0024162]]]]}},{"type":"Feature","properties":{"fid":889,"地目":"田"},"geometry":{"type":"MultiPolygon","coordinates":[[[[137.917097,36.0023051],[137.9171692,36.0023101],[137.9172298,36.0023175],[137.9171501,36.0021597],[137.9170575,36.0021734],[137.917097,36.0023051]]]]}},{"type":"Feature","properties":{"fid":890,"地目":"田"},"geometry":{"type":"MultiPolygon","coordinates":[[[[137.9193741,36.0023365],[137.9194962,36.0024529],[137.919509,36.0024443],[137.9196082,36.0025242],[137.9195954,36.0025328],[137.9196187,36.0025519],[137.9196314,36.002545],[137.920097,36.0021935],[137.9201057,36.0021763],[137.920093,36.0021572],[137.9198696,36.0019696],[137.9193741,36.0023365]]]]}},{"type":"Feature","properties":{"fid":891,"地目":"田"},"geometry":{"type":"MultiPolygon","coordinates":[[[[137.9172361,36.0022564],[137.917294,36.0022403],[137.9173167,36.0022944],[137.9173806,36.0022501],[137.9172949,36.0021158],[137.9172631,36.0021227],[137.9171704,36.0021504],[137.9172361,36.0022564]]]]}},{"type":"Feature","properties":{"fid":892,"地目":"田"},"geometry":{"type":"MultiPolygon","coordinates":[[[[137.9126831,35.9981753],[137.9124094,35.9980097],[137.912156,35.9982757],[137.9122736,35.998354],[137.9123664,35.9983682],[137.9126831,35.9981753]]]]}},{"type":"Feature","properties":{"fid":893,"地目":"畑"},"geometry":{"type":"MultiPolygon","coordinates":[[[[137.9136462,35.9991516],[137.9135562,35.9991314],[137.9134527,35.9990548],[137.9133832,35.9990855],[137.9134933,35.9991931],[137.9137486,35.999369],[137.913814,35.9994398],[137.9138752,35.9995979],[137.9139782,35.9995513],[137.9140109,35.9995365],[137.9140998,35.9994856],[137.9141137,35.9994777],[137.9141328,35.9994667],[137.9139049,35.9993275],[137.9136704,35.999163],[137.9136462,35.9991516]]]]}},{"type":"Feature","properties":{"fid":894,"地目":"田"},"geometry":{"type":"MultiPolygon","coordinates":[[[[137.9185492,36.0022201],[137.9188661,36.0023899],[137.9191418,36.0022126],[137.9188855,36.0019758],[137.9185492,36.0022201]]]]}},{"type":"Feature","properties":{"fid":895,"地目":"田"},"geometry":{"type":"MultiPolygon","coordinates":[[[[137.9173806,36.0022501],[137.9174359,36.0022057],[137.9174331,36.0021846],[137.9173903,36.0021116],[137.9172949,36.0021158],[137.9173806,36.0022501]]]]}},{"type":"Feature","properties":{"fid":896,"地目":"田"},"geometry":{"type":"MultiPolygon","coordinates":[[[[137.9201693,36.0021904],[137.9202782,36.002281],[137.9203357,36.0022503],[137.9204123,36.0022429],[137.9204062,36.002204],[137.9204031,36.0021859],[137.920394,36.0021263],[137.9203878,36.0020978],[137.920353,36.0020691],[137.9201693,36.0021904]]]]}},{"type":"Feature","properties":{"fid":897,"地目":"畑"},"geometry":{"type":"MultiPolygon","coordinates":[[[[137.9175301,36.0021369],[137.9175825,36.0021955],[137.9176477,36.002238],[137.9178064,36.0021402],[137.9176257,36.0020798],[137.9175301,36.0021369]]]]}},{"type":"Feature","properties":{"fid":898,"地目":"畑"},"geometry":{"type":"MultiPolygon","coordinates":[[[[137.91741,36.0020694],[137.9174869,36.0020885],[137.9175301,36.0021369],[137.9176257,36.0020798],[137.9175834,36.0020608],[137.9174297,36.0020021],[137.9174082,36.0020506],[137.91741,36.0020694]]]]}},{"type":"Feature","properties":{"fid":899,"地目":"田"},"geometry":{"type":"MultiPolygon","coordinates":[[[[137.9172631,36.0021227],[137.9172949,36.0021158],[137.9173903,36.0021116],[137.9173881,36.0020153],[137.9173506,36.0020057],[137.9173074,36.0019961],[137.9172091,36.0019956],[137.9171078,36.0020139],[137.9171103,36.0020656],[137.9171939,36.0020895],[137.9172631,36.0021227]]]]}},{"type":"Feature","properties":{"fid":900,"地目":"田"},"geometry":{"type":"MultiPolygon","coordinates":[[[[137.9195299,36.0016625],[137.9190516,36.0020071],[137.9190345,36.0020243],[137.9193741,36.0023365],[137.9198696,36.0019696],[137.9195299,36.0016625]]]]}},{"type":"Feature","properties":{"fid":901,"地目":"田"},"geometry":{"type":"MultiPolygon","coordinates":[[[[137.9166973,35.9988872],[137.916862,35.9987687],[137.9166116,35.9986389],[137.9163514,35.9985034],[137.916296,35.9985468],[137.9165286,35.9987843],[137.9165598,35.998766],[137.9166973,35.9988872]]]]}},{"type":"Feature","properties":{"fid":902,"地目":"田"},"geometry":{"type":"MultiPolygon","coordinates":[[[[137.9127339,35.9981481],[137.9127904,35.9981232],[137.912771,35.9980264],[137.9126816,35.997758],[137.9125662,35.9978561],[137.9124285,35.9979695],[137.9127339,35.9981481]]]]}},{"type":"Feature","properties":{"fid":903,"地目":"田"},"geometry":{"type":"MultiPolygon","coordinates":[[[[137.9203221,36.0017786],[137.9199992,36.002018],[137.9200219,36.0020391],[137.9201484,36.0021717],[137.9203756,36.0020252],[137.9203853,36.0020072],[137.920392,36.001971],[137.9203956,36.0019037],[137.9203422,36.0018102],[137.9203221,36.0017786]]]]}},{"type":"Feature","properties":{"fid":904,"地目":"畑"},"geometry":{"type":"MultiPolygon","coordinates":[[[[137.9156793,36.0019608],[137.9157795,36.0021151],[137.9157838,36.0021267],[137.9158788,36.0020699],[137.9159219,36.0020451],[137.9159562,36.0020229],[137.9160137,36.0019964],[137.9160545,36.0019778],[137.9160822,36.0019583],[137.9159281,36.0017909],[137.9156793,36.0019608]]]]}},{"type":"Feature","properties":{"fid":905,"地目":"田"},"geometry":{"type":"MultiPolygon","coordinates":[[[[137.9153323,35.9994238],[137.9154913,35.9996291],[137.9160126,35.9992491],[137.9158425,35.999072],[137.9158034,35.9990788],[137.9153323,35.9994238]]]]}},{"type":"Feature","properties":{"fid":906,"地目":"田"},"geometry":{"type":"MultiPolygon","coordinates":[[[[137.9151807,35.9983325],[137.9153439,35.998501],[137.9158879,35.9981071],[137.9157045,35.9980178],[137.9156654,35.9980222],[137.9156066,35.9980491],[137.9154189,35.9981705],[137.9151807,35.9983325]]]]}},{"type":"Feature","properties":{"fid":907,"地目":"畑"},"geometry":{"type":"MultiPolygon","coordinates":[[[[137.9188615,36.0019549],[137.918395,36.0015339],[137.9183313,36.001582],[137.917959,36.0018636],[137.9179711,36.0018703],[137.9185202,36.0021959],[137.9188615,36.0019549]]]]}},{"type":"Feature","properties":{"fid":908,"地目":"畑"},"geometry":{"type":"MultiPolygon","coordinates":[[[[137.9143192,35.9993542],[137.9144797,35.9993563],[137.9143232,35.9992655],[137.9142934,35.9992653],[137.9142834,35.9992747],[137.9143192,35.9993542]]]]}},{"type":"Feature","properties":{"fid":909,"地目":"畑"},"geometry":{"type":"MultiPolygon","coordinates":[[[[137.9155773,36.0018298],[137.9156793,36.0019608],[137.9159281,36.0017909],[137.9159758,36.0017583],[137.9160068,36.0017379],[137.9158625,36.0016202],[137.9155773,36.0018298]]]]}},{"type":"Feature","properties":{"fid":910,"地目":"田"},"geometry":{"type":"MultiPolygon","coordinates":[[[[137.9201399,36.0015878],[137.9198067,36.0018387],[137.9199992,36.002018],[137.9203221,36.0017786],[137.9203075,36.0017557],[137.920222,36.001688],[137.9201619,36.001623],[137.9201399,36.0015878]]]]}},{"type":"Feature","properties":{"fid":911,"地目":"田"},"geometry":{"type":"MultiPolygon","coordinates":[[[[137.919001,36.0019585],[137.9190516,36.0020071],[137.9195299,36.0016625],[137.9194308,36.0015637],[137.9189994,36.0018808],[137.9190458,36.0019259],[137.919001,36.0019585]]]]}},{"type":"Feature","properties":{"fid":912,"地目":"田"},"geometry":{"type":"MultiPolygon","coordinates":[[[[137.915533,35.9986958],[137.9157023,35.9988564],[137.9161643,35.9985335],[137.9162154,35.9984993],[137.9162772,35.9984598],[137.9161316,35.9983469],[137.9160732,35.9983314],[137.9160376,35.9983312],[137.9159998,35.9983565],[137.915533,35.9986958]]]]}},{"type":"Feature","properties":{"fid":913,"地目":"畑"},"geometry":{"type":"MultiPolygon","coordinates":[[[[137.9141926,35.9993402],[137.914091,35.999307],[137.9139819,35.9992406],[137.9139025,35.9991866],[137.9138063,35.9990735],[137.9136462,35.9991516],[137.9136704,35.999163],[137.9139049,35.9993275],[137.9141328,35.9994667],[137.9141926,35.9993402]]]]}},{"type":"Feature","properties":{"fid":914,"地目":"田"},"geometry":{"type":"MultiPolygon","coordinates":[[[[137.9143393,35.9992347],[137.914483,35.9993261],[137.9145809,35.9993959],[137.9147193,35.9993006],[137.9146672,35.9992577],[137.9146086,35.9991907],[137.9145338,35.9991024],[137.9143393,35.9992347]]]]}},{"type":"Feature","properties":{"fid":915,"地目":"畑"},"geometry":{"type":"MultiPolygon","coordinates":[[[[137.916599,36.0016137],[137.9165119,36.001664],[137.9166458,36.0017978],[137.9167882,36.0017652],[137.916599,36.0016137]]]]}},{"type":"Feature","properties":{"fid":916,"地目":"畑"},"geometry":{"type":"MultiPolygon","coordinates":[[[[137.917959,36.0018636],[137.9183313,36.001582],[137.9182212,36.001495],[137.9178598,36.0018084],[137.917959,36.0018636]]]]}},{"type":"Feature","properties":{"fid":917,"地目":"畑"},"geometry":{"type":"MultiPolygon","coordinates":[[[[137.9163403,36.0017631],[137.9165119,36.001664],[137.916599,36.0016137],[137.9165223,36.0015644],[137.9164482,36.0015014],[137.9163513,36.0015792],[137.91638,36.0016067],[137.9163171,36.0016475],[137.9163289,36.001671],[137.9163479,36.0017103],[137.9163403,36.0017631]]]]}},{"type":"Feature","properties":{"fid":918,"地目":"田"},"geometry":{"type":"MultiPolygon","coordinates":[[[[137.9161802,35.9993257],[137.9164082,35.9995528],[137.9169177,35.9991745],[137.9166913,35.9989523],[137.9161802,35.9993257]]]]}},{"type":"Feature","properties":{"fid":919,"地目":"畑"},"geometry":{"type":"MultiPolygon","coordinates":[[[[137.917122,35.9991176],[137.9169871,35.9992271],[137.9171254,35.999362],[137.9171454,35.9993748],[137.917122,35.9991176]]]]}},{"type":"Feature","properties":{"fid":920,"地目":"畑"},"geometry":{"type":"MultiPolygon","coordinates":[[[[137.9155773,36.0018298],[137.9158625,36.0016202],[137.9160283,36.0014983],[137.915995,36.0014652],[137.9159456,36.0014243],[137.9158626,36.0013555],[137.9157849,36.0014284],[137.915457,36.0017362],[137.9155773,36.0018298]]]]}},{"type":"Feature","properties":{"fid":921,"地目":"田"},"geometry":{"type":"MultiPolygon","coordinates":[[[[137.9200178,36.0013564],[137.9196071,36.0016623],[137.91962,36.0016747],[137.9198067,36.0018387],[137.9201399,36.0015878],[137.9201147,36.0015477],[137.9200644,36.001462],[137.9200235,36.0013841],[137.9200178,36.0013564]]]]}},{"type":"Feature","properties":{"fid":922,"地目":"田"},"geometry":{"type":"MultiPolygon","coordinates":[[[[137.9174772,36.0015725],[137.9174843,36.001594],[137.9175203,36.0016138],[137.9175706,36.0016473],[137.9178598,36.0018084],[137.9182212,36.001495],[137.9182898,36.0014356],[137.9180339,36.0011936],[137.9180098,36.0011896],[137.9174772,36.0015725]]]]}},{"type":"Feature","properties":{"fid":923,"地目":"畑"},"geometry":{"type":"MultiPolygon","coordinates":[[[[137.9159969,36.0013869],[137.9159456,36.0014243],[137.915995,36.0014652],[137.916054,36.0014327],[137.9160094,36.0014009],[137.9159969,36.0013869]]]]}},{"type":"Feature","properties":{"fid":924,"地目":"田"},"geometry":{"type":"MultiPolygon","coordinates":[[[[137.9194744,36.0015342],[137.9196071,36.0016623],[137.9200178,36.0013564],[137.9200112,36.0013245],[137.9199861,36.00127],[137.919923,36.0011921],[137.9194744,36.0015342]]]]}},{"type":"Feature","properties":{"fid":925,"地目":"田"},"geometry":{"type":"MultiPolygon","coordinates":[[[[137.9153195,35.9993885],[137.9157949,35.9990559],[137.9157951,35.9990347],[137.9156766,35.9989248],[137.9152097,35.9992681],[137.9153195,35.9993885]]]]}},{"type":"Feature","properties":{"fid":926,"地目":"畑"},"geometry":{"type":"MultiPolygon","coordinates":[[[[137.9157849,36.0014284],[137.9158626,36.0013555],[137.9158013,36.0012997],[137.9157095,36.0013756],[137.9157849,36.0014284]]]]}},{"type":"Feature","properties":{"fid":927,"地目":"畑"},"geometry":{"type":"MultiPolygon","coordinates":[[[[137.9158626,36.0013555],[137.9159456,36.0014243],[137.9159969,36.0013869],[137.9159236,36.0013051],[137.9158766,36.0012375],[137.9158368,36.0012641],[137.9158257,36.001273],[137.9158013,36.0012997],[137.9158626,36.0013555]]]]}},{"type":"Feature","properties":{"fid":928,"地目":"田"},"geometry":{"type":"MultiPolygon","coordinates":[[[[137.9172699,36.0014103],[137.9174364,36.0015391],[137.9178875,36.0012213],[137.9177341,36.0010783],[137.9172699,36.0014103]]]]}},{"type":"Feature","properties":{"fid":929,"地目":"畑"},"geometry":{"type":"MultiPolygon","coordinates":[[[[137.9157264,36.001319],[137.915602,36.00117],[137.9155199,36.001259],[137.9156228,36.00134],[137.91566,36.0013581],[137.9156799,36.0013582],[137.9157108,36.0013422],[137.9157264,36.001319]]]]}},{"type":"Feature","properties":{"fid":930,"地目":"田"},"geometry":{"type":"MultiPolygon","coordinates":[[[[137.9194523,36.001516],[137.9199456,36.0011534],[137.9199237,36.0010989],[137.9198445,36.0010338],[137.9196777,36.0009297],[137.9191896,36.0012791],[137.9194523,36.001516]]]]}},{"type":"Feature","properties":{"fid":931,"地目":"畑"},"geometry":{"type":"MultiPolygon","coordinates":[[[[137.9159518,36.0012265],[137.9160421,36.0011747],[137.9159089,36.0010504],[137.9158653,36.0010825],[137.9158507,36.0011059],[137.9159518,36.0012265]]]]}},{"type":"Feature","properties":{"fid":932,"地目":"畑"},"geometry":{"type":"MultiPolygon","coordinates":[[[[137.9153241,36.0010321],[137.9151955,36.0011882],[137.9152567,36.001213],[137.9153809,36.0010836],[137.9153371,36.0010548],[137.9153241,36.0010321]]]]}},{"type":"Feature","properties":{"fid":933,"地目":"田"},"geometry":{"type":"MultiPolygon","coordinates":[[[[137.9172699,36.0014103],[137.9177341,36.0010783],[137.917834,36.0010069],[137.9176474,36.0008357],[137.9170846,36.001241],[137.9172532,36.0013974],[137.9172699,36.0014103]]]]}},{"type":"Feature","properties":{"fid":934,"地目":"田"},"geometry":{"type":"MultiPolygon","coordinates":[[[[137.9145844,35.9986187],[137.9145969,35.9986347],[137.9146137,35.9986223],[137.9150595,35.9983015],[137.9147867,35.9980385],[137.9147741,35.9980429],[137.9147615,35.9980519],[137.9144084,35.9982904],[137.9144083,35.9983018],[137.9145844,35.9986187]]]]}},{"type":"Feature","properties":{"fid":935,"地目":"田"},"geometry":{"type":"MultiPolygon","coordinates":[[[[137.9178875,36.0012213],[137.9179701,36.0011631],[137.9179703,36.0011396],[137.917834,36.0010069],[137.9177341,36.0010783],[137.9178875,36.0012213]]]]}},{"type":"Feature","properties":{"fid":936,"地目":"畑"},"geometry":{"type":"MultiPolygon","coordinates":[[[[137.9151905,36.0008383],[137.9151613,36.0008167],[137.9150651,36.0009323],[137.9149814,36.0010328],[137.9148426,36.0011585],[137.9149418,36.0012258],[137.9149768,36.0012617],[137.9150148,36.0012881],[137.91505,36.0012883],[137.9150914,36.0012408],[137.9151382,36.0012577],[137.9151955,36.0011882],[137.9153241,36.0010321],[137.9151948,36.0008526],[137.9151905,36.0008383]]]]}},{"type":"Feature","properties":{"fid":937,"地目":"田"},"geometry":{"type":"MultiPolygon","coordinates":[[[[137.9137185,35.9987929],[137.9139509,35.9987417],[137.9139455,35.9985332],[137.9136628,35.9985885],[137.9136778,35.9986277],[137.9137046,35.9987546],[137.9137185,35.9987929]]]]}},{"type":"Feature","properties":{"fid":938,"地目":"田"},"geometry":{"type":"MultiPolygon","coordinates":[[[[137.9133549,35.9983597],[137.913321,35.9983533],[137.9132944,35.9984045],[137.9132634,35.9984269],[137.913149,35.9984877],[137.9131916,35.9985605],[137.9132433,35.9986434],[137.9132711,35.9986448],[137.9132974,35.9986336],[137.9133391,35.9986101],[137.9134258,35.9985591],[137.9134202,35.9984852],[137.9133944,35.9984288],[137.9133549,35.9983597]]]]}},{"type":"Feature","properties":{"fid":939,"地目":"田"},"geometry":{"type":"MultiPolygon","coordinates":[[[[137.9191896,36.0012791],[137.9196777,36.0009297],[137.9196605,36.000919],[137.9195878,36.0008539],[137.9193337,36.0007466],[137.919254,36.0007565],[137.9188986,36.0009904],[137.9188985,36.0010059],[137.9191896,36.0012791]]]]}},{"type":"Feature","properties":{"fid":940,"地目":"田"},"geometry":{"type":"MultiPolygon","coordinates":[[[[137.9168911,36.0010287],[137.9168656,36.0010521],[137.9170846,36.001241],[137.9176474,36.0008357],[137.9174243,36.0006522],[137.9168911,36.0010287]]]]}},{"type":"Feature","properties":{"fid":941,"地目":"畑"},"geometry":{"type":"MultiPolygon","coordinates":[[[[137.9147211,36.0009123],[137.9149814,36.0010328],[137.9150651,36.0009323],[137.9148081,36.0007969],[137.9147211,36.0009123]]]]}},{"type":"Feature","properties":{"fid":942,"地目":"畑"},"geometry":{"type":"MultiPolygon","coordinates":[[[[137.9151905,36.0008383],[137.9151948,36.0008526],[137.9153241,36.0010321],[137.9153533,36.0010523],[137.9153863,36.0010671],[137.9154291,36.0010763],[137.9154788,36.0010776],[137.9155396,36.0010633],[137.9156398,36.0009628],[137.9154792,36.0008375],[137.9153981,36.0007776],[137.915317,36.0007256],[137.9153082,36.0007156],[137.9151905,36.0008383]]]]}},{"type":"Feature","properties":{"fid":943,"地目":"畑"},"geometry":{"type":"MultiPolygon","coordinates":[[[[137.9137454,35.9988675],[137.9137185,35.9987929],[137.9137046,35.9987546],[137.9136778,35.9986277],[137.9136628,35.9985885],[137.913603,35.9984329],[137.9134536,35.9984744],[137.9134361,35.9984969],[137.9134426,35.9985476],[137.9134904,35.9986465],[137.9135314,35.9987397],[137.9136138,35.9988499],[137.9136482,35.9988755],[137.9136968,35.9988785],[137.9137454,35.9988675]]]]}},{"type":"Feature","properties":{"fid":944,"地目":"田"},"geometry":{"type":"MultiPolygon","coordinates":[[[[137.918395,36.0006053],[137.9179071,36.0009717],[137.9181202,36.0011816],[137.9186259,36.0008135],[137.918395,36.0006053]]]]}},{"type":"Feature","properties":{"fid":945,"地目":"田"},"geometry":{"type":"MultiPolygon","coordinates":[[[[137.9160662,35.9992175],[137.9161802,35.9993257],[137.9166913,35.9989523],[137.9165898,35.9988501],[137.9160662,35.9992175]]]]}},{"type":"Feature","properties":{"fid":946,"地目":"畑"},"geometry":{"type":"MultiPolygon","coordinates":[[[[137.9148081,36.0007969],[137.9150651,36.0009323],[137.9151613,36.0008167],[137.9151028,36.0007913],[137.9148841,36.0006961],[137.9148081,36.0007969]]]]}},{"type":"Feature","properties":{"fid":947,"地目":"畑"},"geometry":{"type":"MultiPolygon","coordinates":[[[[137.9151905,36.0008383],[137.9153082,36.0007156],[137.915185,36.0006494],[137.9151082,36.0007783],[137.9151028,36.0007913],[137.9151613,36.0008167],[137.9151905,36.0008383]]]]}},{"type":"Feature","properties":{"fid":948,"地目":"田"},"geometry":{"type":"MultiPolygon","coordinates":[[[[137.9165675,36.0008246],[137.9167398,36.0009752],[137.9167834,36.0009401],[137.9168911,36.0010287],[137.9174243,36.0006522],[137.9174141,36.0006438],[137.9171811,36.000402],[137.9165675,36.0008246]]]]}},{"type":"Feature","properties":{"fid":949,"地目":"田"},"geometry":{"type":"MultiPolygon","coordinates":[[[[137.9185509,36.0006805],[137.9188395,36.0009544],[137.9188618,36.0009618],[137.9192101,36.00072],[137.9192035,36.0007073],[137.9190497,36.0006466],[137.9189677,36.0005481],[137.91893,36.0004989],[137.9188812,36.0004568],[137.9188626,36.000446],[137.9185509,36.0006805]]]]}},{"type":"Feature","properties":{"fid":950,"地目":"田"},"geometry":{"type":"MultiPolygon","coordinates":[[[[137.9177073,36.0007909],[137.9179071,36.0009717],[137.918395,36.0006053],[137.9182062,36.0004318],[137.9179644,36.0006058],[137.9177073,36.0007909]]]]}},{"type":"Feature","properties":{"fid":951,"地目":"畑"},"geometry":{"type":"MultiPolygon","coordinates":[[[[137.9144774,36.0007213],[137.9147168,36.0008878],[137.9149377,36.0005868],[137.9146894,36.0004523],[137.9144774,36.0007213]]]]}},{"type":"Feature","properties":{"fid":952,"地目":"田"},"geometry":{"type":"MultiPolygon","coordinates":[[[[137.913149,35.9984877],[137.9132634,35.9984269],[137.9132944,35.9984045],[137.913321,35.9983533],[137.9132964,35.9983494],[137.913281,35.9983405],[137.9132642,35.9983229],[137.9132231,35.9982551],[137.9130779,35.998302],[137.9130838,35.9983346],[137.913149,35.9984877]]]]}},{"type":"Feature","properties":{"fid":953,"地目":"田"},"geometry":{"type":"MultiPolygon","coordinates":[[[[137.9177073,36.0007909],[137.9179644,36.0006058],[137.9176826,36.0003444],[137.9174231,36.0005261],[137.9174274,36.0005388],[137.9177073,36.0007909]]]]}},{"type":"Feature","properties":{"fid":954,"地目":"畑"},"geometry":{"type":"MultiPolygon","coordinates":[[[[137.915347,36.0006639],[137.9153804,36.0006671],[137.9153992,36.00064],[137.9154367,36.0005828],[137.9154783,36.0004895],[137.9153139,36.0004002],[137.9152316,36.0005927],[137.915347,36.0006639]]]]}},{"type":"Feature","properties":{"fid":955,"地目":"田"},"geometry":{"type":"MultiPolygon","coordinates":[[[[137.9164568,36.000726],[137.9165675,36.0008246],[137.9171811,36.000402],[137.9170462,36.0002808],[137.9164568,36.000726]]]]}},{"type":"Feature","properties":{"fid":956,"地目":"畑"},"geometry":{"type":"MultiPolygon","coordinates":[[[[137.9144774,36.0007213],[137.9146894,36.0004523],[137.9147402,36.0003796],[137.914688,36.0003367],[137.9146294,36.0002885],[137.9146012,36.0002546],[137.9143589,36.0004826],[137.9143631,36.000504],[137.9143717,36.0005253],[137.9144149,36.0006073],[137.9144774,36.0007213]]]]}},{"type":"Feature","properties":{"fid":957,"地目":"田"},"geometry":{"type":"MultiPolygon","coordinates":[[[[137.9150762,35.9991335],[137.9152097,35.9992681],[137.9156766,35.9989248],[137.9155452,35.9987955],[137.9150762,35.9991335]]]]}},{"type":"Feature","properties":{"fid":958,"地目":"畑"},"geometry":{"type":"MultiPolygon","coordinates":[[[[137.9152316,36.0005927],[137.9153139,36.0004002],[137.9152377,36.0003496],[137.9150708,36.0003396],[137.9150418,36.0003737],[137.9149882,36.0004608],[137.9152316,36.0005927]]]]}},{"type":"Feature","properties":{"fid":959,"地目":"田"},"geometry":{"type":"MultiPolygon","coordinates":[[[[137.9182867,36.0004267],[137.9185509,36.0006805],[137.9188626,36.000446],[137.9188277,36.0004257],[137.9187877,36.0003928],[137.9187568,36.0003436],[137.9187371,36.0002836],[137.9186885,36.0002034],[137.9186843,36.0001671],[137.918684,36.000147],[137.9182867,36.0004267]]]]}},{"type":"Feature","properties":{"fid":960,"地目":"田"},"geometry":{"type":"MultiPolygon","coordinates":[[[[137.91624,36.0004908],[137.9163137,36.0005881],[137.9164568,36.000726],[137.9170462,36.0002808],[137.9168292,36.0000699],[137.91624,36.0004908]]]]}},{"type":"Feature","properties":{"fid":961,"地目":"田"},"geometry":{"type":"MultiPolygon","coordinates":[[[[137.9158879,35.9981071],[137.9153439,35.998501],[137.9155124,35.9986737],[137.9155576,35.9986602],[137.9160147,35.998326],[137.9160472,35.9983149],[137.9160693,35.9982957],[137.9158879,35.9981071]]]]}},{"type":"Feature","properties":{"fid":962,"地目":"田"},"geometry":{"type":"MultiPolygon","coordinates":[[[[137.9176826,36.0003444],[137.9179644,36.0006058],[137.9182062,36.0004318],[137.9179419,36.0001925],[137.9179129,36.0001833],[137.9178972,36.0001941],[137.9176826,36.0003444]]]]}},{"type":"Feature","properties":{"fid":963,"地目":"畑"},"geometry":{"type":"MultiPolygon","coordinates":[[[[137.9143589,36.0004826],[137.9146012,36.0002546],[137.9145795,36.0002314],[137.9145578,36.0001993],[137.9145366,36.0001192],[137.9145192,36.0000996],[137.914244,36.0003488],[137.9143589,36.0004826]]]]}},{"type":"Feature","properties":{"fid":964,"地目":"田"},"geometry":{"type":"MultiPolygon","coordinates":[[[[137.9171513,36.0002736],[137.9173709,36.0005008],[137.9173911,36.0005009],[137.9178697,36.0001626],[137.9178866,36.0001491],[137.9178834,36.0001218],[137.9176671,35.9999028],[137.9171513,36.0002736]]]]}},{"type":"Feature","properties":{"fid":965,"地目":"田"},"geometry":{"type":"MultiPolygon","coordinates":[[[[137.9154146,36.0002728],[137.9155002,36.0002287],[137.9154114,36.0000889],[137.9152887,36.0001495],[137.9153407,36.0002173],[137.9153054,36.0002511],[137.9154146,36.0002728]]]]}},{"type":"Feature","properties":{"fid":966,"地目":"田"},"geometry":{"type":"MultiPolygon","coordinates":[[[[137.9160894,36.0003055],[137.9161464,36.0003774],[137.91624,36.0004908],[137.9168292,36.0000699],[137.9166479,35.9998939],[137.9160894,36.0003055]]]]}},{"type":"Feature","properties":{"fid":967,"地目":"田"},"geometry":{"type":"MultiPolygon","coordinates":[[[[137.9166956,35.9989193],[137.91668,35.9989284],[137.9167389,35.9989884],[137.9167559,35.998977],[137.9168204,35.9990427],[137.9168091,35.9990495],[137.9169871,35.9992271],[137.917122,35.9991176],[137.9171317,35.9989547],[137.9170953,35.9989132],[137.9170799,35.9988982],[137.9170434,35.9988694],[137.917004,35.9988405],[137.9169533,35.9988207],[137.9169139,35.9988022],[137.9168732,35.9987802],[137.9166956,35.9989193]]]]}},{"type":"Feature","properties":{"fid":968,"地目":"田"},"geometry":{"type":"MultiPolygon","coordinates":[[[[137.9182867,36.0004267],[137.918684,36.000147],[137.9186828,36.0000653],[137.9187279,36.0000183],[137.9187372,35.9999748],[137.9187463,35.9999403],[137.9187426,35.9998476],[137.9187182,35.9998148],[137.9181094,36.0002676],[137.9181246,36.0002806],[137.9182867,36.0004267]]]]}},{"type":"Feature","properties":{"fid":969,"地目":"田"},"geometry":{"type":"MultiPolygon","coordinates":[[[[137.9153054,36.0002511],[137.9153407,36.0002173],[137.9152887,36.0001495],[137.9152039,36.0000745],[137.9150542,35.9999209],[137.9148938,36.0000232],[137.91495,36.0001017],[137.915011,36.0001411],[137.9150786,36.0001663],[137.9151614,36.0002075],[137.9152312,36.0002363],[137.9153054,36.0002511]]]]}},{"type":"Feature","properties":{"fid":970,"地目":"畑"},"geometry":{"type":"MultiPolygon","coordinates":[[[[137.9140767,35.9999986],[137.9140303,36.0000651],[137.9139744,36.0001378],[137.9140686,36.0002119],[137.9142268,36.000114],[137.9142662,36.0001035],[137.9143948,36.0000162],[137.9143329,35.9999546],[137.9142611,35.9999116],[137.9142487,35.999895],[137.914169,35.9999404],[137.9140767,35.9999986]]]]}},{"type":"Feature","properties":{"fid":971,"地目":"畑"},"geometry":{"type":"MultiPolygon","coordinates":[[[[137.9139562,35.9998969],[137.9138004,36.0000054],[137.9139744,36.0001378],[137.9140303,36.0000651],[137.9140767,35.9999986],[137.9139562,35.9998969]]]]}},{"type":"Feature","properties":{"fid":972,"地目":"田"},"geometry":{"type":"MultiPolygon","coordinates":[[[[137.9158591,36.0000558],[137.9160894,36.0003055],[137.9166479,35.9998939],[137.9164262,35.9996478],[137.9158591,36.0000558]]]]}},{"type":"Feature","properties":{"fid":973,"地目":"畑"},"geometry":{"type":"MultiPolygon","coordinates":[[[[137.9131041,35.9988418],[137.9130048,35.9986751],[137.9129091,35.9984859],[137.9127931,35.9982402],[137.9127865,35.9981838],[137.9124764,35.9983936],[137.9126274,35.9986028],[137.9127515,35.9986964],[137.9129137,35.9988099],[137.9130276,35.9988696],[137.9131041,35.9988418]]]]}},{"type":"Feature","properties":{"fid":974,"地目":"田"},"geometry":{"type":"MultiPolygon","coordinates":[[[[137.9151888,35.9997714],[137.915016,35.9998669],[137.9150542,35.9999209],[137.9152039,36.0000745],[137.9152887,36.0001495],[137.9154114,36.0000889],[137.91531,35.9999293],[137.9151888,35.9997714]]]]}},{"type":"Feature","properties":{"fid":975,"地目":"田"},"geometry":{"type":"MultiPolygon","coordinates":[[[[137.9173964,35.9996594],[137.9173896,35.9996823],[137.9169039,36.000042],[137.9171513,36.0002736],[137.9176671,35.9999028],[137.9173964,35.9996594]]]]}},{"type":"Feature","properties":{"fid":976,"地目":"田"},"geometry":{"type":"MultiPolygon","coordinates":[[[[137.9181094,36.0002676],[137.9187182,35.9998148],[137.9186895,35.9997693],[137.9186295,35.9997126],[137.9185917,35.9996834],[137.9179647,36.0001327],[137.9179669,36.0001454],[137.9181094,36.0002676]]]]}},{"type":"Feature","properties":{"fid":977,"地目":"田"},"geometry":{"type":"MultiPolygon","coordinates":[[[[137.915886,35.9990341],[137.9160662,35.9992175],[137.9165898,35.9988501],[137.916395,35.9986558],[137.915886,35.9990341]]]]}},{"type":"Feature","properties":{"fid":978,"地目":"畑"},"geometry":{"type":"MultiPolygon","coordinates":[[[[137.9139562,35.9998969],[137.9140767,35.9999986],[137.914169,35.9999404],[137.914076,35.9998194],[137.9139562,35.9998969]]]]}},{"type":"Feature","properties":{"fid":979,"地目":"田"},"geometry":{"type":"MultiPolygon","coordinates":[[[[137.9137454,35.9988675],[137.9138514,35.9990681],[137.9139099,35.9991247],[137.9140427,35.9989873],[137.9139509,35.9987417],[137.9137185,35.9987929],[137.9137454,35.9988675]]]]}},{"type":"Feature","properties":{"fid":980,"地目":"畑"},"geometry":{"type":"MultiPolygon","coordinates":[[[[137.9141548,35.9997683],[137.914076,35.9998194],[137.914169,35.9999404],[137.9142487,35.999895],[137.9141548,35.9997683]]]]}},{"type":"Feature","properties":{"fid":981,"地目":"田"},"geometry":{"type":"MultiPolygon","coordinates":[[[[137.9148906,35.9996894],[137.9148787,35.9996961],[137.9148325,35.9997261],[137.9148211,35.9997918],[137.9148228,35.9998611],[137.9148505,35.9999537],[137.9148938,36.0000232],[137.9150542,35.9999209],[137.915016,35.9998669],[137.9148906,35.9996894]]]]}},{"type":"Feature","properties":{"fid":982,"地目":"畑"},"geometry":{"type":"MultiPolygon","coordinates":[[[[137.9124094,35.9980097],[137.9123972,35.9980024],[137.912156,35.9978914],[137.912111,35.9978843],[137.9119504,35.9979133],[137.91192,35.9982127],[137.912156,35.9982757],[137.9124094,35.9980097]]]]}},{"type":"Feature","properties":{"fid":983,"地目":"田"},"geometry":{"type":"MultiPolygon","coordinates":[[[[137.9157084,35.9998999],[137.9158591,36.0000558],[137.9164262,35.9996478],[137.9162732,35.999506],[137.9162681,35.9995009],[137.9157084,35.9998999]]]]}},{"type":"Feature","properties":{"fid":984,"地目":"田"},"geometry":{"type":"MultiPolygon","coordinates":[[[[137.9176938,35.9998807],[137.9179158,36.0001016],[137.9179246,36.000118],[137.9179402,36.000118],[137.918547,35.9996832],[137.9185015,35.9996132],[137.9184749,35.9995912],[137.9184081,35.9995528],[137.9183379,35.999517],[137.9182442,35.999492],[137.9176938,35.9998807]]]]}},{"type":"Feature","properties":{"fid":985,"地目":"田"},"geometry":{"type":"MultiPolygon","coordinates":[[[[137.9173964,35.9996594],[137.9172929,35.9995513],[137.9167806,35.9999203],[137.9169039,36.000042],[137.9173896,35.9996823],[137.9173964,35.9996594]]]]}},{"type":"Feature","properties":{"fid":986,"地目":"畑"},"geometry":{"type":"MultiPolygon","coordinates":[[[[137.9138752,35.9995979],[137.9137743,35.9996453],[137.913743,35.999662],[137.9138632,35.9998091],[137.9139562,35.9998969],[137.914076,35.9998194],[137.9141548,35.9997683],[137.9139782,35.9995513],[137.9138752,35.9995979]]]]}},{"type":"Feature","properties":{"fid":987,"地目":"田"},"geometry":{"type":"MultiPolygon","coordinates":[[[[137.9148906,35.9996894],[137.915016,35.9998669],[137.9151888,35.9997714],[137.9150609,35.9996046],[137.9150434,35.9996028],[137.9148906,35.9996894]]]]}},{"type":"Feature","properties":{"fid":988,"地目":"田"},"geometry":{"type":"MultiPolygon","coordinates":[[[[137.9172929,35.9995513],[137.9172797,35.9995405],[137.9171716,35.9994378],[137.9166771,35.9998068],[137.9167806,35.9999203],[137.9172929,35.9995513]]]]}},{"type":"Feature","properties":{"fid":989,"地目":"畑"},"geometry":{"type":"MultiPolygon","coordinates":[[[[137.9140998,35.9994856],[137.9140109,35.9995365],[137.9139782,35.9995513],[137.9141548,35.9997683],[137.9142768,35.9996844],[137.9142345,35.999645],[137.9141781,35.9995814],[137.9141137,35.9994777],[137.9140998,35.9994856]]]]}},{"type":"Feature","properties":{"fid":990,"地目":"田"},"geometry":{"type":"MultiPolygon","coordinates":[[[[137.9144032,35.9982428],[137.9144087,35.9982542],[137.9147352,35.9980303],[137.9147423,35.9980179],[137.9147424,35.9980043],[137.9146358,35.9978972],[137.914392,35.9980592],[137.9144032,35.9982428]]]]}},{"type":"Feature","properties":{"fid":991,"地目":"畑"},"geometry":{"type":"MultiPolygon","coordinates":[[[[137.9174804,35.9994237],[137.9173388,35.9995265],[137.9176938,35.9998807],[137.9182442,35.999492],[137.9181573,35.9994562],[137.9180769,35.9994422],[137.9179721,35.9994315],[137.9178938,35.9994366],[137.9178536,35.99944],[137.9178154,35.9994598],[137.9177795,35.9994742],[137.9177438,35.9994722],[137.917688,35.9994556],[137.9176212,35.9994298],[137.9175474,35.999424],[137.9174804,35.9994237]]]]}},{"type":"Feature","properties":{"fid":992,"地目":"田"},"geometry":{"type":"MultiPolygon","coordinates":[[[[137.9160126,35.9992491],[137.9154913,35.9996291],[137.9157084,35.9998999],[137.9162681,35.9995009],[137.9160126,35.9992491]]]]}},{"type":"Feature","properties":{"fid":993,"地目":"田"},"geometry":{"type":"MultiPolygon","coordinates":[[[[137.9164082,35.9995528],[137.9166771,35.9998068],[137.9171716,35.9994378],[137.9169747,35.9992346],[137.9169177,35.9991745],[137.9164082,35.9995528]]]]}},{"type":"Feature","properties":{"fid":994,"地目":"畑"},"geometry":{"type":"MultiPolygon","coordinates":[[[[137.9168861,36.0029224],[137.9169582,36.0030061],[137.9171663,36.0028879],[137.9170945,36.0028058],[137.9168861,36.0029224]]]]}},{"type":"Feature","properties":{"fid":995,"地目":"畑"},"geometry":{"type":"MultiPolygon","coordinates":[[[[137.9180008,36.002944],[137.9180542,36.0029078],[137.9180543,36.0028983],[137.9180444,36.0028902],[137.917919,36.0027803],[137.9178789,36.0028098],[137.9180008,36.002944]]]]}},{"type":"Feature","properties":{"fid":996,"地目":"畑"},"geometry":{"type":"MultiPolygon","coordinates":[[[[137.9196476,36.0026749],[137.9193275,36.0029155],[137.9193523,36.0029187],[137.9194103,36.0029303],[137.9194766,36.0029576],[137.9195345,36.0029894],[137.919587,36.0030076],[137.9198126,36.0028287],[137.9196476,36.0026749]]]]}},{"type":"Feature","properties":{"fid":997,"地目":"畑"},"geometry":{"type":"MultiPolygon","coordinates":[[[[137.9188042,36.0029694],[137.9188893,36.0029091],[137.9188317,36.0028482],[137.918774,36.0027831],[137.9187048,36.0027153],[137.9186765,36.0027206],[137.9186165,36.00275],[137.9186595,36.0027826],[137.9186974,36.0028111],[137.9187667,36.0028775],[137.91874,36.002899],[137.9188042,36.0029694]]]]}},{"type":"Feature","properties":{"fid":998,"地目":"田"},"geometry":{"type":"MultiPolygon","coordinates":[[[[137.9149279,35.9980884],[137.9151353,35.998297],[137.9151445,35.9983088],[137.9151542,35.9983088],[137.9153156,35.9982027],[137.9155296,35.9980434],[137.915551,35.9980261],[137.9156632,35.9979474],[137.9155328,35.9978642],[137.9154943,35.997842],[137.9154229,35.9978149],[137.9153748,35.997777],[137.9149279,35.9980884]]]]}},{"type":"Feature","properties":{"fid":999,"地目":"田"},"geometry":{"type":"MultiPolygon","coordinates":[[[[137.9136656,35.9982235],[137.9137367,35.998195],[137.9138062,35.9981716],[137.9138557,35.9981543],[137.9139004,35.9981445],[137.9139575,35.9981385],[137.9139572,35.9979707],[137.9139444,35.9978291],[137.9135413,35.9979424],[137.9135288,35.9979661],[137.9135364,35.9979849],[137.9135621,35.9980476],[137.9136092,35.9981468],[137.9136656,35.9982235]]]]}},{"type":"Feature","properties":{"fid":1000,"地目":"田"},"geometry":{"type":"MultiPolygon","coordinates":[[[[137.9157023,35.9988564],[137.9157095,35.9988633],[137.915886,35.9990341],[137.916395,35.9986558],[137.9162154,35.9984993],[137.9161643,35.9985335],[137.9157023,35.9988564]]]]}},{"type":"Feature","properties":{"fid":1001,"地目":"畑"},"geometry":{"type":"MultiPolygon","coordinates":[[[[137.9167297,36.0027993],[137.9168602,36.0029369],[137.9168861,36.0029224],[137.9170945,36.0028058],[137.9171509,36.0027743],[137.9170581,36.0026764],[137.9169174,36.0027094],[137.9167297,36.0027993]]]]}},{"type":"Feature","properties":{"fid":1002,"地目":"畑"},"geometry":{"type":"MultiPolygon","coordinates":[[[[137.9168244,36.0025685],[137.916816,36.0025802],[137.9165811,36.0027074],[137.9164489,36.0027828],[137.916517,36.002878],[137.9166826,36.0028195],[137.9167297,36.0027993],[137.9169174,36.0027094],[137.9168244,36.0025685]]]]}},{"type":"Feature","properties":{"fid":1003,"地目":"畑"},"geometry":{"type":"MultiPolygon","coordinates":[[[[137.9132372,35.9982314],[137.9132448,35.9982389],[137.9132726,35.9982303],[137.9133592,35.9981882],[137.9132663,35.9980374],[137.9132122,35.9980597],[137.913235,35.9981087],[137.9131762,35.9981334],[137.9132372,35.9982314]]]]}},{"type":"Feature","properties":{"fid":1004,"地目":"畑"},"geometry":{"type":"MultiPolygon","coordinates":[[[[137.9124285,35.9979695],[137.9125662,35.9978561],[137.9123882,35.9977096],[137.9122409,35.9978369],[137.9124144,35.9979613],[137.9124285,35.9979695]]]]}},{"type":"Feature","properties":{"fid":1005,"地目":"畑"},"geometry":{"type":"MultiPolygon","coordinates":[[[[137.9143998,35.999534],[137.9143976,35.9993779],[137.9143359,35.9993767],[137.9143998,35.999534]]]]}},{"type":"Feature","properties":{"fid":1006,"地目":"畑"},"geometry":{"type":"MultiPolygon","coordinates":[[[[137.9172122,35.9994097],[137.9173388,35.9995265],[137.9174804,35.9994237],[137.9174558,35.9994236],[137.9174111,35.9994215],[137.9173552,35.9994194],[137.9173196,35.9994011],[137.9172683,35.9993754],[137.9171972,35.999317],[137.9171992,35.9993533],[137.9172057,35.9993824],[137.9172122,35.9994097]]]]}},{"type":"Feature","properties":{"fid":1007,"地目":"畑"},"geometry":{"type":"MultiPolygon","coordinates":[[[[137.9192475,36.002853],[137.9192417,36.002889],[137.91925,36.002898],[137.9192804,36.0029094],[137.9193275,36.0029155],[137.9196476,36.0026749],[137.919576,36.0026161],[137.9195564,36.0026407],[137.9192475,36.002853]]]]}},{"type":"Feature","properties":{"fid":1008,"地目":"畑"},"geometry":{"type":"MultiPolygon","coordinates":[[[[137.9190682,36.0027016],[137.9190906,36.0027262],[137.9191236,36.0027601],[137.9191703,36.0028099],[137.9192258,36.0027966],[137.9195041,36.0026022],[137.9195153,36.0025843],[137.9195072,36.0025663],[137.9194165,36.0024713],[137.9190682,36.0027016]]]]}},{"type":"Feature","properties":{"fid":1009,"地目":"畑"},"geometry":{"type":"MultiPolygon","coordinates":[[[[137.9162734,36.0023874],[137.9162469,36.0024134],[137.9162086,36.002456],[137.9161382,36.0024866],[137.9161699,36.0025461],[137.9161779,36.002646],[137.9162739,36.0027154],[137.9164173,36.0027137],[137.9164643,36.0026759],[137.9165085,36.0026405],[137.9165379,36.0026145],[137.9165614,36.0026051],[137.9164506,36.0025546],[137.9163779,36.0024949],[137.9163432,36.0024519],[137.9162734,36.0023874]]]]}},{"type":"Feature","properties":{"fid":1010,"地目":"畑"},"geometry":{"type":"MultiPolygon","coordinates":[[[[137.9164173,36.0027137],[137.9164489,36.0027828],[137.9165811,36.0027074],[137.916816,36.0025802],[137.9168244,36.0025685],[137.9168928,36.0024736],[137.9168936,36.0023643],[137.9168382,36.0023498],[137.9167588,36.0024064],[137.9167173,36.0024751],[137.9166525,36.0025437],[137.9165614,36.0026051],[137.9165379,36.0026145],[137.9165085,36.0026405],[137.9164643,36.0026759],[137.9164173,36.0027137]]]]}},{"type":"Feature","properties":{"fid":1011,"地目":"畑"},"geometry":{"type":"MultiPolygon","coordinates":[[[[137.973369,36.0094795],[137.9734006,36.0097237],[137.9736401,36.0096935],[137.973644,36.0094525],[137.9733978,36.009472],[137.973369,36.0094795]]]]}},{"type":"Feature","properties":{"fid":1012,"地目":"田"},"geometry":{"type":"MultiPolygon","coordinates":[[[[137.9745657,36.0033654],[137.9746627,36.0033976],[137.9746478,36.0034601],[137.974757,36.0034986],[137.9748214,36.0033154],[137.9747839,36.0032719],[137.974762,36.0032284],[137.9747467,36.0031887],[137.9747315,36.0031453],[137.9747139,36.0031055],[137.9746764,36.0030674],[137.9746609,36.0030691],[137.9745657,36.0033654]]]]}},{"type":"Feature","properties":{"fid":1013,"地目":"田"},"geometry":{"type":"MultiPolygon","coordinates":[[[[137.9713813,36.013011],[137.9716804,36.0130433],[137.9717585,36.0128741],[137.9717214,36.0128695],[137.9714403,36.0128345],[137.9714153,36.0128392],[137.9713875,36.0129717],[137.9713813,36.013011]]]]}},{"type":"Feature","properties":{"fid":1014,"地目":"田"},"geometry":{"type":"MultiPolygon","coordinates":[[[[137.9711612,36.0168815],[137.9711539,36.0169632],[137.9711628,36.0170197],[137.9711867,36.0171362],[137.9712572,36.0171161],[137.9712357,36.0168713],[137.9711612,36.0168815]]]]}},{"type":"Feature","properties":{"fid":1015,"地目":"田"},"geometry":{"type":"MultiPolygon","coordinates":[[[[137.9716804,36.0130433],[137.9713813,36.013011],[137.971356,36.0131489],[137.9713493,36.0131921],[137.9713983,36.0131944],[137.9715992,36.0132192],[137.9716804,36.0130433]]]]}},{"type":"Feature","properties":{"fid":1016,"地目":"田"},"geometry":{"type":"MultiPolygon","coordinates":[[[[137.9721945,36.0162192],[137.9726672,36.016277],[137.9726917,36.0162718],[137.9727082,36.016248],[137.9727636,36.0160097],[137.9725059,36.0160019],[137.9722563,36.0160034],[137.9721945,36.0162192]]]]}},{"type":"Feature","properties":{"fid":1017,"地目":"田"},"geometry":{"type":"MultiPolygon","coordinates":[[[[137.9724076,36.0170977],[137.9724394,36.0167893],[137.9720511,36.0167644],[137.9720304,36.0170736],[137.9720445,36.0170746],[137.9724076,36.0170977]]]]}},{"type":"Feature","properties":{"fid":1018,"地目":"田"},"geometry":{"type":"MultiPolygon","coordinates":[[[[137.9699341,36.0130494],[137.9699356,36.012825],[137.9698686,36.0128436],[137.9697812,36.0128668],[137.9695888,36.0129369],[137.9694837,36.0129907],[137.9693756,36.0130777],[137.9694891,36.0130664],[137.9697538,36.0130486],[137.9699341,36.0130494]]]]}},{"type":"Feature","properties":{"fid":1019,"地目":"田"},"geometry":{"type":"MultiPolygon","coordinates":[[[[137.9689785,36.013857],[137.968994,36.0137489],[137.9689983,36.0137195],[137.968988,36.0135666],[137.968645,36.0136384],[137.9685393,36.0136869],[137.9685202,36.0137327],[137.9686443,36.0137455],[137.9688021,36.0137829],[137.9689785,36.013857]]]]}},{"type":"Feature","properties":{"fid":1020,"地目":"田"},"geometry":{"type":"MultiPolygon","coordinates":[[[[137.965386,36.0126837],[137.9656797,36.0131883],[137.9659106,36.0130839],[137.9656751,36.0126306],[137.9655159,36.0126571],[137.965386,36.0126837]]]]}},{"type":"Feature","properties":{"fid":1021,"地目":"田"},"geometry":{"type":"MultiPolygon","coordinates":[[[[137.9724826,36.01309],[137.9727612,36.0132317],[137.9729697,36.0129659],[137.9729672,36.0129586],[137.9729285,36.0129458],[137.9727377,36.0128851],[137.972645,36.013017],[137.9725508,36.0129956],[137.9724826,36.01309]]]]}},{"type":"Feature","properties":{"fid":1022,"地目":"田"},"geometry":{"type":"MultiPolygon","coordinates":[[[[137.9714339,36.0171216],[137.9714287,36.0170251],[137.971426,36.0169992],[137.9714291,36.0169686],[137.9714322,36.0169428],[137.9714239,36.0168839],[137.9714096,36.0168579],[137.9712357,36.0168713],[137.9712572,36.0171161],[137.9714339,36.0171216]]]]}},{"type":"Feature","properties":{"fid":1023,"地目":"田"},"geometry":{"type":"MultiPolygon","coordinates":[[[[137.9715707,36.0158076],[137.971886,36.0158452],[137.9719111,36.015648],[137.9719215,36.0155856],[137.9719198,36.0155612],[137.9719076,36.0155564],[137.9718865,36.0155351],[137.9718458,36.0155207],[137.9718178,36.0155195],[137.9716423,36.0154259],[137.9716157,36.0154921],[137.9715713,36.0157967],[137.9715707,36.0158076]]]]}},{"type":"Feature","properties":{"fid":1024,"地目":"田"},"geometry":{"type":"MultiPolygon","coordinates":[[[[137.9676349,36.0138399],[137.9675133,36.0136025],[137.967484,36.0135454],[137.9672876,36.0135921],[137.9672358,36.0134963],[137.967162,36.0135188],[137.9674132,36.0139104],[137.9674585,36.0138912],[137.9675279,36.0138655],[137.9676349,36.0138399]]]]}},{"type":"Feature","properties":{"fid":1025,"地目":"田"},"geometry":{"type":"MultiPolygon","coordinates":[[[[137.971205,36.0154251],[137.9712047,36.0154717],[137.971223,36.015668],[137.971245,36.01579],[137.9712667,36.0158786],[137.9715085,36.0159078],[137.9715603,36.0154759],[137.971205,36.0154251]]]]}},{"type":"Feature","properties":{"fid":1026,"地目":"田"},"geometry":{"type":"MultiPolygon","coordinates":[[[[137.9716598,36.0173437],[137.9712988,36.0173893],[137.9711411,36.0175933],[137.9717554,36.017556],[137.9716598,36.0173437]]]]}},{"type":"Feature","properties":{"fid":1027,"地目":"田"},"geometry":{"type":"MultiPolygon","coordinates":[[[[137.9669535,36.0127409],[137.966716,36.0128446],[137.966963,36.0132674],[137.9669866,36.0132592],[137.9672061,36.0131787],[137.9669535,36.0127409]]]]}},{"type":"Feature","properties":{"fid":1028,"地目":"田"},"geometry":{"type":"MultiPolygon","coordinates":[[[[137.9674132,36.0139104],[137.967162,36.0135188],[137.9668589,36.0136111],[137.9671376,36.0141448],[137.9673705,36.0139232],[137.9674132,36.0139104]]]]}},{"type":"Feature","properties":{"fid":1029,"地目":"田"},"geometry":{"type":"MultiPolygon","coordinates":[[[[137.9704863,36.0130826],[137.9705308,36.0125899],[137.9704516,36.012617],[137.9703992,36.0126357],[137.9703526,36.0130725],[137.9704863,36.0130826]]]]}},{"type":"Feature","properties":{"fid":1030,"地目":"田"},"geometry":{"type":"MultiPolygon","coordinates":[[[[137.9674677,36.0130676],[137.9675222,36.0130654],[137.9675683,36.0130629],[137.967611,36.0130765],[137.9677129,36.0131037],[137.9678095,36.0129409],[137.9678722,36.0129278],[137.9678179,36.0126788],[137.9673512,36.0128629],[137.9674677,36.0130676]]]]}},{"type":"Feature","properties":{"fid":1031,"地目":"田"},"geometry":{"type":"MultiPolygon","coordinates":[[[[137.9707242,36.013515],[137.970696,36.0138667],[137.9708064,36.0138712],[137.9708199,36.0137265],[137.9708287,36.0135411],[137.9707579,36.0135247],[137.9707242,36.013515]]]]}},{"type":"Feature","properties":{"fid":1032,"地目":"田"},"geometry":{"type":"MultiPolygon","coordinates":[[[[137.9709444,36.0141012],[137.9709536,36.0140984],[137.9711039,36.0140527],[137.9711141,36.0140222],[137.9712789,36.0137701],[137.9710964,36.0136714],[137.9710389,36.0136325],[137.9710033,36.0136291],[137.9709919,36.0136426],[137.9709592,36.0139196],[137.9709444,36.0141012]]]]}},{"type":"Feature","properties":{"fid":1033,"地目":"田"},"geometry":{"type":"MultiPolygon","coordinates":[[[[137.9676349,36.0138399],[137.9676611,36.0138337],[137.9677357,36.0138146],[137.967805,36.0137911],[137.9679879,36.0137323],[137.9678465,36.0135644],[137.9677829,36.0135273],[137.9677522,36.0135098],[137.9675133,36.0136025],[137.9676349,36.0138399]]]]}},{"type":"Feature","properties":{"fid":1034,"地目":"田"},"geometry":{"type":"MultiPolygon","coordinates":[[[[137.9698836,36.0127617],[137.9698558,36.0126638],[137.9693022,36.0127449],[137.9693494,36.0130128],[137.9698836,36.0127617]]]]}},{"type":"Feature","properties":{"fid":1035,"地目":"田"},"geometry":{"type":"MultiPolygon","coordinates":[[[[137.9666907,36.0133603],[137.966445,36.0129355],[137.9662088,36.0130407],[137.9664446,36.0134292],[137.9666907,36.0133603]]]]}},{"type":"Feature","properties":{"fid":1036,"地目":"田"},"geometry":{"type":"MultiPolygon","coordinates":[[[[137.9654354,36.0151386],[137.9657038,36.0150884],[137.9659127,36.0150409],[137.9661401,36.0149966],[137.9661813,36.0149635],[137.9660524,36.0147542],[137.9659292,36.014793],[137.9658248,36.0148189],[137.9656873,36.0148371],[137.9655449,36.0148512],[137.9654224,36.0148603],[137.9652957,36.0148779],[137.9654354,36.0151386]]]]}},{"type":"Feature","properties":{"fid":1037,"地目":"田"},"geometry":{"type":"MultiPolygon","coordinates":[[[[137.9689785,36.013857],[137.9691376,36.0138965],[137.9693054,36.0139461],[137.969423,36.0139874],[137.9695758,36.0140309],[137.969691,36.014062],[137.9697386,36.0140704],[137.9697704,36.0138259],[137.9693792,36.0137834],[137.968994,36.0137489],[137.9689785,36.013857]]]]}},{"type":"Feature","properties":{"fid":1038,"地目":"田"},"geometry":{"type":"MultiPolygon","coordinates":[[[[137.970216,36.0127009],[137.9701899,36.0130529],[137.9703526,36.0130725],[137.9703992,36.0126357],[137.9703205,36.0126637],[137.9702476,36.0126894],[137.970216,36.0127009]]]]}},{"type":"Feature","properties":{"fid":1039,"地目":"田"},"geometry":{"type":"MultiPolygon","coordinates":[[[[137.9663719,36.01407],[137.9666386,36.0139761],[137.9666387,36.0139567],[137.9665046,36.0137248],[137.9662247,36.0138143],[137.9663719,36.01407]]]]}},{"type":"Feature","properties":{"fid":1040,"地目":"田"},"geometry":{"type":"MultiPolygon","coordinates":[[[[137.970459,36.0134542],[137.9704389,36.0138513],[137.970696,36.0138667],[137.9707242,36.013515],[137.9706183,36.0134882],[137.970459,36.0134542]]]]}},{"type":"Feature","properties":{"fid":1041,"地目":"田"},"geometry":{"type":"MultiPolygon","coordinates":[[[[137.9715534,36.0150072],[137.9717606,36.0151433],[137.9718195,36.0150735],[137.9719235,36.0151305],[137.9719543,36.0150759],[137.9719809,36.0150053],[137.9716549,36.0148402],[137.9715534,36.0150072]]]]}},{"type":"Feature","properties":{"fid":1042,"地目":"畑"},"geometry":{"type":"MultiPolygon","coordinates":[[[[137.9680662,36.0137188],[137.9679474,36.0135821],[137.9678465,36.0135644],[137.9679879,36.0137323],[137.9680662,36.0137188]]]]}},{"type":"Feature","properties":{"fid":1043,"地目":"田"},"geometry":{"type":"MultiPolygon","coordinates":[[[[137.9649946,36.0135388],[137.965158,36.0137843],[137.9653967,36.0137219],[137.9652199,36.0134367],[137.9649946,36.0135388]]]]}},{"type":"Feature","properties":{"fid":1044,"地目":"田"},"geometry":{"type":"MultiPolygon","coordinates":[[[[137.9717575,36.0132187],[137.9720758,36.0131982],[137.9721043,36.0131312],[137.972152,36.013052],[137.9721997,36.012996],[137.9722505,36.012922],[137.9723171,36.0128583],[137.9720211,36.0128596],[137.9719926,36.0128799],[137.9719259,36.0129615],[137.9717575,36.0132187]]]]}},{"type":"Feature","properties":{"fid":1045,"地目":"田"},"geometry":{"type":"MultiPolygon","coordinates":[[[[137.9669302,36.0143415],[137.9669609,36.0143126],[137.9671376,36.0141448],[137.9668589,36.0136111],[137.9666956,36.0136609],[137.9665979,36.0136906],[137.9665604,36.0137272],[137.9665656,36.0137532],[137.9666527,36.0139004],[137.9667089,36.0139956],[137.9669302,36.0143415]]]]}},{"type":"Feature","properties":{"fid":1046,"地目":"田"},"geometry":{"type":"MultiPolygon","coordinates":[[[[137.9697386,36.0140704],[137.9699141,36.0140997],[137.9700595,36.0141228],[137.9700732,36.0141262],[137.9700963,36.0138599],[137.9697704,36.0138259],[137.9697386,36.0140704]]]]}},{"type":"Feature","properties":{"fid":1047,"地目":"田"},"geometry":{"type":"MultiPolygon","coordinates":[[[[137.9706263,36.013889],[137.970626,36.0139391],[137.9706117,36.0141036],[137.9706795,36.0140957],[137.9707422,36.0141021],[137.9707748,36.0141124],[137.9708023,36.0141227],[137.9708223,36.014133],[137.9708348,36.0141371],[137.9708624,36.0141373],[137.97088,36.0141353],[137.9709254,36.014107],[137.9709444,36.0141012],[137.9709592,36.0139196],[137.9706263,36.013889]]]]}},{"type":"Feature","properties":{"fid":1048,"地目":"田"},"geometry":{"type":"MultiPolygon","coordinates":[[[[137.9678923,36.0131358],[137.9680167,36.0131619],[137.9681523,36.0131798],[137.9682994,36.013194],[137.9682415,36.0128819],[137.9679116,36.0129277],[137.9679018,36.0129434],[137.9678932,36.0130725],[137.9678923,36.0131358]]]]}},{"type":"Feature","properties":{"fid":1049,"地目":"田"},"geometry":{"type":"MultiPolygon","coordinates":[[[[137.968988,36.0135666],[137.9689983,36.0137195],[137.9693932,36.013758],[137.9693988,36.0134889],[137.9691576,36.0135306],[137.968988,36.0135666]]]]}},{"type":"Feature","properties":{"fid":1050,"地目":"田"},"geometry":{"type":"MultiPolygon","coordinates":[[[[137.9701532,36.0134244],[137.9701192,36.0138193],[137.9704389,36.0138513],[137.970459,36.0134542],[137.9703514,36.0134411],[137.9701532,36.0134244]]]]}},{"type":"Feature","properties":{"fid":1051,"地目":"田"},"geometry":{"type":"MultiPolygon","coordinates":[[[[137.9704425,36.0138757],[137.9700963,36.0138599],[137.9700732,36.0141262],[137.9702423,36.0141684],[137.9704052,36.0142058],[137.9704425,36.0138757]]]]}},{"type":"Feature","properties":{"fid":1052,"地目":"田"},"geometry":{"type":"MultiPolygon","coordinates":[[[[137.9660194,36.0142032],[137.9663453,36.0140977],[137.9663479,36.0140857],[137.9662057,36.0138188],[137.9658527,36.0138959],[137.9660194,36.0142032]]]]}},{"type":"Feature","properties":{"fid":1053,"地目":"田"},"geometry":{"type":"MultiPolygon","coordinates":[[[[137.9685764,36.0128423],[137.9686503,36.0132151],[137.9688189,36.013201],[137.968912,36.013192],[137.9689722,36.0131796],[137.9689092,36.0128022],[137.9685764,36.0128423]]]]}},{"type":"Feature","properties":{"fid":1054,"地目":"田"},"geometry":{"type":"MultiPolygon","coordinates":[[[[137.9693988,36.0134889],[137.9693932,36.013758],[137.9697505,36.0137932],[137.9697657,36.0137942],[137.9697966,36.0134466],[137.9697566,36.0134507],[137.9693988,36.0134889]]]]}},{"type":"Feature","properties":{"fid":1055,"地目":"田"},"geometry":{"type":"MultiPolygon","coordinates":[[[[137.9706263,36.013889],[137.9704425,36.0138757],[137.9704052,36.0142058],[137.9705957,36.0142978],[137.9706117,36.0141036],[137.970626,36.0139391],[137.9706263,36.013889]]]]}},{"type":"Feature","properties":{"fid":1056,"地目":"田"},"geometry":{"type":"MultiPolygon","coordinates":[[[[137.9697966,36.0134466],[137.9697657,36.0137942],[137.9701192,36.0138193],[137.9701532,36.0134244],[137.9701219,36.0134217],[137.9698997,36.0134361],[137.9697966,36.0134466]]]]}},{"type":"Feature","properties":{"fid":1057,"地目":"田"},"geometry":{"type":"MultiPolygon","coordinates":[[[[137.9655178,36.0139728],[137.9657041,36.0143225],[137.9660194,36.0142032],[137.9658527,36.0138959],[137.9655178,36.0139728]]]]}},{"type":"Feature","properties":{"fid":1058,"地目":"田"},"geometry":{"type":"MultiPolygon","coordinates":[[[[137.9717585,36.0128741],[137.9717955,36.0127825],[137.9718025,36.0127635],[137.9718006,36.0127555],[137.971784,36.0127451],[137.9717574,36.0127382],[137.9714935,36.012703],[137.9714486,36.012702],[137.971435,36.0127544],[137.9714153,36.0128392],[137.9714403,36.0128345],[137.9717214,36.0128695],[137.9717585,36.0128741]]]]}},{"type":"Feature","properties":{"fid":1059,"地目":"田"},"geometry":{"type":"MultiPolygon","coordinates":[[[[137.9656751,36.0126306],[137.9659106,36.0130839],[137.9661666,36.0129796],[137.9659599,36.0125979],[137.9658049,36.0126176],[137.9656751,36.0126306]]]]}},{"type":"Feature","properties":{"fid":1060,"地目":"田"},"geometry":{"type":"MultiPolygon","coordinates":[[[[137.9651051,36.0127505],[137.9654237,36.0132926],[137.9656797,36.0131883],[137.965386,36.0126837],[137.9652897,36.0126833],[137.9652141,36.0127204],[137.9651051,36.0127505]]]]}},{"type":"Feature","properties":{"fid":1061,"地目":"田"},"geometry":{"type":"MultiPolygon","coordinates":[[[[137.9656376,36.0136501],[137.9654681,36.0133446],[137.9654995,36.0133315],[137.9652199,36.0134367],[137.9653967,36.0137219],[137.9656376,36.0136501]]]]}},{"type":"Feature","properties":{"fid":1062,"地目":"畑"},"geometry":{"type":"MultiPolygon","coordinates":[[[[137.9722563,36.0160034],[137.9725059,36.0160019],[137.9725514,36.01579],[137.9723932,36.0157814],[137.9723605,36.0157932],[137.972331,36.0158063],[137.9723211,36.0158235],[137.9722563,36.0160034]]]]}},{"type":"Feature","properties":{"fid":1063,"地目":"田"},"geometry":{"type":"MultiPolygon","coordinates":[[[[137.9723634,36.0157086],[137.9722875,36.0156782],[137.9722455,36.0156601],[137.9721876,36.0156442],[137.9721268,36.015628],[137.9720531,36.0155994],[137.9719749,36.0155832],[137.9719198,36.0155612],[137.9719215,36.0155856],[137.9719111,36.015648],[137.971886,36.0158452],[137.9718295,36.0161728],[137.9718425,36.0161728],[137.9719338,36.0161909],[137.9719555,36.0161946],[137.971987,36.0162],[137.9720413,36.0162055],[137.9720803,36.0162134],[137.9721406,36.016219],[137.9721733,36.0162191],[137.9721905,36.0161773],[137.9723105,36.0158],[137.9723327,36.0157643],[137.972355,36.0157326],[137.9723634,36.0157086]]]]}},{"type":"Feature","properties":{"fid":1064,"地目":"田"},"geometry":{"type":"MultiPolygon","coordinates":[[[[137.9653901,36.0144377],[137.9657041,36.0143225],[137.9655178,36.0139728],[137.9651923,36.0140567],[137.9653901,36.0144377]]]]}},{"type":"Feature","properties":{"fid":1065,"地目":"田"},"geometry":{"type":"MultiPolygon","coordinates":[[[[137.9721593,36.0144288],[137.9721229,36.0142228],[137.9721951,36.0140069],[137.9720742,36.0140015],[137.9720513,36.0141406],[137.9720459,36.0142061],[137.9720431,36.0142658],[137.9720913,36.0143694],[137.9721228,36.0144192],[137.9721593,36.0144288]]]]}},{"type":"Feature","properties":{"fid":1066,"地目":"畑"},"geometry":{"type":"MultiPolygon","coordinates":[[[[137.9674584,36.0134954],[137.9674296,36.0134393],[137.967283,36.0134819],[137.9672358,36.0134963],[137.9672876,36.0135921],[137.967484,36.0135454],[137.9674584,36.0134954]]]]}},{"type":"Feature","properties":{"fid":1067,"地目":"田"},"geometry":{"type":"MultiPolygon","coordinates":[[[[137.9718384,36.0155013],[137.9718496,36.0154501],[137.9718412,36.0154006],[137.9718305,36.0153687],[137.9718287,36.0153227],[137.9718332,36.0152998],[137.9718487,36.0152592],[137.97184,36.0152503],[137.9712853,36.0149262],[137.9712589,36.0149668],[137.9712367,36.0150356],[137.9712365,36.0150727],[137.9712252,36.015138],[137.9712249,36.0151805],[137.9712248,36.0151964],[137.9715856,36.0153757],[137.9718384,36.0155013]]]]}},{"type":"Feature","properties":{"fid":1068,"地目":"田"},"geometry":{"type":"MultiPolygon","coordinates":[[[[137.9669302,36.0143415],[137.9667089,36.0139956],[137.9666756,36.0140044],[137.9664035,36.0141156],[137.9666113,36.0144688],[137.9666538,36.0144863],[137.9667172,36.0145427],[137.9669302,36.0143415]]]]}},{"type":"Feature","properties":{"fid":1069,"地目":"田"},"geometry":{"type":"MultiPolygon","coordinates":[[[[137.9679116,36.0129277],[137.9682415,36.0128819],[137.9682099,36.0127163],[137.9678856,36.0127606],[137.9679116,36.0129277]]]]}},{"type":"Feature","properties":{"fid":1070,"地目":"田"},"geometry":{"type":"MultiPolygon","coordinates":[[[[137.9653901,36.0144377],[137.9651923,36.0140567],[137.9651796,36.01406],[137.9650503,36.0140957],[137.9652668,36.0144752],[137.9653901,36.0144377]]]]}},{"type":"Feature","properties":{"fid":1071,"地目":"田"},"geometry":{"type":"MultiPolygon","coordinates":[[[[137.9721427,36.0135466],[137.9722899,36.0135725],[137.9724461,36.0135873],[137.9725314,36.0135835],[137.9725665,36.0135532],[137.9726512,36.0134402],[137.9726229,36.0134211],[137.9726542,36.0133782],[137.9723385,36.0132487],[137.9723256,36.0132413],[137.9721311,36.013525],[137.9721272,36.0135397],[137.9721427,36.0135466]]]]}},{"type":"Feature","properties":{"fid":1072,"地目":"田"},"geometry":{"type":"MultiPolygon","coordinates":[[[[137.9713837,36.0161886],[137.9714486,36.0163606],[137.9715232,36.0165594],[137.9715895,36.0167059],[137.9715966,36.0167224],[137.9718068,36.0167418],[137.9718081,36.0167257],[137.9718335,36.0165796],[137.9718575,36.0164429],[137.9718745,36.0163732],[137.9718919,36.0162365],[137.9713837,36.0161886]]]]}},{"type":"Feature","properties":{"fid":1073,"地目":"田"},"geometry":{"type":"MultiPolygon","coordinates":[[[[137.9659599,36.0125979],[137.9661666,36.0129796],[137.9664268,36.012872],[137.9662074,36.0125174],[137.9659599,36.0125979]]]]}},{"type":"Feature","properties":{"fid":1074,"地目":"畑"},"geometry":{"type":"MultiPolygon","coordinates":[[[[137.9722846,36.0154502],[137.9723129,36.0154592],[137.972346,36.0153886],[137.9724525,36.0153962],[137.9726134,36.0154075],[137.9726353,36.0153811],[137.9725922,36.0153243],[137.9725598,36.0152924],[137.972523,36.0152657],[137.9724927,36.0152355],[137.9724625,36.0152036],[137.9724194,36.0151327],[137.9722255,36.0151884],[137.9722029,36.0153085],[137.9722846,36.0154502]]]]}},{"type":"Feature","properties":{"fid":1075,"地目":"田"},"geometry":{"type":"MultiPolygon","coordinates":[[[[137.9717531,36.0170878],[137.9719077,36.0173603],[137.9719461,36.0174628],[137.9720189,36.0176291],[137.972066,36.0177281],[137.972327,36.0176869],[137.9723232,36.0175951],[137.9723194,36.0175174],[137.9723287,36.0174257],[137.9723552,36.0173587],[137.9723773,36.0173059],[137.9724255,36.017239],[137.9724563,36.0171862],[137.9723869,36.0171718],[137.9717531,36.0170878]]]]}},{"type":"Feature","properties":{"fid":1076,"地目":"田"},"geometry":{"type":"MultiPolygon","coordinates":[[[[137.9715635,36.0185195],[137.9715462,36.0182955],[137.9712123,36.0183191],[137.971234,36.0185401],[137.9715635,36.0185195]]]]}},{"type":"Feature","properties":{"fid":1077,"地目":"田"},"geometry":{"type":"MultiPolygon","coordinates":[[[[137.966963,36.0132674],[137.966716,36.0128446],[137.966445,36.0129355],[137.9666907,36.0133603],[137.9667184,36.0133525],[137.966963,36.0132674]]]]}},{"type":"Feature","properties":{"fid":1078,"地目":"田"},"geometry":{"type":"MultiPolygon","coordinates":[[[[137.9715381,36.0161485],[137.9717218,36.0161723],[137.9718295,36.0161728],[137.971886,36.0158452],[137.9715707,36.0158076],[137.9715373,36.0161052],[137.9715381,36.0161485]]]]}},{"type":"Feature","properties":{"fid":1079,"地目":"田"},"geometry":{"type":"MultiPolygon","coordinates":[[[[137.9720193,36.0181479],[137.971777,36.0181606],[137.9718351,36.0189111],[137.971874,36.018909],[137.9722611,36.0186722],[137.9720193,36.0181479]]]]}},{"type":"Feature","properties":{"fid":1080,"地目":"田"},"geometry":{"type":"MultiPolygon","coordinates":[[[[137.9712667,36.0158786],[137.9712704,36.0158935],[137.971296,36.0159784],[137.971315,36.0160554],[137.9713342,36.0161111],[137.9713602,36.0161325],[137.971486,36.0161412],[137.9715085,36.0159078],[137.9712667,36.0158786]]]]}},{"type":"Feature","properties":{"fid":1081,"地目":"田"},"geometry":{"type":"MultiPolygon","coordinates":[[[[137.9665503,36.0144725],[137.9663751,36.0141393],[137.9663652,36.0141352],[137.9663328,36.0141451],[137.9660442,36.0142447],[137.9660352,36.0142481],[137.9662113,36.0145668],[137.966255,36.0146459],[137.9664339,36.0145527],[137.9665303,36.0144953],[137.9665503,36.0144725]]]]}},{"type":"Feature","properties":{"fid":1082,"地目":"畑"},"geometry":{"type":"MultiPolygon","coordinates":[[[[137.9674584,36.0134954],[137.967484,36.0135454],[137.9675133,36.0136025],[137.9677522,36.0135098],[137.9676689,36.0134685],[137.9676078,36.0134466],[137.9675414,36.0134355],[137.9674882,36.0134352],[137.9674296,36.0134393],[137.9674584,36.0134954]]]]}},{"type":"Feature","properties":{"fid":1083,"地目":"田"},"geometry":{"type":"MultiPolygon","coordinates":[[[[137.9712248,36.0151964],[137.9712156,36.01531],[137.9712053,36.0153763],[137.971205,36.0154251],[137.9715603,36.0154759],[137.9715856,36.0153757],[137.9712248,36.0151964]]]]}},{"type":"Feature","properties":{"fid":1084,"地目":"田"},"geometry":{"type":"MultiPolygon","coordinates":[[[[137.9660352,36.0142481],[137.9657207,36.0143683],[137.9658862,36.0146806],[137.9662113,36.0145668],[137.9660352,36.0142481]]]]}},{"type":"Feature","properties":{"fid":1085,"地目":"田"},"geometry":{"type":"MultiPolygon","coordinates":[[[[137.9700377,36.0127782],[137.9699356,36.012825],[137.9699341,36.0130494],[137.970033,36.0130428],[137.9701899,36.0130529],[137.970216,36.0127009],[137.9701514,36.0127244],[137.9700377,36.0127782]]]]}},{"type":"Feature","properties":{"fid":1086,"地目":"田"},"geometry":{"type":"MultiPolygon","coordinates":[[[[137.9664446,36.0134292],[137.9662088,36.0130407],[137.9659638,36.0131412],[137.966194,36.013499],[137.9664446,36.0134292]]]]}},{"type":"Feature","properties":{"fid":1087,"地目":"田"},"geometry":{"type":"MultiPolygon","coordinates":[[[[137.9718335,36.0165796],[137.9718081,36.0167257],[137.9725581,36.01678],[137.9726011,36.0165772],[137.972636,36.0165724],[137.9726869,36.0163634],[137.9726609,36.0163015],[137.9722154,36.0162567],[137.9718919,36.0162365],[137.9718745,36.0163732],[137.9718575,36.0164429],[137.9718335,36.0165796]]]]}},{"type":"Feature","properties":{"fid":1088,"地目":"田"},"geometry":{"type":"MultiPolygon","coordinates":[[[[137.9731939,36.0129759],[137.9732311,36.0129133],[137.9733882,36.012649],[137.973102,36.0125235],[137.973008,36.0126617],[137.9729062,36.0128109],[137.9728709,36.0128627],[137.9729019,36.0128738],[137.9731939,36.0129759]]]]}},{"type":"Feature","properties":{"fid":1089,"地目":"田"},"geometry":{"type":"MultiPolygon","coordinates":[[[[137.9659249,36.0135848],[137.9657043,36.0132464],[137.9654995,36.0133315],[137.9654681,36.0133446],[137.9656376,36.0136501],[137.9659249,36.0135848]]]]}},{"type":"Feature","properties":{"fid":1090,"地目":"田"},"geometry":{"type":"MultiPolygon","coordinates":[[[[137.9725314,36.0135835],[137.9725999,36.0135806],[137.9726684,36.0135788],[137.9727306,36.0135581],[137.972763,36.0135414],[137.9728135,36.0135228],[137.9728486,36.013503],[137.9731612,36.0130332],[137.973,36.0129765],[137.9726512,36.0134402],[137.9725665,36.0135532],[137.9725314,36.0135835]]]]}},{"type":"Feature","properties":{"fid":1091,"地目":"田"},"geometry":{"type":"MultiPolygon","coordinates":[[[[137.9689722,36.0131796],[137.9691664,36.013138],[137.9691762,36.0131335],[137.9690984,36.0127747],[137.9689092,36.0128022],[137.9689722,36.0131796]]]]}},{"type":"Feature","properties":{"fid":1092,"地目":"田"},"geometry":{"type":"MultiPolygon","coordinates":[[[[137.9717316,36.0170489],[137.9718433,36.0170599],[137.9720304,36.0170736],[137.9720511,36.0167644],[137.9718488,36.0167457],[137.9718068,36.0167418],[137.9715966,36.0167224],[137.9717316,36.0170489]]]]}},{"type":"Feature","properties":{"fid":1093,"地目":"田"},"geometry":{"type":"MultiPolygon","coordinates":[[[[137.9728486,36.013503],[137.9728977,36.0134948],[137.9729456,36.0134856],[137.9729766,36.0134815],[137.9730206,36.0134722],[137.9730581,36.0134703],[137.9730776,36.0134609],[137.9730938,36.0134567],[137.9733542,36.0130924],[137.9733276,36.0130827],[137.9731612,36.0130332],[137.9728486,36.013503]]]]}},{"type":"Feature","properties":{"fid":1094,"地目":"田"},"geometry":{"type":"MultiPolygon","coordinates":[[[[137.9706703,36.0131128],[137.9707248,36.0125528],[137.9705741,36.012575],[137.9705308,36.0125899],[137.9704863,36.0130826],[137.9705881,36.0130901],[137.9706703,36.0131128]]]]}},{"type":"Feature","properties":{"fid":1095,"地目":"田"},"geometry":{"type":"MultiPolygon","coordinates":[[[[137.9718601,36.0155084],[137.9718865,36.0155351],[137.9719076,36.0155564],[137.9719198,36.0155612],[137.9719749,36.0155832],[137.9720531,36.0155994],[137.9721268,36.015628],[137.9721876,36.0156442],[137.9722455,36.0156601],[137.9722875,36.0156782],[137.9723634,36.0157086],[137.9723635,36.0156962],[137.9723535,36.0155619],[137.9723494,36.015523],[137.9718791,36.0152611],[137.9718747,36.015277],[137.9718657,36.0153211],[137.9718676,36.0153512],[137.9718783,36.0153866],[137.971878,36.0154325],[137.9718778,36.0154537],[137.9718601,36.0155084]]]]}},{"type":"Feature","properties":{"fid":1096,"地目":"田"},"geometry":{"type":"MultiPolygon","coordinates":[[[[137.9714339,36.0171216],[137.9714365,36.017164],[137.9714246,36.0172086],[137.9712988,36.0173893],[137.9716598,36.0173437],[137.9717134,36.017337],[137.971588,36.0170282],[137.9714291,36.0169686],[137.971426,36.0169992],[137.9714287,36.0170251],[137.9714339,36.0171216]]]]}},{"type":"Feature","properties":{"fid":1097,"地目":"田"},"geometry":{"type":"MultiPolygon","coordinates":[[[[137.9715691,36.0181223],[137.9719748,36.0181006],[137.972001,36.0180795],[137.9717667,36.0175937],[137.971477,36.0176089],[137.9715691,36.0181223]]]]}},{"type":"Feature","properties":{"fid":1098,"地目":"田"},"geometry":{"type":"MultiPolygon","coordinates":[[[[137.965598,36.0148313],[137.965415,36.0144782],[137.9650916,36.0145857],[137.9652469,36.0148701],[137.965429,36.0148507],[137.965598,36.0148313]]]]}},{"type":"Feature","properties":{"fid":1099,"地目":"田"},"geometry":{"type":"MultiPolygon","coordinates":[[[[137.9661813,36.0149635],[137.966327,36.0148855],[137.9664355,36.0148134],[137.9666454,36.0146056],[137.96658,36.0144794],[137.9664297,36.0145623],[137.9662541,36.0146643],[137.9661345,36.0147182],[137.9660524,36.0147542],[137.9661813,36.0149635]]]]}},{"type":"Feature","properties":{"fid":1100,"地目":"田"},"geometry":{"type":"MultiPolygon","coordinates":[[[[137.9682994,36.013194],[137.968437,36.0132157],[137.9685126,36.0132192],[137.9685882,36.0132195],[137.9686503,36.0132151],[137.9685764,36.0128423],[137.9685734,36.0128273],[137.9682415,36.0128819],[137.9682994,36.013194]]]]}},{"type":"Feature","properties":{"fid":1101,"地目":"田"},"geometry":{"type":"MultiPolygon","coordinates":[[[[137.9716549,36.0148402],[137.9719809,36.0150053],[137.9719923,36.0149293],[137.9721467,36.0149247],[137.972132,36.0148451],[137.9719037,36.0145136],[137.9718537,36.0144915],[137.971682,36.0147957],[137.9716549,36.0148402]]]]}},{"type":"Feature","properties":{"fid":1102,"地目":"田"},"geometry":{"type":"MultiPolygon","coordinates":[[[[137.9693022,36.0127449],[137.9690984,36.0127747],[137.9691762,36.0131335],[137.9692461,36.0131021],[137.9692927,36.013085],[137.9693142,36.0130662],[137.9693357,36.0130395],[137.9693494,36.0130128],[137.9693022,36.0127449]]]]}},{"type":"Feature","properties":{"fid":1103,"地目":"田"},"geometry":{"type":"MultiPolygon","coordinates":[[[[137.9723256,36.0132413],[137.9723385,36.0132487],[137.9726542,36.0133782],[137.9727612,36.0132317],[137.9724826,36.01309],[137.9723943,36.0132122],[137.9723852,36.0132132],[137.9723491,36.0132131],[137.9723374,36.0132235],[137.9723256,36.0132413]]]]}},{"type":"Feature","properties":{"fid":1104,"地目":"田"},"geometry":{"type":"MultiPolygon","coordinates":[[[[137.9711466,36.0176239],[137.9711692,36.0181441],[137.9715691,36.0181223],[137.971477,36.0176089],[137.9711466,36.0176239]]]]}},{"type":"Feature","properties":{"fid":1105,"地目":"田"},"geometry":{"type":"MultiPolygon","coordinates":[[[[137.9728709,36.0128627],[137.9729062,36.0128109],[137.973008,36.0126617],[137.9728997,36.0126218],[137.9727568,36.0128307],[137.9728709,36.0128627]]]]}},{"type":"Feature","properties":{"fid":1106,"地目":"田"},"geometry":{"type":"MultiPolygon","coordinates":[[[[137.9710692,36.0131671],[137.9711292,36.0127526],[137.9711746,36.0124385],[137.9710115,36.0124664],[137.9709277,36.0124982],[137.9707248,36.0125528],[137.9706703,36.0131128],[137.9708565,36.0131399],[137.9710692,36.0131671]]]]}},{"type":"Feature","properties":{"fid":1107,"地目":"田"},"geometry":{"type":"MultiPolygon","coordinates":[[[[137.9715368,36.0181731],[137.9711997,36.0181906],[137.9712123,36.0183191],[137.9715462,36.0182955],[137.9715368,36.0181731]]]]}},{"type":"Feature","properties":{"fid":1108,"地目":"田"},"geometry":{"type":"MultiPolygon","coordinates":[[[[137.9735574,36.0131208],[137.9735806,36.0131257],[137.9735904,36.0131163],[137.9736237,36.0130692],[137.973837,36.0127677],[137.9737406,36.0126885],[137.9737407,36.0126649],[137.9735482,36.0124703],[137.9735306,36.0124939],[137.9732483,36.0129636],[137.9732345,36.012995],[137.9732422,36.0130076],[137.9732576,36.0130187],[137.9735574,36.0131208]]]]}},{"type":"Feature","properties":{"fid":1109,"地目":"田"},"geometry":{"type":"MultiPolygon","coordinates":[[[[137.9674531,36.0130723],[137.9672188,36.012631],[137.9669535,36.0127409],[137.9672061,36.0131787],[137.9672285,36.0131705],[137.9674531,36.0130723]]]]}},{"type":"Feature","properties":{"fid":1110,"地目":"田"},"geometry":{"type":"MultiPolygon","coordinates":[[[[137.970696,36.0138667],[137.9708227,36.0138744],[137.9708716,36.0138776],[137.9709281,36.0138656],[137.9709451,36.0138367],[137.9709576,36.0137259],[137.9709671,36.0136198],[137.9709674,36.0135745],[137.9708287,36.0135411],[137.9708199,36.0137265],[137.9708064,36.0138712],[137.970696,36.0138667]]]]}},{"type":"Feature","properties":{"fid":1111,"地目":"田"},"geometry":{"type":"MultiPolygon","coordinates":[[[[137.9713156,36.0131848],[137.9713262,36.0131312],[137.97139,36.0128072],[137.9713903,36.0127702],[137.9711292,36.0127526],[137.9710692,36.0131671],[137.9712788,36.0131942],[137.9713023,36.0131919],[137.9713156,36.0131848]]]]}},{"type":"Feature","properties":{"fid":1112,"地目":"田"},"geometry":{"type":"MultiPolygon","coordinates":[[[[137.9734241,36.0132493],[137.9734547,36.0132109],[137.9734978,36.0131449],[137.9733542,36.0130924],[137.9730938,36.0134567],[137.9731255,36.0134485],[137.9731631,36.013433],[137.9732201,36.0134059],[137.9732733,36.0133736],[137.9733447,36.0133288],[137.9734241,36.0132493]]]]}},{"type":"Feature","properties":{"fid":1113,"地目":"田"},"geometry":{"type":"MultiPolygon","coordinates":[[[[137.966255,36.0146459],[137.9662113,36.0145668],[137.9658862,36.0146806],[137.9659339,36.0147706],[137.9660682,36.0147329],[137.9662375,36.014655],[137.966255,36.0146459]]]]}},{"type":"Feature","properties":{"fid":1114,"地目":"田"},"geometry":{"type":"MultiPolygon","coordinates":[[[[137.966194,36.013499],[137.9659638,36.0131412],[137.9657043,36.0132464],[137.9659249,36.0135848],[137.9659434,36.0135806],[137.966194,36.013499]]]]}},{"type":"Feature","properties":{"fid":1115,"地目":"田"},"geometry":{"type":"MultiPolygon","coordinates":[[[[137.9658862,36.0146806],[137.9657207,36.0143683],[137.9655378,36.0144317],[137.965415,36.0144782],[137.965598,36.0148313],[137.9657421,36.0148091],[137.9658116,36.014804],[137.9658779,36.0147922],[137.9659339,36.0147706],[137.9658862,36.0146806]]]]}},{"type":"Feature","properties":{"fid":1116,"地目":"田"},"geometry":{"type":"MultiPolygon","coordinates":[[[[137.971427,36.0123519],[137.9717256,36.0123438],[137.9716204,36.0118519],[137.9713375,36.0118957],[137.971427,36.0123519]]]]}},{"type":"Feature","properties":{"fid":1117,"地目":"田"},"geometry":{"type":"MultiPolygon","coordinates":[[[[137.9754054,36.0037151],[137.9753999,36.0037905],[137.9756207,36.0037467],[137.9756142,36.0037232],[137.9754054,36.0037151]]]]}},{"type":"Feature","properties":{"fid":1118,"地目":"田"},"geometry":{"type":"MultiPolygon","coordinates":[[[[137.9708865,36.0231891],[137.9709731,36.0231144],[137.9710731,36.0229454],[137.9710287,36.0229371],[137.9709931,36.0229956],[137.9708865,36.0231891]]]]}},{"type":"Feature","properties":{"fid":1119,"地目":"田"},"geometry":{"type":"MultiPolygon","coordinates":[[[[137.9712206,36.0206608],[137.9711822,36.0209154],[137.9717533,36.0209487],[137.9718072,36.020829],[137.9718195,36.0207571],[137.9718495,36.0206875],[137.9712206,36.0206608]]]]}},{"type":"Feature","properties":{"fid":1120,"地目":"田"},"geometry":{"type":"MultiPolygon","coordinates":[[[[137.9721474,36.0208592],[137.972157,36.0208391],[137.9721575,36.0208211],[137.9721229,36.0207144],[137.972113,36.0206466],[137.9720986,36.0206755],[137.9720587,36.0208372],[137.9721474,36.0208592]]]]}},{"type":"Feature","properties":{"fid":1121,"地目":"田"},"geometry":{"type":"MultiPolygon","coordinates":[[[[137.9717579,36.021679],[137.9718605,36.0214645],[137.9721474,36.0208592],[137.9720587,36.0208372],[137.971945,36.0211211],[137.9718831,36.0212768],[137.9717168,36.0216469],[137.9717104,36.021663],[137.9717579,36.021679]]]]}},{"type":"Feature","properties":{"fid":1122,"地目":"田"},"geometry":{"type":"MultiPolygon","coordinates":[[[[137.9718351,36.0189111],[137.9715947,36.0189243],[137.9712735,36.0189419],[137.9712934,36.0192517],[137.9715826,36.0192423],[137.9716182,36.0191641],[137.9716756,36.0190896],[137.9717374,36.0190187],[137.9718036,36.018955],[137.9718351,36.0189111]]]]}},{"type":"Feature","properties":{"fid":1123,"地目":"田"},"geometry":{"type":"MultiPolygon","coordinates":[[[[137.9712784,36.0202186],[137.9712206,36.0206608],[137.9718495,36.0206875],[137.9718588,36.0205573],[137.971817,36.0204919],[137.971788,36.020406],[137.9717252,36.0203269],[137.9717004,36.0202548],[137.9712784,36.0202186]]]]}},{"type":"Feature","properties":{"fid":1124,"地目":"田"},"geometry":{"type":"MultiPolygon","coordinates":[[[[137.971533,36.0221489],[137.9716249,36.0219569],[137.9716176,36.0219579],[137.9715999,36.0219721],[137.9715465,36.0220677],[137.9715108,36.0221404],[137.971533,36.0221489]]]]}},{"type":"Feature","properties":{"fid":1125,"地目":"田"},"geometry":{"type":"MultiPolygon","coordinates":[[[[137.9713316,36.0225083],[137.9714857,36.0222478],[137.971533,36.0221489],[137.9715108,36.0221404],[137.9712744,36.0225023],[137.9712972,36.0225082],[137.9713316,36.0225083]]]]}},{"type":"Feature","properties":{"fid":1126,"地目":"田"},"geometry":{"type":"MultiPolygon","coordinates":[[[[137.9711842,36.0212867],[137.9715736,36.0213268],[137.9716665,36.0211258],[137.9716965,36.0210564],[137.9711653,36.021018],[137.9711558,36.0211067],[137.9711465,36.0211834],[137.9711343,36.0212385],[137.971137,36.0212745],[137.9711842,36.0212867]]]]}},{"type":"Feature","properties":{"fid":1127,"地目":"田"},"geometry":{"type":"MultiPolygon","coordinates":[[[[137.9710157,36.0221974],[137.9711258,36.0220684],[137.971233,36.0219321],[137.9712866,36.0218628],[137.9713253,36.0218126],[137.9713314,36.0217911],[137.9713169,36.0217478],[137.9712552,36.0216972],[137.9711261,36.0215863],[137.9710645,36.0215189],[137.9710202,36.0215235],[137.9709449,36.0221851],[137.9709269,36.022233],[137.9709534,36.0222427],[137.9710157,36.0221974]]]]}},{"type":"Feature","properties":{"fid":1128,"地目":"田"},"geometry":{"type":"MultiPolygon","coordinates":[[[[137.971647,36.0219108],[137.971754,36.021687],[137.9717039,36.0216682],[137.971618,36.0218965],[137.971647,36.0219108]]]]}},{"type":"Feature","properties":{"fid":1129,"地目":"田"},"geometry":{"type":"MultiPolygon","coordinates":[[[[137.9710731,36.0229454],[137.9713316,36.0225083],[137.9712972,36.0225082],[137.9712744,36.0225023],[137.9710287,36.0229371],[137.9710731,36.0229454]]]]}},{"type":"Feature","properties":{"fid":1130,"地目":"田"},"geometry":{"type":"MultiPolygon","coordinates":[[[[137.9713015,36.0199203],[137.9712784,36.0202186],[137.9717004,36.0202548],[137.9716672,36.020162],[137.9715841,36.0199662],[137.9715466,36.019894],[137.9713015,36.0199203]]]]}},{"type":"Feature","properties":{"fid":1131,"地目":"田"},"geometry":{"type":"MultiPolygon","coordinates":[[[[137.9698837,36.0246386],[137.9699324,36.0245255],[137.9699032,36.0245266],[137.9698739,36.024586],[137.9698647,36.0246328],[137.9698837,36.0246386]]]]}},{"type":"Feature","properties":{"fid":1132,"地目":"田"},"geometry":{"type":"MultiPolygon","coordinates":[[[[137.9712934,36.0192517],[137.9713038,36.0196575],[137.9715098,36.0196442],[137.971524,36.0194912],[137.9715289,36.0194058],[137.9715514,36.0193204],[137.9715826,36.0192423],[137.9712934,36.0192517]]]]}},{"type":"Feature","properties":{"fid":1133,"地目":"田"},"geometry":{"type":"MultiPolygon","coordinates":[[[[137.9715947,36.0189243],[137.9715635,36.0185195],[137.971234,36.0185401],[137.9712735,36.0189419],[137.9715947,36.0189243]]]]}},{"type":"Feature","properties":{"fid":1134,"地目":"田"},"geometry":{"type":"MultiPolygon","coordinates":[[[[137.9718351,36.0189111],[137.971777,36.0181606],[137.9715368,36.0181731],[137.9715462,36.0182955],[137.9715635,36.0185195],[137.9715947,36.0189243],[137.9718351,36.0189111]]]]}},{"type":"Feature","properties":{"fid":1135,"地目":"田"},"geometry":{"type":"MultiPolygon","coordinates":[[[[137.9711842,36.0212867],[137.9711588,36.0215433],[137.9712587,36.0216132],[137.9712733,36.0216469],[137.9713526,36.0217096],[137.9714088,36.0216907],[137.9715736,36.0213268],[137.9711842,36.0212867]]]]}},{"type":"Feature","properties":{"fid":1136,"地目":"田"},"geometry":{"type":"MultiPolygon","coordinates":[[[[137.9711822,36.0209154],[137.9711776,36.0209461],[137.9711653,36.021018],[137.9716965,36.0210564],[137.9717533,36.0209487],[137.9711822,36.0209154]]]]}},{"type":"Feature","properties":{"fid":1137,"地目":"田"},"geometry":{"type":"MultiPolygon","coordinates":[[[[137.972157,36.0208391],[137.9721607,36.0208311],[137.9721575,36.0208211],[137.972157,36.0208391]]]]}},{"type":"Feature","properties":{"fid":1138,"地目":"田"},"geometry":{"type":"MultiPolygon","coordinates":[[[[137.9699381,36.0245123],[137.9700988,36.0241397],[137.9700174,36.0242801],[137.9699693,36.0243775],[137.9699425,36.0244069],[137.9699213,36.0244443],[137.9699071,36.0244748],[137.9699056,36.0245009],[137.9699069,36.0245134],[137.969932,36.0245135],[137.9699381,36.0245123]]]]}},{"type":"Feature","properties":{"fid":1139,"地目":"畑"},"geometry":{"type":"MultiPolygon","coordinates":[[[[137.9717779,36.0195862],[137.9717838,36.0195627],[137.9717725,36.0195623],[137.9717779,36.0195862]]]]}},{"type":"Feature","properties":{"fid":1140,"地目":"畑"},"geometry":{"type":"MultiPolygon","coordinates":[[[[137.9713038,36.0196575],[137.9713015,36.0199203],[137.9715466,36.019894],[137.9715307,36.019743],[137.9715143,36.0196675],[137.9715098,36.0196442],[137.9713038,36.0196575]]]]}},{"type":"Feature","properties":{"fid":1141,"地目":"田"},"geometry":{"type":"MultiPolygon","coordinates":[[[[137.9770755,36.002542],[137.9770466,36.0026022],[137.9770406,36.0026394],[137.9770547,36.0026743],[137.9770744,36.0027232],[137.9771027,36.0027558],[137.977114,36.0027838],[137.9771137,36.0028209],[137.9771048,36.0028743],[137.9772799,36.0028818],[137.9773491,36.0027874],[137.9774053,36.0027245],[137.977441,36.0026531],[137.977447,36.0025876],[137.9774143,36.0025163],[137.9772894,36.0024032],[137.9772269,36.0023646],[137.9771852,36.0023854],[137.9771133,36.0024538],[137.9770957,36.0025281],[137.9770755,36.002542]]]]}},{"type":"Feature","properties":{"fid":1142,"地目":"畑"},"geometry":{"type":"MultiPolygon","coordinates":[[[[137.9761833,36.0026038],[137.9763483,36.0026116],[137.9763662,36.0022379],[137.9762386,36.0022266],[137.9762078,36.0022282],[137.9761833,36.0026038]]]]}},{"type":"Feature","properties":{"fid":1143,"地目":"田"},"geometry":{"type":"MultiPolygon","coordinates":[[[[137.9697833,36.0121109],[137.9699157,36.0127493],[137.9700615,36.0126933],[137.9699434,36.0120903],[137.9697833,36.0121109]]]]}},{"type":"Feature","properties":{"fid":1144,"地目":"畑"},"geometry":{"type":"MultiPolygon","coordinates":[[[[137.9737224,36.0062229],[137.9737016,36.0061945],[137.9737018,36.0061699],[137.9736905,36.0061226],[137.9736884,36.0060904],[137.9737049,36.0060508],[137.9735256,36.0060708],[137.9735229,36.0061199],[137.9735272,36.0061672],[137.9735457,36.0061919],[137.9735549,36.006209],[137.9736316,36.0062301],[137.9736712,36.0062227],[137.9737224,36.0062229]]]]}},{"type":"Feature","properties":{"fid":1145,"地目":"田"},"geometry":{"type":"MultiPolygon","coordinates":[[[[137.9706045,36.0113194],[137.9703108,36.0113872],[137.9704204,36.0119455],[137.9707009,36.0119134],[137.970738,36.0119068],[137.9706045,36.0113194]]]]}},{"type":"Feature","properties":{"fid":1146,"地目":"畑"},"geometry":{"type":"MultiPolygon","coordinates":[[[[137.9734115,36.0081668],[137.9734902,36.008253],[137.9736255,36.0082154],[137.9736232,36.0081153],[137.9736501,36.0080391],[137.9737068,36.0079034],[137.9737044,36.0078247],[137.9736927,36.0078246],[137.9736395,36.0078745],[137.9735447,36.0079981],[137.9734649,36.0080907],[137.9734115,36.0081668]]]]}},{"type":"Feature","properties":{"fid":1147,"地目":"畑"},"geometry":{"type":"MultiPolygon","coordinates":[[[[137.9750652,36.0060958],[137.9750181,36.0060625],[137.9749612,36.0061803],[137.9749033,36.0062775],[137.9749372,36.0063161],[137.9750062,36.0062047],[137.9750652,36.0060958]]]]}},{"type":"Feature","properties":{"fid":1148,"地目":"畑"},"geometry":{"type":"MultiPolygon","coordinates":[[[[137.9724876,36.0106632],[137.9725165,36.010668],[137.972531,36.0106517],[137.9726324,36.0101577],[137.9724602,36.0100139],[137.9721015,36.0097358],[137.9717675,36.0100812],[137.9717501,36.0100999],[137.97175,36.0101139],[137.9724876,36.0106632]]]]}},{"type":"Feature","properties":{"fid":1149,"地目":"畑"},"geometry":{"type":"MultiPolygon","coordinates":[[[[137.9708246,36.0108496],[137.9709939,36.0109629],[137.9715036,36.0110215],[137.9716638,36.0110486],[137.9718133,36.0109052],[137.9712207,36.0104752],[137.9708246,36.0108496]]]]}},{"type":"Feature","properties":{"fid":1150,"地目":"畑"},"geometry":{"type":"MultiPolygon","coordinates":[[[[137.9739368,36.006161],[137.9739178,36.0062446],[137.9740243,36.0062606],[137.9740315,36.0061602],[137.9739368,36.006161]]]]}},{"type":"Feature","properties":{"fid":1151,"地目":"畑"},"geometry":{"type":"MultiPolygon","coordinates":[[[[137.9730193,36.0080766],[137.9730402,36.0081412],[137.9732264,36.0081706],[137.9732412,36.0081516],[137.9732472,36.0081313],[137.9732518,36.0080956],[137.9732475,36.0080777],[137.9730891,36.0080698],[137.9730193,36.0080766]]]]}},{"type":"Feature","properties":{"fid":1152,"地目":"畑"},"geometry":{"type":"MultiPolygon","coordinates":[[[[137.9747248,36.006158],[137.974665,36.0062033],[137.9746185,36.0062461],[137.9746776,36.0062919],[137.9746476,36.0063428],[137.9746453,36.006359],[137.9746938,36.0063671],[137.9747272,36.0062857],[137.9747733,36.0061905],[137.9747248,36.006158]]]]}},{"type":"Feature","properties":{"fid":1153,"地目":"畑"},"geometry":{"type":"MultiPolygon","coordinates":[[[[137.973768,36.006365],[137.9737758,36.0062516],[137.973748,36.0062287],[137.9737224,36.0062229],[137.9736712,36.0062227],[137.9736316,36.0062301],[137.973654,36.0063513],[137.973768,36.006365]]]]}},{"type":"Feature","properties":{"fid":1154,"地目":"田"},"geometry":{"type":"MultiPolygon","coordinates":[[[[137.9725668,36.0123558],[137.9727401,36.0123503],[137.9729086,36.0121182],[137.9729341,36.0120645],[137.9728934,36.0120362],[137.9728339,36.0119874],[137.9727164,36.0121301],[137.9726566,36.0121324],[137.9726624,36.0121938],[137.9726401,36.0122347],[137.9726177,36.0122858],[137.9725668,36.0123558]]]]}},{"type":"Feature","properties":{"fid":1155,"地目":"田"},"geometry":{"type":"MultiPolygon","coordinates":[[[[137.9749372,36.0063161],[137.9749033,36.0062775],[137.9747733,36.0061905],[137.9747272,36.0062857],[137.9746938,36.0063671],[137.9748915,36.0064002],[137.9749372,36.0063161]]]]}},{"type":"Feature","properties":{"fid":1156,"地目":"田"},"geometry":{"type":"MultiPolygon","coordinates":[[[[137.9674633,36.0124719],[137.9672856,36.0121413],[137.9672143,36.0121546],[137.9671431,36.0121679],[137.9670066,36.0122032],[137.9672014,36.0125721],[137.9674633,36.0124719]]]]}},{"type":"Feature","properties":{"fid":1157,"地目":"畑"},"geometry":{"type":"MultiPolygon","coordinates":[[[[137.9738772,36.006392],[137.974054,36.0064135],[137.9740992,36.0062719],[137.9740243,36.0062606],[137.9739178,36.0062446],[137.9738772,36.006392]]]]}},{"type":"Feature","properties":{"fid":1158,"地目":"田"},"geometry":{"type":"MultiPolygon","coordinates":[[[[137.9757573,36.0113462],[137.9758468,36.0112963],[137.9759461,36.0112505],[137.9760755,36.0111585],[137.9761828,36.0110443],[137.9762831,36.0108515],[137.9763014,36.0107128],[137.9763019,36.0106343],[137.9758353,36.0104109],[137.9758817,36.0105118],[137.9758935,36.0105963],[137.9759005,36.0106567],[137.9758892,36.010878],[137.9758853,36.0110913],[137.9758651,36.0111515],[137.9757573,36.0113462]]]]}},{"type":"Feature","properties":{"fid":1159,"地目":"田"},"geometry":{"type":"MultiPolygon","coordinates":[[[[137.9707467,36.0119734],[137.9708452,36.0124628],[137.9709062,36.0124773],[137.9709936,36.012454],[137.9711217,36.0124286],[137.9711785,36.0124186],[137.9710698,36.0119299],[137.9707467,36.0119734]]]]}},{"type":"Feature","properties":{"fid":1160,"地目":"田"},"geometry":{"type":"MultiPolygon","coordinates":[[[[137.9695532,36.012694],[137.9694502,36.0121533],[137.9691261,36.0122086],[137.9692388,36.0127367],[137.9695532,36.012694]]]]}},{"type":"Feature","properties":{"fid":1161,"地目":"田"},"geometry":{"type":"MultiPolygon","coordinates":[[[[137.975907,36.006639],[137.9761197,36.006586],[137.9760665,36.0062947],[137.9760615,36.0061507],[137.9760241,36.0061505],[137.9759768,36.0061583],[137.9758978,36.0062043],[137.9758227,36.0062456],[137.975773,36.0063206],[137.9758056,36.0064455],[137.9758346,36.0065288],[137.9758858,36.0066096],[137.975907,36.006639]]]]}},{"type":"Feature","properties":{"fid":1162,"地目":"畑"},"geometry":{"type":"MultiPolygon","coordinates":[[[[137.9729554,36.0083372],[137.9729931,36.008342],[137.9731155,36.008366],[137.9731287,36.0083286],[137.9731592,36.0082935],[137.9731651,36.0082783],[137.9731425,36.0082126],[137.973075,36.0081678],[137.9730174,36.0081582],[137.9729668,36.0081732],[137.9729554,36.0083372]]]]}},{"type":"Feature","properties":{"fid":1163,"地目":"田"},"geometry":{"type":"MultiPolygon","coordinates":[[[[137.9748382,36.0064751],[137.9748915,36.0064002],[137.9746938,36.0063671],[137.9746453,36.006359],[137.9746372,36.0064152],[137.9746397,36.0064511],[137.9748382,36.0064751]]]]}},{"type":"Feature","properties":{"fid":1164,"地目":"田"},"geometry":{"type":"MultiPolygon","coordinates":[[[[137.9717469,36.0123439],[137.9719524,36.0123416],[137.9720319,36.0123451],[137.9720572,36.0123358],[137.9720708,36.0123201],[137.9720903,36.0123029],[137.9721595,36.012111],[137.9717135,36.0121248],[137.9717469,36.0123439]]]]}},{"type":"Feature","properties":{"fid":1165,"地目":"畑"},"geometry":{"type":"MultiPolygon","coordinates":[[[[137.972681,36.0082909],[137.9726891,36.0083354],[137.9728171,36.0083413],[137.9728691,36.0083263],[137.9728745,36.0081693],[137.9727921,36.008204],[137.972681,36.0082909]]]]}},{"type":"Feature","properties":{"fid":1166,"地目":"田"},"geometry":{"type":"MultiPolygon","coordinates":[[[[137.9741455,36.0117577],[137.9746583,36.0118265],[137.9746714,36.0117626],[137.9747068,36.011645],[137.974709,36.0116218],[137.9742379,36.0115893],[137.9742153,36.0116813],[137.9741455,36.0117577]]]]}},{"type":"Feature","properties":{"fid":1167,"地目":"田"},"geometry":{"type":"MultiPolygon","coordinates":[[[[137.9743664,36.0084643],[137.9744652,36.0081667],[137.9742689,36.0081229],[137.9741701,36.0084182],[137.9743664,36.0084643]]]]}},{"type":"Feature","properties":{"fid":1168,"地目":"田"},"geometry":{"type":"MultiPolygon","coordinates":[[[[137.9680473,36.0118643],[137.9680767,36.012047],[137.9682686,36.0120052],[137.9682309,36.0118013],[137.9681567,36.0118151],[137.9680473,36.0118643]]]]}},{"type":"Feature","properties":{"fid":1169,"地目":"畑"},"geometry":{"type":"MultiPolygon","coordinates":[[[[137.9674183,36.0117855],[137.9673816,36.0117913],[137.967329,36.0117923],[137.9672836,36.0117956],[137.9672448,36.0118057],[137.9672586,36.0118074],[137.9672658,36.0118193],[137.9673624,36.0120481],[137.9673635,36.0120944],[137.9673753,36.0120838],[137.9674149,36.0120637],[137.9674545,36.0120508],[137.9675103,36.0120333],[137.9675132,36.0120285],[137.9674183,36.0117855]]]]}},{"type":"Feature","properties":{"fid":1170,"地目":"田"},"geometry":{"type":"MultiPolygon","coordinates":[[[[137.9729875,36.0116247],[137.9727894,36.0115778],[137.9726905,36.0117718],[137.972939,36.0118301],[137.9729549,36.0117909],[137.9729678,36.0117321],[137.9729875,36.0116247]]]]}},{"type":"Feature","properties":{"fid":1171,"地目":"畑"},"geometry":{"type":"MultiPolygon","coordinates":[[[[137.9748534,36.011436],[137.9751769,36.0114562],[137.9752047,36.0112497],[137.9749371,36.0112443],[137.9748679,36.0112429],[137.9748369,36.0114359],[137.9748534,36.011436]]]]}},{"type":"Feature","properties":{"fid":1172,"地目":"畑"},"geometry":{"type":"MultiPolygon","coordinates":[[[[137.9734599,36.006582],[137.9736076,36.0066067],[137.973691,36.006624],[137.9737377,36.0063882],[137.97363,36.006375],[137.9736039,36.0063763],[137.9735882,36.0063875],[137.9735724,36.0064115],[137.9735513,36.006434],[137.973532,36.0064636],[137.9735163,36.0064777],[137.9734797,36.0064789],[137.9734461,36.0065678],[137.9734599,36.006582]]]]}},{"type":"Feature","properties":{"fid":1173,"地目":"田"},"geometry":{"type":"MultiPolygon","coordinates":[[[[137.9746692,36.0065736],[137.9747152,36.0065953],[137.9747449,36.0066061],[137.9748115,36.0065179],[137.9748382,36.0064751],[137.9746397,36.0064511],[137.9746432,36.006501],[137.9746692,36.0065736]]]]}},{"type":"Feature","properties":{"fid":1174,"地目":"畑"},"geometry":{"type":"MultiPolygon","coordinates":[[[[137.9742182,36.0065853],[137.9742312,36.0064653],[137.9739967,36.0064232],[137.9739627,36.0066013],[137.9741101,36.0066202],[137.9741676,36.0066134],[137.9742163,36.0066079],[137.9742182,36.0065853]]]]}},{"type":"Feature","properties":{"fid":1175,"地目":"田"},"geometry":{"type":"MultiPolygon","coordinates":[[[[137.9737377,36.0063882],[137.973691,36.006624],[137.9739498,36.0066689],[137.9739627,36.0066013],[137.9739967,36.0064232],[137.9737377,36.0063882]]]]}},{"type":"Feature","properties":{"fid":1176,"地目":"田"},"geometry":{"type":"MultiPolygon","coordinates":[[[[137.9703108,36.0113872],[137.9700112,36.0114498],[137.9700862,36.0120028],[137.9704204,36.0119455],[137.9703108,36.0113872]]]]}},{"type":"Feature","properties":{"fid":1177,"地目":"田"},"geometry":{"type":"MultiPolygon","coordinates":[[[[137.9723212,36.0123638],[137.9725668,36.0123558],[137.9726177,36.0122858],[137.9726401,36.0122347],[137.9726624,36.0121938],[137.9726566,36.0121324],[137.9726127,36.0121015],[137.9725184,36.012073],[137.9724642,36.0121751],[137.9723212,36.0123638]]]]}},{"type":"Feature","properties":{"fid":1178,"地目":"田"},"geometry":{"type":"MultiPolygon","coordinates":[[[[137.9742537,36.0100835],[137.97424,36.0101603],[137.9742369,36.0102927],[137.9742289,36.0105126],[137.9748562,36.0105207],[137.974872,36.0104564],[137.9748613,36.0104081],[137.9748048,36.0103041],[137.9746806,36.010105],[137.9742537,36.0100835]]]]}},{"type":"Feature","properties":{"fid":1179,"地目":"田"},"geometry":{"type":"MultiPolygon","coordinates":[[[[137.975067,36.006799],[137.9752595,36.0068566],[137.97556,36.0065062],[137.9756126,36.0064448],[137.9755422,36.0063915],[137.9753538,36.0063043],[137.9750829,36.0067766],[137.975067,36.006799]]]]}},{"type":"Feature","properties":{"fid":1180,"地目":"田"},"geometry":{"type":"MultiPolygon","coordinates":[[[[137.9700615,36.0126933],[137.9702131,36.0126325],[137.9700919,36.0120626],[137.9699434,36.0120903],[137.9700615,36.0126933]]]]}},{"type":"Feature","properties":{"fid":1181,"地目":"田"},"geometry":{"type":"MultiPolygon","coordinates":[[[[137.973772,36.0110883],[137.9741354,36.0111159],[137.9741411,36.0109876],[137.9741486,36.0106697],[137.9738946,36.0106808],[137.9738697,36.0107808],[137.973833,36.0109171],[137.973772,36.0110883]]]]}},{"type":"Feature","properties":{"fid":1182,"地目":"田"},"geometry":{"type":"MultiPolygon","coordinates":[[[[137.9687153,36.0117645],[137.9687779,36.0121829],[137.9691054,36.0121312],[137.9690211,36.0116914],[137.9689861,36.0117054],[137.9688944,36.0117263],[137.9687153,36.0117645]]]]}},{"type":"Feature","properties":{"fid":1183,"地目":"畑"},"geometry":{"type":"MultiPolygon","coordinates":[[[[137.9728171,36.0083413],[137.9726891,36.0083354],[137.9726935,36.0083595],[137.9726998,36.0083965],[137.9728167,36.0084073],[137.9728171,36.0083413]]]]}},{"type":"Feature","properties":{"fid":1184,"地目":"田"},"geometry":{"type":"MultiPolygon","coordinates":[[[[137.9730736,36.0114511],[137.9729875,36.0116247],[137.9729678,36.0117321],[137.9729549,36.0117909],[137.972939,36.0118301],[137.9729228,36.01187],[137.9728721,36.0119287],[137.9728245,36.011972],[137.9728339,36.0119874],[137.9728934,36.0120362],[137.9729341,36.0120645],[137.9729723,36.0120059],[137.9730613,36.011886],[137.9731184,36.0118197],[137.9731787,36.0117458],[137.9732265,36.0116616],[137.9732966,36.0115467],[137.9730736,36.0114511]]]]}},{"type":"Feature","properties":{"fid":1185,"地目":"畑"},"geometry":{"type":"MultiPolygon","coordinates":[[[[137.9742182,36.0065853],[137.9742163,36.0066079],[137.9741676,36.0066134],[137.9741101,36.0066202],[137.9740985,36.0067188],[137.9742225,36.0067252],[137.974292,36.0067326],[137.974293,36.0065885],[137.9742182,36.0065853]]]]}},{"type":"Feature","properties":{"fid":1186,"地目":"畑"},"geometry":{"type":"MultiPolygon","coordinates":[[[[137.9740985,36.0067188],[137.9741101,36.0066202],[137.9739627,36.0066013],[137.9739498,36.0066689],[137.9739565,36.0067114],[137.9740985,36.0067188]]]]}},{"type":"Feature","properties":{"fid":1187,"地目":"畑"},"geometry":{"type":"MultiPolygon","coordinates":[[[[137.9727058,36.0084618],[137.9728163,36.0084582],[137.9728167,36.0084073],[137.9726998,36.0083965],[137.9727058,36.0084618]]]]}},{"type":"Feature","properties":{"fid":1188,"地目":"田"},"geometry":{"type":"MultiPolygon","coordinates":[[[[137.9705337,36.0125182],[137.9708452,36.0124628],[137.9707467,36.0119734],[137.9704266,36.0120192],[137.9705337,36.0125182]]]]}},{"type":"Feature","properties":{"fid":1189,"地目":"畑"},"geometry":{"type":"MultiPolygon","coordinates":[[[[137.9734183,36.0068178],[137.9735106,36.006814],[137.97352,36.0066996],[137.9735982,36.006707],[137.9736076,36.0066067],[137.9734599,36.006582],[137.9734544,36.0066328],[137.9734074,36.0066326],[137.9734137,36.0067302],[137.9734183,36.0068178]]]]}},{"type":"Feature","properties":{"fid":1190,"地目":"田"},"geometry":{"type":"MultiPolygon","coordinates":[[[[137.9716891,36.0120066],[137.9722204,36.0119806],[137.9722441,36.0119256],[137.9716778,36.0119561],[137.9716891,36.0120066]]]]}},{"type":"Feature","properties":{"fid":1191,"地目":"畑"},"geometry":{"type":"MultiPolygon","coordinates":[[[[137.975907,36.006639],[137.9759363,36.0066799],[137.9759729,36.0067581],[137.976,36.006819],[137.976189,36.0068231],[137.9761197,36.006586],[137.975907,36.006639]]]]}},{"type":"Feature","properties":{"fid":1192,"地目":"田"},"geometry":{"type":"MultiPolygon","coordinates":[[[[137.9678856,36.0127606],[137.9682099,36.0127163],[137.9681404,36.0123513],[137.9678569,36.0124178],[137.9678297,36.012435],[137.9678257,36.0124539],[137.9678856,36.0127606]]]]}},{"type":"Feature","properties":{"fid":1193,"地目":"田"},"geometry":{"type":"MultiPolygon","coordinates":[[[[137.9752595,36.0068566],[137.975555,36.0069532],[137.97559,36.0069004],[137.9756892,36.0067793],[137.9757326,36.0067635],[137.9758576,36.0066495],[137.9758104,36.0065859],[137.9757867,36.0065637],[137.9757115,36.0065124],[137.975624,36.0065353],[137.97556,36.0065062],[137.9752595,36.0068566]]]]}},{"type":"Feature","properties":{"fid":1194,"地目":"畑"},"geometry":{"type":"MultiPolygon","coordinates":[[[[137.9725227,36.0085863],[137.972709,36.00857],[137.9727088,36.0084941],[137.9727058,36.0084618],[137.9726998,36.0083965],[137.9726935,36.0083595],[137.9726891,36.0083354],[137.972681,36.0082909],[137.9724807,36.0084033],[137.9724628,36.0084911],[137.9724608,36.0085799],[137.9725227,36.0085863]]]]}},{"type":"Feature","properties":{"fid":1195,"地目":"田"},"geometry":{"type":"MultiPolygon","coordinates":[[[[137.9674633,36.0124719],[137.9675705,36.0124354],[137.9676659,36.012399],[137.9677026,36.0123754],[137.9677132,36.0123302],[137.9676672,36.012024],[137.9674911,36.0120776],[137.967424,36.0120977],[137.9673695,36.0121077],[137.9673233,36.0121313],[137.9672856,36.0121413],[137.9674633,36.0124719]]]]}},{"type":"Feature","properties":{"fid":1196,"地目":"田"},"geometry":{"type":"MultiPolygon","coordinates":[[[[137.9700112,36.0114498],[137.9698191,36.0114567],[137.9699097,36.0120251],[137.9700862,36.0120028],[137.9700112,36.0114498]]]]}},{"type":"Feature","properties":{"fid":1197,"地目":"田"},"geometry":{"type":"MultiPolygon","coordinates":[[[[137.9738946,36.0106808],[137.9741486,36.0106697],[137.9741598,36.0102977],[137.9741652,36.0101493],[137.974161,36.0101206],[137.9741502,36.0100955],[137.9741261,36.0100811],[137.9740711,36.0100737],[137.9739214,36.0100731],[137.9739347,36.0103879],[137.9739292,36.0105578],[137.9739154,36.01064],[137.9738946,36.0106808]]]]}},{"type":"Feature","properties":{"fid":1198,"地目":"畑"},"geometry":{"type":"MultiPolygon","coordinates":[[[[137.972709,36.00857],[137.9727522,36.0085662],[137.9728543,36.0085678],[137.9730435,36.0085708],[137.9730637,36.0085711],[137.9730162,36.0085437],[137.9728912,36.0084857],[137.9728163,36.0084713],[137.9728163,36.0084582],[137.9727058,36.0084618],[137.9727088,36.0084941],[137.972709,36.00857]]]]}},{"type":"Feature","properties":{"fid":1199,"地目":"田"},"geometry":{"type":"MultiPolygon","coordinates":[[[[137.974324,36.0086549],[137.9743664,36.0084643],[137.9741701,36.0084182],[137.9741012,36.0086253],[137.9741832,36.0086519],[137.9742468,36.0086615],[137.974324,36.0086549]]]]}},{"type":"Feature","properties":{"fid":1200,"地目":"畑"},"geometry":{"type":"MultiPolygon","coordinates":[[[[137.975555,36.0069532],[137.9756688,36.0068976],[137.9759497,36.006762],[137.9758576,36.0066495],[137.9757326,36.0067635],[137.9756892,36.0067793],[137.97559,36.0069004],[137.975555,36.0069532]]]]}},{"type":"Feature","properties":{"fid":1201,"地目":"田"},"geometry":{"type":"MultiPolygon","coordinates":[[[[137.9669136,36.0126803],[137.9671822,36.0125795],[137.9671698,36.0125556],[137.966988,36.012208],[137.9667363,36.0122919],[137.9667195,36.012302],[137.9669136,36.0126803]]]]}},{"type":"Feature","properties":{"fid":1202,"地目":"田"},"geometry":{"type":"MultiPolygon","coordinates":[[[[137.9685734,36.0128273],[137.9689052,36.0127815],[137.968804,36.012255],[137.9684664,36.012304],[137.9685734,36.0128273]]]]}},{"type":"Feature","properties":{"fid":1203,"地目":"田"},"geometry":{"type":"MultiPolygon","coordinates":[[[[137.9735543,36.0124294],[137.9737979,36.0122242],[137.9735816,36.0121067],[137.9735506,36.0120971],[137.9733512,36.0123608],[137.9735329,36.0124403],[137.9735543,36.0124294]]]]}},{"type":"Feature","properties":{"fid":1204,"地目":"田"},"geometry":{"type":"MultiPolygon","coordinates":[[[[137.973141,36.0086705],[137.9732837,36.0086835],[137.9733036,36.0086273],[137.9733168,36.0085922],[137.9733451,36.0085625],[137.9732868,36.0085429],[137.9732089,36.0085478],[137.9731673,36.0086302],[137.973141,36.0086705]]]]}},{"type":"Feature","properties":{"fid":1205,"地目":"畑"},"geometry":{"type":"MultiPolygon","coordinates":[[[[137.9708078,36.0107447],[137.9711485,36.0104369],[137.9705607,36.010025],[137.9702536,36.0103125],[137.9702591,36.0103307],[137.9708078,36.0107447]]]]}},{"type":"Feature","properties":{"fid":1206,"地目":"畑"},"geometry":{"type":"MultiPolygon","coordinates":[[[[137.9734605,36.0070102],[137.9735039,36.0070245],[137.9736883,36.0070197],[137.9736903,36.0069858],[137.9737407,36.0069874],[137.9737398,36.0068574],[137.9734912,36.0068407],[137.9734651,36.0068435],[137.9734527,36.0068844],[137.9734488,36.0069451],[137.9734605,36.0070102]]]]}},{"type":"Feature","properties":{"fid":1207,"地目":"畑"},"geometry":{"type":"MultiPolygon","coordinates":[[[[137.9730435,36.0085708],[137.9728543,36.0085678],[137.9728728,36.0087714],[137.9730061,36.0087642],[137.9730637,36.0085711],[137.9730435,36.0085708]]]]}},{"type":"Feature","properties":{"fid":1208,"地目":"田"},"geometry":{"type":"MultiPolygon","coordinates":[[[[137.9673512,36.0128629],[137.9678179,36.0126788],[137.9677732,36.0124619],[137.9677272,36.0124483],[137.9674896,36.0125355],[137.9672321,36.01262],[137.967232,36.0126441],[137.9673512,36.0128629]]]]}},{"type":"Feature","properties":{"fid":1209,"地目":"畑"},"geometry":{"type":"MultiPolygon","coordinates":[[[[137.972709,36.00857],[137.9727329,36.0087789],[137.9728728,36.0087714],[137.9728543,36.0085678],[137.9727522,36.0085662],[137.972709,36.00857]]]]}},{"type":"Feature","properties":{"fid":1210,"地目":"田"},"geometry":{"type":"MultiPolygon","coordinates":[[[[137.9735607,36.0120467],[137.9738677,36.0122213],[137.973865,36.0120481],[137.9738652,36.0120134],[137.9737427,36.0117829],[137.9735668,36.0120042],[137.9735647,36.0120247],[137.9735607,36.0120467]]]]}},{"type":"Feature","properties":{"fid":1211,"地目":"田"},"geometry":{"type":"MultiPolygon","coordinates":[[[[137.974227,36.0111207],[137.9747858,36.0111209],[137.9747958,36.0110467],[137.9748221,36.010878],[137.9742374,36.0108775],[137.974227,36.0111207]]]]}},{"type":"Feature","properties":{"fid":1212,"地目":"田"},"geometry":{"type":"MultiPolygon","coordinates":[[[[137.968362,36.0117735],[137.9684548,36.0122452],[137.9687779,36.0121829],[137.9687153,36.0117645],[137.9685277,36.0117707],[137.968362,36.0117735]]]]}},{"type":"Feature","properties":{"fid":1213,"地目":"畑"},"geometry":{"type":"MultiPolygon","coordinates":[[[[137.9672448,36.0118057],[137.9672293,36.0118096],[137.967178,36.0118189],[137.9671384,36.0118354],[137.96709,36.0118566],[137.9670488,36.0118826],[137.9670253,36.0118955],[137.9670076,36.0119157],[137.9669957,36.0119394],[137.967,36.0119632],[137.9671217,36.0121374],[137.9672476,36.0121308],[137.9673077,36.0121192],[137.9673635,36.0120944],[137.9673624,36.0120481],[137.9672658,36.0118193],[137.9672586,36.0118074],[137.9672448,36.0118057]]]]}},{"type":"Feature","properties":{"fid":1214,"地目":"田"},"geometry":{"type":"MultiPolygon","coordinates":[[[[137.974324,36.0086549],[137.9742468,36.0086615],[137.9741832,36.0086519],[137.9741012,36.0086253],[137.9740785,36.0086492],[137.974057,36.0087604],[137.9742864,36.0087735],[137.974324,36.0086549]]]]}},{"type":"Feature","properties":{"fid":1215,"地目":"田"},"geometry":{"type":"MultiPolygon","coordinates":[[[[137.9698191,36.0114567],[137.9697325,36.0114754],[137.9696614,36.0115135],[137.9697571,36.0120435],[137.9699097,36.0120251],[137.9698191,36.0114567]]]]}},{"type":"Feature","properties":{"fid":1216,"地目":"畑"},"geometry":{"type":"MultiPolygon","coordinates":[[[[137.9726384,36.0101225],[137.9727373,36.0095652],[137.9725949,36.0092833],[137.9721132,36.0097241],[137.9726384,36.0101225]]]]}},{"type":"Feature","properties":{"fid":1217,"地目":"田"},"geometry":{"type":"MultiPolygon","coordinates":[[[[137.975067,36.006799],[137.9749155,36.0070766],[137.9751001,36.0071414],[137.9750755,36.0072917],[137.9753469,36.0073377],[137.9754305,36.0071752],[137.9755184,36.0070177],[137.975555,36.0069532],[137.9752595,36.0068566],[137.975067,36.006799]]]]}},{"type":"Feature","properties":{"fid":1218,"地目":"田"},"geometry":{"type":"MultiPolygon","coordinates":[[[[137.9740246,36.0097824],[137.9743989,36.0097747],[137.9743029,36.0096366],[137.9740275,36.0096765],[137.9740252,36.0096872],[137.9740246,36.0097824]]]]}},{"type":"Feature","properties":{"fid":1219,"地目":"畑"},"geometry":{"type":"MultiPolygon","coordinates":[[[[137.9730385,36.0071711],[137.973041,36.0071264],[137.9730413,36.0070871],[137.9730262,36.0070405],[137.9730175,36.0070208],[137.9728478,36.007054],[137.9728601,36.00719],[137.9730385,36.0071711]]]]}},{"type":"Feature","properties":{"fid":1220,"地目":"田"},"geometry":{"type":"MultiPolygon","coordinates":[[[[137.9742379,36.0115893],[137.974709,36.0116218],[137.9747373,36.0113228],[137.9742114,36.0113077],[137.974239,36.0114332],[137.9742384,36.0115227],[137.9742379,36.0115893]]]]}},{"type":"Feature","properties":{"fid":1221,"地目":"畑"},"geometry":{"type":"MultiPolygon","coordinates":[[[[137.9735793,36.0124453],[137.9735657,36.0124578],[137.9737627,36.0126529],[137.9739434,36.0125004],[137.9738875,36.0124576],[137.9739381,36.0124201],[137.9738978,36.01236],[137.9738063,36.0124289],[137.9737039,36.0123655],[137.9735793,36.0124453]]]]}},{"type":"Feature","properties":{"fid":1222,"地目":"田"},"geometry":{"type":"MultiPolygon","coordinates":[[[[137.9735076,36.0124481],[137.9732427,36.012343],[137.9732254,36.0123319],[137.973102,36.0125235],[137.9733882,36.012649],[137.9735076,36.0124481]]]]}},{"type":"Feature","properties":{"fid":1223,"地目":"田"},"geometry":{"type":"MultiPolygon","coordinates":[[[[137.9725184,36.012073],[137.9726127,36.0121015],[137.9726566,36.0121324],[137.9727164,36.0121301],[137.9728339,36.0119874],[137.9728245,36.011972],[137.9727208,36.0119485],[137.9726033,36.0119266],[137.9725566,36.0120092],[137.9725184,36.012073]]]]}},{"type":"Feature","properties":{"fid":1224,"地目":"田"},"geometry":{"type":"MultiPolygon","coordinates":[[[[137.9733532,36.0090533],[137.9735838,36.0090174],[137.9736326,36.0089991],[137.9735871,36.0085217],[137.9733987,36.0085551],[137.9733451,36.0085625],[137.9733168,36.0085922],[137.9733036,36.0086273],[137.9732837,36.0086835],[137.9733532,36.0090533]]]]}},{"type":"Feature","properties":{"fid":1225,"地目":"畑"},"geometry":{"type":"MultiPolygon","coordinates":[[[[137.9735408,36.0072366],[137.9736574,36.0072287],[137.9736304,36.0071],[137.9735382,36.0070981],[137.9735408,36.0072366]]]]}},{"type":"Feature","properties":{"fid":1226,"地目":"田"},"geometry":{"type":"MultiPolygon","coordinates":[[[[137.9682309,36.0118013],[137.9682686,36.0120052],[137.9683195,36.0122588],[137.9684548,36.0122452],[137.968362,36.0117735],[137.9682747,36.0117838],[137.9682309,36.0118013]]]]}},{"type":"Feature","properties":{"fid":1227,"地目":"田"},"geometry":{"type":"MultiPolygon","coordinates":[[[[137.9714145,36.0126651],[137.9714583,36.0123612],[137.9714017,36.0123805],[137.9713686,36.0123929],[137.9712209,36.0124351],[137.9711746,36.0124385],[137.9711292,36.0127526],[137.9713903,36.0127702],[137.9714145,36.0126651]]]]}},{"type":"Feature","properties":{"fid":1228,"地目":"田"},"geometry":{"type":"MultiPolygon","coordinates":[[[[137.9664268,36.012872],[137.9666619,36.0127778],[137.9664467,36.0124028],[137.9662074,36.0125174],[137.9664268,36.012872]]]]}},{"type":"Feature","properties":{"fid":1229,"地目":"畑"},"geometry":{"type":"MultiPolygon","coordinates":[[[[137.9754305,36.0071752],[137.9755909,36.0073579],[137.9756258,36.0074413],[137.9757838,36.0073684],[137.9755184,36.0070177],[137.9754305,36.0071752]]]]}},{"type":"Feature","properties":{"fid":1230,"地目":"田"},"geometry":{"type":"MultiPolygon","coordinates":[[[[137.9717135,36.0121248],[137.9721595,36.012111],[137.9722204,36.0119806],[137.9716891,36.0120066],[137.9717135,36.0121248]]]]}},{"type":"Feature","properties":{"fid":1231,"地目":"畑"},"geometry":{"type":"MultiPolygon","coordinates":[[[[137.9726621,36.0091037],[137.972792,36.0090796],[137.9727329,36.0087789],[137.972709,36.00857],[137.9725227,36.0085863],[137.9725433,36.0087446],[137.9725777,36.0087834],[137.9726033,36.0088292],[137.9726161,36.0088679],[137.9726241,36.0089558],[137.9725937,36.0089803],[137.9726621,36.0091037]]]]}},{"type":"Feature","properties":{"fid":1232,"地目":"田"},"geometry":{"type":"MultiPolygon","coordinates":[[[[137.9666619,36.0127778],[137.9669136,36.0126803],[137.9667195,36.012302],[137.9664467,36.0124028],[137.9666619,36.0127778]]]]}},{"type":"Feature","properties":{"fid":1233,"地目":"田"},"geometry":{"type":"MultiPolygon","coordinates":[[[[137.974057,36.0087604],[137.9740539,36.0087763],[137.9741416,36.0089429],[137.9743051,36.0089137],[137.9742864,36.0087735],[137.974057,36.0087604]]]]}},{"type":"Feature","properties":{"fid":1234,"地目":"畑"},"geometry":{"type":"MultiPolygon","coordinates":[[[[137.9746761,36.0085601],[137.9747729,36.0084061],[137.9748175,36.0083707],[137.9747609,36.0083489],[137.9747033,36.0084528],[137.9746761,36.0085601]]]]}},{"type":"Feature","properties":{"fid":1235,"地目":"畑"},"geometry":{"type":"MultiPolygon","coordinates":[[[[137.9733244,36.0073516],[137.9734339,36.0073492],[137.973422,36.0073124],[137.973403,36.0072912],[137.9733227,36.0072725],[137.9733244,36.0073516]]]]}},{"type":"Feature","properties":{"fid":1236,"地目":"畑"},"geometry":{"type":"MultiPolygon","coordinates":[[[[137.9705515,36.0099857],[137.9708986,36.0096181],[137.9708052,36.0095328],[137.9704267,36.0099045],[137.9705515,36.0099857]]]]}},{"type":"Feature","properties":{"fid":1237,"地目":"畑"},"geometry":{"type":"MultiPolygon","coordinates":[[[[137.9730061,36.0087642],[137.9728728,36.0087714],[137.9727329,36.0087789],[137.972792,36.0090796],[137.9728959,36.0090695],[137.9729394,36.0090346],[137.9729618,36.0089222],[137.9730061,36.0087642]]]]}},{"type":"Feature","properties":{"fid":1238,"地目":"畑"},"geometry":{"type":"MultiPolygon","coordinates":[[[[137.9752047,36.0112497],[137.9752019,36.0111639],[137.9751959,36.0110753],[137.9751732,36.0110135],[137.9751608,36.0108874],[137.9751479,36.0108498],[137.9748836,36.0108701],[137.9748497,36.0109933],[137.9748394,36.0110604],[137.9748521,36.0111302],[137.9749412,36.0111466],[137.9749371,36.0112443],[137.9752047,36.0112497]]]]}},{"type":"Feature","properties":{"fid":1239,"地目":"畑"},"geometry":{"type":"MultiPolygon","coordinates":[[[[137.9753469,36.0073377],[137.9754095,36.0073923],[137.9755038,36.0074279],[137.975535,36.0074793],[137.9756258,36.0074413],[137.9755909,36.0073579],[137.9754305,36.0071752],[137.9753469,36.0073377]]]]}},{"type":"Feature","properties":{"fid":1240,"地目":"畑"},"geometry":{"type":"MultiPolygon","coordinates":[[[[137.9737898,36.0074596],[137.9738385,36.0074542],[137.9738156,36.0072393],[137.9736955,36.0072529],[137.9737898,36.0074596]]]]}},{"type":"Feature","properties":{"fid":1241,"地目":"畑"},"geometry":{"type":"MultiPolygon","coordinates":[[[[137.9750996,36.0062238],[137.9750995,36.006239],[137.9751138,36.0062463],[137.9752161,36.0062458],[137.9753072,36.0061174],[137.9753008,36.0060906],[137.9752615,36.0060439],[137.9751913,36.0060114],[137.9751746,36.0060301],[137.9751635,36.0060551],[137.9751467,36.0060908],[137.9751231,36.0061605],[137.9750996,36.0062238]]]]}},{"type":"Feature","properties":{"fid":1242,"地目":"田"},"geometry":{"type":"MultiPolygon","coordinates":[[[[137.9723901,36.0128081],[137.9726953,36.0123835],[137.97227,36.0124046],[137.9720645,36.0127683],[137.9722158,36.0127498],[137.9723196,36.0127618],[137.9723901,36.0128081]]]]}},{"type":"Feature","properties":{"fid":1243,"地目":"畑"},"geometry":{"type":"MultiPolygon","coordinates":[[[[137.9732824,36.0074819],[137.9732633,36.0073782],[137.9733244,36.0073516],[137.9733227,36.0072725],[137.9733217,36.0072244],[137.9730961,36.0072617],[137.9730841,36.0072998],[137.973072,36.0073506],[137.9730793,36.007427],[137.9730946,36.0074748],[137.9731141,36.0074939],[137.9731884,36.0074942],[137.9732824,36.0074819]]]]}},{"type":"Feature","properties":{"fid":1244,"地目":"田"},"geometry":{"type":"MultiPolygon","coordinates":[[[[137.9730736,36.0114511],[137.9728507,36.0113503],[137.9727894,36.0115778],[137.9729875,36.0116247],[137.9730736,36.0114511]]]]}},{"type":"Feature","properties":{"fid":1245,"地目":"田"},"geometry":{"type":"MultiPolygon","coordinates":[[[[137.9724024,36.011312],[137.9718793,36.0113532],[137.9719084,36.0117064],[137.971962,36.0117041],[137.9720693,36.0116738],[137.9721513,36.0116461],[137.9723499,36.0116162],[137.9724017,36.0114066],[137.9724024,36.011312]]]]}},{"type":"Feature","properties":{"fid":1246,"地目":"田"},"geometry":{"type":"MultiPolygon","coordinates":[[[[137.973022,36.0090913],[137.9730314,36.0091283],[137.9731744,36.0090947],[137.9733532,36.0090533],[137.9732837,36.0086835],[137.973141,36.0086705],[137.9731349,36.0087043],[137.9730624,36.0088621],[137.9730554,36.0089491],[137.973022,36.0090913]]]]}},{"type":"Feature","properties":{"fid":1247,"地目":"田"},"geometry":{"type":"MultiPolygon","coordinates":[[[[137.9685734,36.0128273],[137.9684664,36.012304],[137.9681404,36.0123513],[137.9682099,36.0127163],[137.9682415,36.0128819],[137.9685734,36.0128273]]]]}},{"type":"Feature","properties":{"fid":1248,"地目":"畑"},"geometry":{"type":"MultiPolygon","coordinates":[[[[137.9755938,36.0106111],[137.9758289,36.0106343],[137.9758341,36.0105981],[137.9758318,36.0105679],[137.9758222,36.0105155],[137.9758076,36.0104792],[137.9755824,36.0104501],[137.9755871,36.0104924],[137.9755942,36.0105447],[137.9755938,36.0106111]]]]}},{"type":"Feature","properties":{"fid":1249,"地目":"田"},"geometry":{"type":"MultiPolygon","coordinates":[[[[137.9739752,36.0117928],[137.9740911,36.011698],[137.9741435,36.0116368],[137.974177,36.0115717],[137.9741786,36.0115174],[137.9741791,36.0114406],[137.9741702,36.011351],[137.9736825,36.011347],[137.9736632,36.0113462],[137.9735962,36.0114867],[137.9737236,36.0115582],[137.9738504,36.0116624],[137.9739752,36.0117928]]]]}},{"type":"Feature","properties":{"fid":1250,"地目":"田"},"geometry":{"type":"MultiPolygon","coordinates":[[[[137.9691261,36.0122086],[137.968804,36.012255],[137.9689052,36.0127815],[137.9692388,36.0127367],[137.9691261,36.0122086]]]]}},{"type":"Feature","properties":{"fid":1251,"地目":"畑"},"geometry":{"type":"MultiPolygon","coordinates":[[[[137.9754095,36.0073923],[137.9753301,36.0074976],[137.9754087,36.0075139],[137.975535,36.0074793],[137.9755038,36.0074279],[137.9754095,36.0073923]]]]}},{"type":"Feature","properties":{"fid":1252,"地目":"畑"},"geometry":{"type":"MultiPolygon","coordinates":[[[[137.9694116,36.0111841],[137.9695947,36.011144],[137.9697666,36.011125],[137.9698402,36.0111116],[137.9695719,36.0109301],[137.9693502,36.0111438],[137.9694116,36.0111841]]]]}},{"type":"Feature","properties":{"fid":1253,"地目":"畑"},"geometry":{"type":"MultiPolygon","coordinates":[[[[137.9728929,36.0075622],[137.9729126,36.0075783],[137.9729766,36.0075482],[137.9730076,36.0075197],[137.9730166,36.0074876],[137.9730059,36.0074464],[137.9729997,36.007382],[137.9728543,36.0073992],[137.9728929,36.0075622]]]]}},{"type":"Feature","properties":{"fid":1254,"地目":"田"},"geometry":{"type":"MultiPolygon","coordinates":[[[[137.9741416,36.0089429],[137.9741617,36.0089811],[137.9742108,36.0090815],[137.9742344,36.0091008],[137.9743342,36.0090743],[137.9743067,36.0089258],[137.9743051,36.0089137],[137.9741416,36.0089429]]]]}},{"type":"Feature","properties":{"fid":1255,"地目":"田"},"geometry":{"type":"MultiPolygon","coordinates":[[[[137.974019,36.0123073],[137.9741074,36.0122744],[137.97424,36.0122212],[137.9743414,36.0121373],[137.9744268,36.0120685],[137.9744933,36.0120151],[137.9740303,36.0119614],[137.9740275,36.0119747],[137.974019,36.0123073]]]]}},{"type":"Feature","properties":{"fid":1256,"地目":"田"},"geometry":{"type":"MultiPolygon","coordinates":[[[[137.9697571,36.0120435],[137.9696614,36.0115135],[137.9693396,36.0116003],[137.9693489,36.0116311],[137.9694308,36.012092],[137.9697571,36.0120435]]]]}},{"type":"Feature","properties":{"fid":1257,"地目":"畑"},"geometry":{"type":"MultiPolygon","coordinates":[[[[137.9693502,36.0111438],[137.9695719,36.0109301],[137.9701412,36.0103774],[137.9697037,36.0100894],[137.9695912,36.010164],[137.9694702,36.010259],[137.9693577,36.0103358],[137.9692651,36.0103786],[137.9692208,36.0104176],[137.9689655,36.0106378],[137.9688263,36.0107994],[137.9693502,36.0111438]]]]}},{"type":"Feature","properties":{"fid":1258,"地目":"畑"},"geometry":{"type":"MultiPolygon","coordinates":[[[[137.9712207,36.0104752],[137.9718133,36.0109052],[137.9718381,36.0109231],[137.9718883,36.0109464],[137.9717553,36.0110636],[137.9720133,36.0111005],[137.972051,36.0111032],[137.9724442,36.0107032],[137.971739,36.0101986],[137.9716408,36.0102903],[137.971506,36.010195],[137.9712207,36.0104752]]]]}},{"type":"Feature","properties":{"fid":1259,"地目":"畑"},"geometry":{"type":"MultiPolygon","coordinates":[[[[137.9685933,36.0113411],[137.9689863,36.010951],[137.9688039,36.0108303],[137.9683557,36.0112855],[137.9684421,36.0113473],[137.9685933,36.0113411]]]]}},{"type":"Feature","properties":{"fid":1260,"地目":"田"},"geometry":{"type":"MultiPolygon","coordinates":[[[[137.9719084,36.0117064],[137.9718793,36.0113532],[137.9717658,36.0113706],[137.9716525,36.0113624],[137.971492,36.0113464],[137.9715962,36.0117792],[137.9717004,36.0117336],[137.9717571,36.0117288],[137.9718454,36.0117112],[137.9719084,36.0117064]]]]}},{"type":"Feature","properties":{"fid":1261,"地目":"田"},"geometry":{"type":"MultiPolygon","coordinates":[[[[137.9742537,36.0100835],[137.9746806,36.010105],[137.9746567,36.0100638],[137.9746021,36.009992],[137.9745694,36.0099507],[137.9745081,36.0098932],[137.9743989,36.0097747],[137.9740246,36.0097824],[137.9740244,36.0098088],[137.9740145,36.009968],[137.9740208,36.0100127],[137.974045,36.0100218],[137.9740934,36.0100273],[137.974144,36.0100311],[137.9742385,36.0100494],[137.9742537,36.0100835]]]]}},{"type":"Feature","properties":{"fid":1262,"地目":"田"},"geometry":{"type":"MultiPolygon","coordinates":[[[[137.9748331,36.0107943],[137.9748387,36.0107527],[137.9748487,36.0106708],[137.9748562,36.0105207],[137.9742289,36.0105126],[137.9742351,36.0107761],[137.9748331,36.0107943]]]]}},{"type":"Feature","properties":{"fid":1263,"地目":"畑"},"geometry":{"type":"MultiPolygon","coordinates":[[[[137.967,36.0119632],[137.9669297,36.0119724],[137.9668738,36.0120055],[137.9668518,36.0120184],[137.9668193,36.0120563],[137.9667913,36.0120943],[137.9667749,36.0121358],[137.9667746,36.012181],[137.9667788,36.0122107],[137.966839,36.0121813],[137.9669357,36.0121627],[137.9669737,36.0121617],[137.9670426,36.0121501],[137.9671217,36.0121374],[137.967,36.0119632]]]]}},{"type":"Feature","properties":{"fid":1264,"地目":"田"},"geometry":{"type":"MultiPolygon","coordinates":[[[[137.9715741,36.0117817],[137.9714637,36.0113386],[137.9713631,36.0113151],[137.9712215,36.0112965],[137.9712422,36.0115064],[137.971285,36.0116985],[137.9713219,36.0118266],[137.9715741,36.0117817]]]]}},{"type":"Feature","properties":{"fid":1265,"地目":"田"},"geometry":{"type":"MultiPolygon","coordinates":[[[[137.9712215,36.0112965],[137.9711429,36.0112757],[137.9710611,36.0112677],[137.9709446,36.0112595],[137.9709716,36.0114694],[137.9709989,36.0116282],[137.9710478,36.011851],[137.9713219,36.0118266],[137.971285,36.0116985],[137.9712422,36.0115064],[137.9712215,36.0112965]]]]}},{"type":"Feature","properties":{"fid":1266,"地目":"田"},"geometry":{"type":"MultiPolygon","coordinates":[[[[137.9714145,36.0126651],[137.9714536,36.0126716],[137.971745,36.0127009],[137.9718845,36.0123571],[137.9714583,36.0123612],[137.9714145,36.0126651]]]]}},{"type":"Feature","properties":{"fid":1267,"地目":"田"},"geometry":{"type":"MultiPolygon","coordinates":[[[[137.9718845,36.0123571],[137.971745,36.0127009],[137.9717463,36.0127168],[137.9718262,36.0127262],[137.9720016,36.0124352],[137.9720173,36.0123834],[137.9720202,36.0123608],[137.9719833,36.0123591],[137.9718845,36.0123571]]]]}},{"type":"Feature","properties":{"fid":1268,"地目":"田"},"geometry":{"type":"MultiPolygon","coordinates":[[[[137.9709446,36.0112595],[137.9708817,36.0112567],[137.9707839,36.0112741],[137.9706262,36.0113144],[137.9706045,36.0113194],[137.970738,36.0119068],[137.9710478,36.011851],[137.9709989,36.0116282],[137.9709716,36.0114694],[137.9709446,36.0112595]]]]}},{"type":"Feature","properties":{"fid":1269,"地目":"畑"},"geometry":{"type":"MultiPolygon","coordinates":[[[[137.9734008,36.0100625],[137.9736424,36.0100449],[137.9736453,36.0099589],[137.9733738,36.0099652],[137.9734008,36.0100625]]]]}},{"type":"Feature","properties":{"fid":1270,"地目":"田"},"geometry":{"type":"MultiPolygon","coordinates":[[[[137.9694308,36.012092],[137.9693489,36.0116311],[137.9693396,36.0116003],[137.9692309,36.0116174],[137.9693324,36.0121038],[137.9694308,36.012092]]]]}},{"type":"Feature","properties":{"fid":1271,"地目":"田"},"geometry":{"type":"MultiPolygon","coordinates":[[[[137.9742304,36.0112728],[137.9742683,36.0112747],[137.9743628,36.0112802],[137.9747029,36.0112791],[137.9747628,36.0112692],[137.9747858,36.0111209],[137.974227,36.0111207],[137.974229,36.0111583],[137.9742304,36.0112728]]]]}},{"type":"Feature","properties":{"fid":1272,"地目":"畑"},"geometry":{"type":"MultiPolygon","coordinates":[[[[137.9711796,36.0104052],[137.9713175,36.010283],[137.9714387,36.0101676],[137.9714866,36.0101178],[137.9715036,36.0100814],[137.9715122,36.0100565],[137.9715152,36.0100315],[137.9715123,36.0100048],[137.9713382,36.0098767],[137.9711562,36.0097571],[137.970995,36.0096567],[137.970909,36.0096266],[137.970567,36.0099964],[137.9707253,36.0100962],[137.9708674,36.0101969],[137.9710123,36.0102931],[137.9711796,36.0104052]]]]}},{"type":"Feature","properties":{"fid":1273,"地目":"畑"},"geometry":{"type":"MultiPolygon","coordinates":[[[[137.9757193,36.0077896],[137.9758771,36.0077147],[137.9758767,36.0077144],[137.9757855,36.0077474],[137.9757118,36.0077852],[137.9757193,36.0077896]]]]}},{"type":"Feature","properties":{"fid":1274,"地目":"田"},"geometry":{"type":"MultiPolygon","coordinates":[[[[137.972939,36.0118301],[137.9726905,36.0117718],[137.972649,36.0118458],[137.9726033,36.0119266],[137.9727208,36.0119485],[137.9728245,36.011972],[137.9728721,36.0119287],[137.9729228,36.01187],[137.972939,36.0118301]]]]}},{"type":"Feature","properties":{"fid":1275,"地目":"田"},"geometry":{"type":"MultiPolygon","coordinates":[[[[137.9681273,36.0122899],[137.9680767,36.012047],[137.9680473,36.0118643],[137.9677451,36.0120472],[137.9677872,36.0122777],[137.9678176,36.0122991],[137.9678873,36.0123171],[137.9679483,36.0123174],[137.9681273,36.0122899]]]]}},{"type":"Feature","properties":{"fid":1276,"地目":"畑"},"geometry":{"type":"MultiPolygon","coordinates":[[[[137.9751479,36.0108498],[137.975057,36.0106106],[137.9750076,36.0105996],[137.9748983,36.0106394],[137.9748783,36.0106688],[137.9748836,36.0108701],[137.9751479,36.0108498]]]]}},{"type":"Feature","properties":{"fid":1277,"地目":"田"},"geometry":{"type":"MultiPolygon","coordinates":[[[[137.9711785,36.0124186],[137.9712717,36.0123938],[137.9713338,36.0123767],[137.971427,36.0123519],[137.9713375,36.0118957],[137.9710698,36.0119299],[137.9711785,36.0124186]]]]}},{"type":"Feature","properties":{"fid":1278,"地目":"田"},"geometry":{"type":"MultiPolygon","coordinates":[[[[137.9736949,36.0113208],[137.9741263,36.0113201],[137.9741354,36.0111159],[137.973772,36.0110883],[137.9737397,36.0112135],[137.9736949,36.0113208]]]]}},{"type":"Feature","properties":{"fid":1279,"地目":"田"},"geometry":{"type":"MultiPolygon","coordinates":[[[[137.9740303,36.0119614],[137.9744933,36.0120151],[137.9746297,36.0118724],[137.9746583,36.0118265],[137.9741455,36.0117577],[137.9740566,36.0118622],[137.9740373,36.0119287],[137.9740303,36.0119614]]]]}},{"type":"Feature","properties":{"fid":1280,"地目":"畑"},"geometry":{"type":"MultiPolygon","coordinates":[[[[137.9730253,36.0078382],[137.9730823,36.0078724],[137.9731196,36.0078905],[137.9731677,36.0079336],[137.973207,36.0079892],[137.9732422,36.0079858],[137.973249,36.0079572],[137.9732405,36.0079125],[137.9732255,36.0078605],[137.9732038,36.0078121],[137.9731773,36.0078156],[137.9730253,36.0078382]]]]}},{"type":"Feature","properties":{"fid":1281,"地目":"畑"},"geometry":{"type":"MultiPolygon","coordinates":[[[[137.9688476,36.0114023],[137.9691867,36.0110835],[137.9689863,36.010951],[137.9685933,36.0113411],[137.968688,36.0114052],[137.9688476,36.0114023]]]]}},{"type":"Feature","properties":{"fid":1282,"地目":"田"},"geometry":{"type":"MultiPolygon","coordinates":[[[[137.9716778,36.0119561],[137.9722441,36.0119256],[137.9722578,36.0118941],[137.9722697,36.0118532],[137.9722602,36.0118264],[137.972237,36.0118184],[137.9721983,36.0118135],[137.971665,36.0118443],[137.9716778,36.0119561]]]]}},{"type":"Feature","properties":{"fid":1283,"地目":"畑"},"geometry":{"type":"MultiPolygon","coordinates":[[[[137.9701893,36.0103076],[137.9703133,36.010174],[137.9701572,36.0100755],[137.970253,36.009985],[137.9701361,36.0098912],[137.9701166,36.0098752],[137.9697831,36.0100338],[137.9701893,36.0103076]]]]}},{"type":"Feature","properties":{"fid":1284,"地目":"田"},"geometry":{"type":"MultiPolygon","coordinates":[[[[137.9693324,36.0121038],[137.9692309,36.0116174],[137.9691217,36.0116493],[137.9690518,36.0116774],[137.9690211,36.0116914],[137.9691054,36.0121312],[137.9693324,36.0121038]]]]}},{"type":"Feature","properties":{"fid":1285,"地目":"畑"},"geometry":{"type":"MultiPolygon","coordinates":[[[[137.9729838,36.0079475],[137.9729839,36.0079229],[137.9729755,36.0078982],[137.9729519,36.0078612],[137.9728435,36.0078924],[137.9727373,36.0079235],[137.9727671,36.0079975],[137.9728409,36.0079644],[137.9728994,36.0079524],[137.9729838,36.0079475]]]]}},{"type":"Feature","properties":{"fid":1286,"地目":"田"},"geometry":{"type":"MultiPolygon","coordinates":[[[[137.9681273,36.0122899],[137.9683195,36.0122588],[137.9682686,36.0120052],[137.9680767,36.012047],[137.9681273,36.0122899]]]]}},{"type":"Feature","properties":{"fid":1287,"地目":"畑"},"geometry":{"type":"MultiPolygon","coordinates":[[[[137.9753569,36.0079616],[137.9756403,36.0078271],[137.9756265,36.0078182],[137.9755796,36.007818],[137.9755178,36.0078416],[137.9754588,36.0078795],[137.9753969,36.0079222],[137.9753569,36.0079616]]]]}},{"type":"Feature","properties":{"fid":1288,"地目":"田"},"geometry":{"type":"MultiPolygon","coordinates":[[[[137.9744652,36.0081667],[137.9745945,36.0077094],[137.9744948,36.0076899],[137.9744799,36.0077208],[137.974281,36.0080705],[137.9742689,36.0081229],[137.9744652,36.0081667]]]]}},{"type":"Feature","properties":{"fid":1289,"地目":"畑"},"geometry":{"type":"MultiPolygon","coordinates":[[[[137.9756403,36.0078271],[137.9757193,36.0077896],[137.9757118,36.0077852],[137.9756265,36.0078182],[137.9756403,36.0078271]]]]}},{"type":"Feature","properties":{"fid":1290,"地目":"畑"},"geometry":{"type":"MultiPolygon","coordinates":[[[[137.9730317,36.0078776],[137.9730371,36.0079408],[137.9730368,36.0079837],[137.9730219,36.0080254],[137.972979,36.0080801],[137.9730171,36.0080767],[137.9730193,36.0080766],[137.9730891,36.0080698],[137.973101,36.008046],[137.9731217,36.0080151],[137.9731087,36.007996],[137.9731,36.0079816],[137.9730883,36.0079637],[137.9731384,36.0079413],[137.9731136,36.0079173],[137.9730639,36.0078885],[137.9730317,36.0078776]]]]}},{"type":"Feature","properties":{"fid":1291,"地目":"畑"},"geometry":{"type":"MultiPolygon","coordinates":[[[[137.9676891,36.0119984],[137.9677141,36.01197],[137.9677333,36.0119451],[137.9677716,36.0119155],[137.9678025,36.0118895],[137.9678012,36.0118669],[137.9677329,36.0117929],[137.9677053,36.0117594],[137.967651,36.011777],[137.9676042,36.0117804],[137.9675471,36.0117849],[137.9674797,36.0117882],[137.9674183,36.0117855],[137.9675132,36.0120285],[137.9675792,36.0120193],[137.9676128,36.0120183],[137.9676772,36.0120174],[137.9676891,36.0119984]]]]}},{"type":"Feature","properties":{"fid":1292,"地目":"畑"},"geometry":{"type":"MultiPolygon","coordinates":[[[[137.9693592,36.0112006],[137.9693332,36.0111883],[137.9691867,36.0110835],[137.9688476,36.0114023],[137.9688896,36.0114016],[137.9693592,36.0112006]]]]}},{"type":"Feature","properties":{"fid":1293,"地目":"田"},"geometry":{"type":"MultiPolygon","coordinates":[[[[137.9742374,36.0108775],[137.9748221,36.010878],[137.9748331,36.0107943],[137.9742351,36.0107761],[137.9742374,36.0108775]]]]}},{"type":"Feature","properties":{"fid":1294,"地目":"畑"},"geometry":{"type":"MultiPolygon","coordinates":[[[[137.9749621,36.0103674],[137.9750579,36.0103625],[137.974987,36.0100966],[137.9747173,36.0099371],[137.9746941,36.0099585],[137.9748316,36.0101361],[137.9749621,36.0103674]]]]}},{"type":"Feature","properties":{"fid":1295,"地目":"畑"},"geometry":{"type":"MultiPolygon","coordinates":[[[[137.9730891,36.0080698],[137.9732475,36.0080777],[137.9732478,36.0080419],[137.9732128,36.008],[137.9731217,36.0080151],[137.973101,36.008046],[137.9730891,36.0080698]]]]}},{"type":"Feature","properties":{"fid":1296,"地目":"畑"},"geometry":{"type":"MultiPolygon","coordinates":[[[[137.9698402,36.0111116],[137.9699366,36.011094],[137.9701309,36.0110761],[137.9703831,36.0110385],[137.9704757,36.0110094],[137.9705572,36.010962],[137.9706162,36.0109258],[137.9706922,36.0108602],[137.9707542,36.0107968],[137.970431,36.0105839],[137.9701802,36.0104031],[137.9701412,36.0103774],[137.9695719,36.0109301],[137.9698402,36.0111116]]]]}},{"type":"Feature","properties":{"fid":1297,"地目":"田"},"geometry":{"type":"MultiPolygon","coordinates":[[[[137.9765184,36.0044057],[137.9762342,36.0043635],[137.9761856,36.0044971],[137.9764764,36.0045392],[137.9765184,36.0044057]]]]}},{"type":"Feature","properties":{"fid":1298,"地目":"畑"},"geometry":{"type":"MultiPolygon","coordinates":[[[[137.9749318,36.0045574],[137.9749506,36.0044297],[137.9748684,36.004425],[137.974829,36.0044292],[137.9748039,36.0044378],[137.9748014,36.004551],[137.9749318,36.0045574]]]]}},{"type":"Feature","properties":{"fid":1299,"地目":"畑"},"geometry":{"type":"MultiPolygon","coordinates":[[[[137.975296,36.0046028],[137.9754357,36.0046119],[137.9754737,36.0046106],[137.9754945,36.0045995],[137.9755085,36.0045673],[137.9755473,36.0044343],[137.975311,36.0044276],[137.9753091,36.0044444],[137.975296,36.0046028]]]]}},{"type":"Feature","properties":{"fid":1300,"地目":"田"},"geometry":{"type":"MultiPolygon","coordinates":[[[[137.9771048,36.0028743],[137.9771137,36.0028209],[137.977114,36.0027838],[137.9771027,36.0027558],[137.9770744,36.0027232],[137.9770547,36.0026743],[137.9770406,36.0026394],[137.9770466,36.0026022],[137.9770755,36.002542],[137.9765381,36.002521],[137.976528,36.002758],[137.9765334,36.0027998],[137.9765533,36.0028231],[137.9766103,36.002842],[137.9771048,36.0028743]]]]}},{"type":"Feature","properties":{"fid":1301,"地目":"畑"},"geometry":{"type":"MultiPolygon","coordinates":[[[[137.974954,36.0027563],[137.9749391,36.0028659],[137.9751619,36.0028962],[137.9752086,36.0028964],[137.9752603,36.0028009],[137.974954,36.0027563]]]]}},{"type":"Feature","properties":{"fid":1302,"地目":"畑"},"geometry":{"type":"MultiPolygon","coordinates":[[[[137.9735592,36.0044819],[137.9737524,36.0044917],[137.9737896,36.0043969],[137.973818,36.0043368],[137.9736104,36.004319],[137.9735592,36.0044819]]]]}},{"type":"Feature","properties":{"fid":1303,"地目":"畑"},"geometry":{"type":"MultiPolygon","coordinates":[[[[137.9738148,36.0044685],[137.9739413,36.0044926],[137.9740589,36.0045093],[137.9740856,36.0045113],[137.9741855,36.0045243],[137.9741913,36.0043185],[137.9740713,36.0043126],[137.9740658,36.0043504],[137.9739867,36.0043375],[137.9738915,36.0042901],[137.9738555,36.0043604],[137.9738148,36.0044685]]]]}},{"type":"Feature","properties":{"fid":1304,"地目":"畑"},"geometry":{"type":"MultiPolygon","coordinates":[[[[137.9761017,36.0028421],[137.9761072,36.0027459],[137.975972,36.0027393],[137.9759684,36.002826],[137.9761017,36.0028421]]]]}},{"type":"Feature","properties":{"fid":1305,"地目":"畑"},"geometry":{"type":"MultiPolygon","coordinates":[[[[137.975972,36.0027393],[137.9761072,36.0027459],[137.9761146,36.002616],[137.9759774,36.0026108],[137.975972,36.0027393]]]]}},{"type":"Feature","properties":{"fid":1306,"地目":"畑"},"geometry":{"type":"MultiPolygon","coordinates":[[[[137.973709,36.0046685],[137.9737351,36.0045808],[137.9737479,36.004508],[137.9735657,36.0044945],[137.9733437,36.0044737],[137.973299,36.0045114],[137.97329,36.0045258],[137.9732541,36.0045816],[137.9734294,36.0046185],[137.9734657,36.0046271],[137.973578,36.0046535],[137.973709,36.0046685]]]]}},{"type":"Feature","properties":{"fid":1307,"地目":"畑"},"geometry":{"type":"MultiPolygon","coordinates":[[[[137.9743527,36.0057551],[137.9742791,36.0057422],[137.9742384,36.0057373],[137.9741898,36.0057442],[137.9741861,36.0058648],[137.9742557,36.0058864],[137.9742993,36.0058936],[137.9743401,36.0058938],[137.9743527,36.0057551]]]]}},{"type":"Feature","properties":{"fid":1308,"地目":"田"},"geometry":{"type":"MultiPolygon","coordinates":[[[[137.9754601,36.0025329],[137.9754553,36.0025866],[137.9755103,36.0025904],[137.9755345,36.0025977],[137.9755828,36.0026104],[137.9756687,36.0026126],[137.9756863,36.0026126],[137.9756802,36.0025354],[137.9754601,36.0025329]]]]}},{"type":"Feature","properties":{"fid":1309,"地目":"田"},"geometry":{"type":"MultiPolygon","coordinates":[[[[137.9747698,36.0026839],[137.9753253,36.0027423],[137.9753763,36.0027384],[137.9753917,36.0027239],[137.9753994,36.0027095],[137.9754067,36.0023801],[137.9748768,36.0023156],[137.9747698,36.0026839]]]]}},{"type":"Feature","properties":{"fid":1310,"地目":"田"},"geometry":{"type":"MultiPolygon","coordinates":[[[[137.973963,36.0022877],[137.9739537,36.0023344],[137.9739709,36.002436],[137.9739698,36.0025976],[137.9746856,36.0027043],[137.9747793,36.0024064],[137.973963,36.0022877]]]]}},{"type":"Feature","properties":{"fid":1311,"地目":"田"},"geometry":{"type":"MultiPolygon","coordinates":[[[[137.9763996,36.0047891],[137.9764764,36.0045392],[137.9761856,36.0044971],[137.9761762,36.0045231],[137.9761391,36.004645],[137.9761075,36.0047248],[137.9763996,36.0047891]]]]}},{"type":"Feature","properties":{"fid":1312,"地目":"畑"},"geometry":{"type":"MultiPolygon","coordinates":[[[[137.9741552,36.0047316],[137.9741743,36.0045369],[137.97399,36.0045126],[137.973962,36.0047201],[137.9740686,36.0047296],[137.9741552,36.0047316]]]]}},{"type":"Feature","properties":{"fid":1313,"地目":"畑"},"geometry":{"type":"MultiPolygon","coordinates":[[[[137.9753971,36.0049665],[137.9754307,36.0048488],[137.9753652,36.0048373],[137.9752937,36.0049422],[137.9753971,36.0049665]]]]}},{"type":"Feature","properties":{"fid":1314,"地目":"畑"},"geometry":{"type":"MultiPolygon","coordinates":[[[[137.9749348,36.0046784],[137.9750125,36.0046815],[137.9750129,36.0046086],[137.9749336,36.0046041],[137.9749348,36.0046784]]]]}},{"type":"Feature","properties":{"fid":1315,"地目":"畑"},"geometry":{"type":"MultiPolygon","coordinates":[[[[137.9746165,36.005895],[137.9746138,36.0058667],[137.9746141,36.0058224],[137.9746028,36.005772],[137.9745854,36.0057578],[137.9743963,36.0057546],[137.9743527,36.0057551],[137.9743401,36.0058938],[137.9743634,36.0058939],[137.9744273,36.0058966],[137.9746165,36.005895]]]]}},{"type":"Feature","properties":{"fid":1316,"地目":"畑"},"geometry":{"type":"MultiPolygon","coordinates":[[[[137.9746392,36.0047612],[137.9747289,36.0047588],[137.9747451,36.0046621],[137.9748072,36.0046596],[137.9748034,36.0047199],[137.9748879,36.0047231],[137.9748849,36.0046515],[137.9748781,36.0046375],[137.9748715,36.004601],[137.9746972,36.004603],[137.9746902,36.0046058],[137.974678,36.0046226],[137.9746797,36.004631],[137.9746392,36.0047612]]]]}},{"type":"Feature","properties":{"fid":1317,"地目":"田"},"geometry":{"type":"MultiPolygon","coordinates":[[[[137.9759256,36.0023758],[137.9757979,36.0023841],[137.9756372,36.0023745],[137.9755449,36.002358],[137.9754614,36.002338],[137.9754601,36.0025329],[137.9756802,36.0025354],[137.9757264,36.0025359],[137.9758299,36.0025363],[137.9759179,36.0025403],[137.9759256,36.0023758]]]]}},{"type":"Feature","properties":{"fid":1318,"地目":"畑"},"geometry":{"type":"MultiPolygon","coordinates":[[[[137.9755116,36.0048772],[137.9755341,36.0048773],[137.9755738,36.0048761],[137.9756291,36.0048539],[137.9756621,36.0048218],[137.9756778,36.0048036],[137.9757056,36.0047701],[137.9757334,36.0047464],[137.9758113,36.0047131],[137.9758081,36.0046682],[137.9755893,36.004621],[137.9755116,36.0048772]]]]}},{"type":"Feature","properties":{"fid":1319,"地目":"畑"},"geometry":{"type":"MultiPolygon","coordinates":[[[[137.9735536,36.0048248],[137.973578,36.0046535],[137.9734657,36.0046271],[137.9734392,36.0048117],[137.9735536,36.0048248]]]]}},{"type":"Feature","properties":{"fid":1320,"地目":"田"},"geometry":{"type":"MultiPolygon","coordinates":[[[[137.9765381,36.002521],[137.9770755,36.002542],[137.9770957,36.0025281],[137.9771133,36.0024538],[137.9771107,36.002412],[137.9771144,36.0022865],[137.9771124,36.0021564],[137.9770877,36.0020006],[137.9765616,36.0019891],[137.9765525,36.0020727],[137.9765381,36.002521]]]]}},{"type":"Feature","properties":{"fid":1321,"地目":"田"},"geometry":{"type":"MultiPolygon","coordinates":[[[[137.974083,36.0020573],[137.9740187,36.0021461],[137.9739929,36.0021999],[137.9739669,36.0022681],[137.973963,36.0022877],[137.9747793,36.0024064],[137.9748649,36.0021954],[137.974083,36.0020573]]]]}},{"type":"Feature","properties":{"fid":1322,"地目":"畑"},"geometry":{"type":"MultiPolygon","coordinates":[[[[137.9736793,36.0049462],[137.9736867,36.0048324],[137.9736974,36.0047404],[137.9737089,36.0046902],[137.973709,36.0046685],[137.973578,36.0046535],[137.9735536,36.0048248],[137.9735384,36.0049313],[137.9735606,36.0049368],[137.9736793,36.0049462]]]]}},{"type":"Feature","properties":{"fid":1323,"地目":"田"},"geometry":{"type":"MultiPolygon","coordinates":[[[[137.976025,36.0022274],[137.9761529,36.0022083],[137.9761587,36.0019829],[137.9760394,36.0020486],[137.976025,36.0022274]]]]}},{"type":"Feature","properties":{"fid":1324,"地目":"田"},"geometry":{"type":"MultiPolygon","coordinates":[[[[137.9753498,36.0019128],[137.9753407,36.0019129],[137.9752895,36.0017363],[137.9752528,36.0017579],[137.9750325,36.0019082],[137.9749914,36.0019474],[137.9748768,36.0023156],[137.9754067,36.0023801],[137.9754071,36.002318],[137.9753498,36.0019128]]]]}},{"type":"Feature","properties":{"fid":1325,"地目":"田"},"geometry":{"type":"MultiPolygon","coordinates":[[[[137.9753782,36.0059984],[137.9754867,36.0057801],[137.9753935,36.0057811],[137.9752656,36.005803],[137.975262,36.0058198],[137.9752618,36.0058493],[137.9752686,36.0058731],[137.9752908,36.0059139],[137.9753782,36.0059984]]]]}},{"type":"Feature","properties":{"fid":1326,"地目":"田"},"geometry":{"type":"MultiPolygon","coordinates":[[[[137.9746079,36.0017344],[137.9745283,36.0018065],[137.9744617,36.001856],[137.9743849,36.0018991],[137.9742853,36.0019381],[137.9742265,36.0019585],[137.9741574,36.0019914],[137.9741036,36.0020305],[137.974083,36.0020573],[137.9748649,36.0021954],[137.974925,36.0019678],[137.9749329,36.0019285],[137.9749408,36.0018995],[137.9749664,36.0018727],[137.9746079,36.0017344]]]]}},{"type":"Feature","properties":{"fid":1327,"地目":"畑"},"geometry":{"type":"MultiPolygon","coordinates":[[[[137.9755747,36.0019105],[137.9755338,36.001911],[137.9754133,36.0019532],[137.975428,36.0020623],[137.9756087,36.0020238],[137.9755808,36.0019199],[137.9755747,36.0019105]]]]}},{"type":"Feature","properties":{"fid":1328,"地目":"畑"},"geometry":{"type":"MultiPolygon","coordinates":[[[[137.9759433,36.0019065],[137.9759372,36.0019068],[137.9755747,36.0019105],[137.9755808,36.0019199],[137.9756087,36.0020238],[137.9757011,36.0020367],[137.9759034,36.0020787],[137.9759497,36.00207],[137.9759617,36.0019126],[137.9759433,36.0019065]]]]}},{"type":"Feature","properties":{"fid":1329,"地目":"田"},"geometry":{"type":"MultiPolygon","coordinates":[[[[137.9770807,36.001925],[137.9766773,36.0019068],[137.9765726,36.0019004],[137.9765616,36.0019891],[137.9770877,36.0020006],[137.9770807,36.001925]]]]}},{"type":"Feature","properties":{"fid":1330,"地目":"田"},"geometry":{"type":"MultiPolygon","coordinates":[[[[137.9755338,36.001911],[137.9754074,36.0019123],[137.9754133,36.0019532],[137.9755338,36.001911]]]]}},{"type":"Feature","properties":{"fid":1331,"地目":"畑"},"geometry":{"type":"MultiPolygon","coordinates":[[[[137.9741038,36.0057797],[137.9739934,36.0058221],[137.9739125,36.0058507],[137.9738628,36.0058606],[137.9738193,36.0058667],[137.9737789,36.0058728],[137.9737665,36.005869],[137.9737629,36.0059446],[137.9737923,36.0059523],[137.973842,36.0059425],[137.9738949,36.0059276],[137.97394,36.0059189],[137.9739679,36.0059203],[137.9740175,36.0059256],[137.9740316,36.0059264],[137.9740641,36.0059233],[137.9740813,36.0058994],[137.9740985,36.0058818],[137.9741001,36.0058692],[137.9741038,36.0057797]]]]}},{"type":"Feature","properties":{"fid":1332,"地目":"畑"},"geometry":{"type":"MultiPolygon","coordinates":[[[[137.9750934,36.0049637],[137.9749832,36.0049352],[137.9749379,36.0049925],[137.974993,36.0050096],[137.9750689,36.0050183],[137.9750934,36.0049637]]]]}},{"type":"Feature","properties":{"fid":1333,"地目":"田"},"geometry":{"type":"MultiPolygon","coordinates":[[[[137.975115,36.0017635],[137.974997,36.0014875],[137.9749229,36.0015329],[137.9747385,36.0016459],[137.9746079,36.0017344],[137.9749664,36.0018727],[137.975115,36.0017635]]]]}},{"type":"Feature","properties":{"fid":1334,"地目":"田"},"geometry":{"type":"MultiPolygon","coordinates":[[[[137.9758997,36.0052329],[137.9762381,36.0053416],[137.9762565,36.0052954],[137.976283,36.005203],[137.9763177,36.0050475],[137.9763996,36.0047891],[137.9761075,36.0047248],[137.9760101,36.0049809],[137.9759443,36.0051426],[137.9758997,36.0052329]]]]}},{"type":"Feature","properties":{"fid":1335,"地目":"田"},"geometry":{"type":"MultiPolygon","coordinates":[[[[137.9758358,36.0051815],[137.9759356,36.0049562],[137.9758148,36.0049571],[137.9756976,36.0049453],[137.9755992,36.0049379],[137.9754992,36.004922],[137.9754804,36.0049905],[137.9755934,36.0050304],[137.975621,36.005046],[137.9756226,36.0050628],[137.9756096,36.0051727],[137.9756737,36.0051752],[137.9758358,36.0051815]]]]}},{"type":"Feature","properties":{"fid":1336,"地目":"畑"},"geometry":{"type":"MultiPolygon","coordinates":[[[[137.9749379,36.0049925],[137.974917,36.0050275],[137.9748943,36.0050568],[137.9748752,36.0050848],[137.9748612,36.0051142],[137.9749301,36.0051229],[137.974993,36.0050096],[137.9749379,36.0049925]]]]}},{"type":"Feature","properties":{"fid":1337,"地目":"畑"},"geometry":{"type":"MultiPolygon","coordinates":[[[[137.9739067,36.0051192],[137.9740207,36.0051197],[137.9740743,36.0051105],[137.9741537,36.0050806],[137.9741747,36.0050693],[137.9741819,36.0050391],[137.9741704,36.0050125],[137.9741449,36.005003],[137.974089,36.0050046],[137.973961,36.0050022],[137.9739067,36.0051192]]]]}},{"type":"Feature","properties":{"fid":1338,"地目":"田"},"geometry":{"type":"MultiPolygon","coordinates":[[[[137.9754804,36.0049905],[137.9754321,36.0051657],[137.9756096,36.0051727],[137.9756226,36.0050628],[137.975621,36.005046],[137.9755934,36.0050304],[137.9754804,36.0049905]]]]}},{"type":"Feature","properties":{"fid":1339,"地目":"田"},"geometry":{"type":"MultiPolygon","coordinates":[[[[137.9752682,36.0016628],[137.9752183,36.0014904],[137.9752074,36.0014639],[137.9751814,36.0014066],[137.974997,36.0014875],[137.975115,36.0017635],[137.9751841,36.0017265],[137.9752276,36.0016998],[137.9752635,36.0016751],[137.9752682,36.0016628]]]]}},{"type":"Feature","properties":{"fid":1340,"地目":"畑"},"geometry":{"type":"MultiPolygon","coordinates":[[[[137.9741522,36.0015197],[137.9739612,36.001574],[137.9739864,36.0015821],[137.9741127,36.0016047],[137.9741265,36.001576],[137.9741522,36.0015197]]]]}},{"type":"Feature","properties":{"fid":1341,"地目":"畑"},"geometry":{"type":"MultiPolygon","coordinates":[[[[137.9746273,36.0013863],[137.9746105,36.0013894],[137.9741982,36.0015066],[137.9741632,36.0015784],[137.9741617,36.0015994],[137.9744727,36.0016593],[137.974522,36.0016054],[137.9745892,36.0015195],[137.9746273,36.0013863]]]]}},{"type":"Feature","properties":{"fid":1342,"地目":"畑"},"geometry":{"type":"MultiPolygon","coordinates":[[[[137.9748612,36.0051142],[137.9748108,36.0051602],[137.9747653,36.0052638],[137.9748549,36.005274],[137.9749301,36.0051229],[137.9748612,36.0051142]]]]}},{"type":"Feature","properties":{"fid":1343,"地目":"畑"},"geometry":{"type":"MultiPolygon","coordinates":[[[[137.9758358,36.0051815],[137.9756737,36.0051752],[137.9756731,36.0052439],[137.9757939,36.0052528],[137.9758358,36.0051815]]]]}},{"type":"Feature","properties":{"fid":1344,"地目":"田"},"geometry":{"type":"MultiPolygon","coordinates":[[[[137.9751833,36.0013697],[137.9751594,36.0012871],[137.9749472,36.0013266],[137.974941,36.0013485],[137.9749292,36.0014075],[137.9749229,36.0015329],[137.974997,36.0014875],[137.9751814,36.0014066],[137.9751833,36.0013697]]]]}},{"type":"Feature","properties":{"fid":1345,"地目":"田"},"geometry":{"type":"MultiPolygon","coordinates":[[[[137.9760084,36.0060095],[137.9755614,36.0058897],[137.9755559,36.0059381],[137.9754977,36.0061208],[137.9754637,36.0061711],[137.9754558,36.0062027],[137.9754607,36.0062468],[137.975489,36.0062701],[137.9755251,36.0062913],[137.9755561,36.006302],[137.9755897,36.0063021],[137.9756235,36.0062854],[137.9756703,36.006252],[137.9757145,36.0062185],[137.9758004,36.0061453],[137.9758888,36.0060931],[137.9759562,36.0060723],[137.9759875,36.0060409],[137.9760084,36.0060095]]]]}},{"type":"Feature","properties":{"fid":1346,"地目":"田"},"geometry":{"type":"MultiPolygon","coordinates":[[[[137.9750181,36.0060625],[137.975003,36.0060224],[137.9748317,36.0059653],[137.9747985,36.0059839],[137.9747782,36.0060616],[137.974748,36.0061393],[137.9747248,36.006158],[137.9747733,36.0061905],[137.9749033,36.0062775],[137.9749612,36.0061803],[137.9750181,36.0060625]]]]}},{"type":"Feature","properties":{"fid":1347,"地目":"畑"},"geometry":{"type":"MultiPolygon","coordinates":[[[[137.9755543,36.0054748],[137.9756753,36.0054802],[137.9756977,36.0054389],[137.9757257,36.0053928],[137.9757431,36.005362],[137.9757572,36.0053186],[137.9756692,36.0053154],[137.9756724,36.0053547],[137.9756327,36.0053587],[137.9756239,36.0053881],[137.9755635,36.0053893],[137.9755543,36.0054748]]]]}},{"type":"Feature","properties":{"fid":1348,"地目":"畑"},"geometry":{"type":"MultiPolygon","coordinates":[[[[137.9737811,36.0055437],[137.9738347,36.0053055],[137.973707,36.0052534],[137.9736652,36.0054714],[137.9736743,36.0054903],[137.9736959,36.0055093],[137.973747,36.0055348],[137.9737811,36.0055437]]]]}},{"type":"Feature","properties":{"fid":1349,"地目":"畑"},"geometry":{"type":"MultiPolygon","coordinates":[[[[137.9740885,36.0059826],[137.9742234,36.0059996],[137.974238,36.0059064],[137.9741465,36.0058921],[137.9740904,36.005941],[137.9740885,36.0059826]]]]}},{"type":"Feature","properties":{"fid":1350,"地目":"田"},"geometry":{"type":"MultiPolygon","coordinates":[[[[137.9757639,36.0054984],[137.9761146,36.0056187],[137.9761329,36.0055872],[137.9761592,36.00552],[137.9761986,36.0054424],[137.9762381,36.0053416],[137.9758997,36.0052329],[137.9757639,36.0054984]]]]}},{"type":"Feature","properties":{"fid":1351,"地目":"畑"},"geometry":{"type":"MultiPolygon","coordinates":[[[[137.974089,36.0055262],[137.9741642,36.005374],[137.9739577,36.0053554],[137.9739298,36.0053452],[137.9738602,36.0053159],[137.9738347,36.0053055],[137.9737811,36.0055437],[137.9738385,36.0055478],[137.9739269,36.0055507],[137.974089,36.0055262]]]]}},{"type":"Feature","properties":{"fid":1352,"地目":"畑"},"geometry":{"type":"MultiPolygon","coordinates":[[[[137.9749627,36.0054515],[137.9749395,36.0054398],[137.9749085,36.0054365],[137.9747599,36.0054285],[137.974768,36.0055736],[137.974953,36.0055586],[137.9749627,36.0054515]]]]}},{"type":"Feature","properties":{"fid":1353,"地目":"畑"},"geometry":{"type":"MultiPolygon","coordinates":[[[[137.9746751,36.0055395],[137.9746545,36.0057086],[137.9746959,36.0057141],[137.9747282,36.0057121],[137.9747529,36.0057017],[137.9747436,36.005544],[137.9746751,36.0055395]]]]}},{"type":"Feature","properties":{"fid":1354,"地目":"田"},"geometry":{"type":"MultiPolygon","coordinates":[[[[137.9752958,36.0056685],[137.9755564,36.0056781],[137.9756558,36.0055159],[137.975634,36.0055173],[137.9753295,36.0055369],[137.9752958,36.0056685]]]]}},{"type":"Feature","properties":{"fid":1355,"地目":"畑"},"geometry":{"type":"MultiPolygon","coordinates":[[[[137.9748604,36.003803],[137.9748829,36.0037652],[137.9749139,36.0037725],[137.9749567,36.0036951],[137.9748503,36.0036495],[137.9747958,36.0037669],[137.9748472,36.0037903],[137.9748604,36.003803]]]]}},{"type":"Feature","properties":{"fid":1356,"地目":"田"},"geometry":{"type":"MultiPolygon","coordinates":[[[[137.9764693,36.0037825],[137.9768321,36.0038584],[137.9769633,36.0036752],[137.976925,36.0036662],[137.9767917,36.003635],[137.9765538,36.0035791],[137.9765018,36.0035724],[137.9764997,36.0035903],[137.976483,36.0036926],[137.9764693,36.0037825]]]]}},{"type":"Feature","properties":{"fid":1357,"地目":"田"},"geometry":{"type":"MultiPolygon","coordinates":[[[[137.9757886,36.0038902],[137.97585,36.0038862],[137.9759034,36.0038769],[137.9759369,36.0038707],[137.9759668,36.003865],[137.9760153,36.0038409],[137.9760605,36.003814],[137.9760772,36.0037992],[137.9760857,36.0037762],[137.9760876,36.0037369],[137.976091,36.0037008],[137.9758631,36.0037097],[137.9758584,36.0037557],[137.9758239,36.0037646],[137.9757886,36.0038902]]]]}},{"type":"Feature","properties":{"fid":1358,"地目":"田"},"geometry":{"type":"MultiPolygon","coordinates":[[[[137.9743045,36.0037445],[137.9744094,36.0037956],[137.9745756,36.0035345],[137.9745158,36.0035054],[137.9744978,36.0035288],[137.9744665,36.0035648],[137.9744307,36.0035953],[137.974365,36.0036689],[137.9743045,36.0037445]]]]}},{"type":"Feature","properties":{"fid":1359,"地目":"田"},"geometry":{"type":"MultiPolygon","coordinates":[[[[137.9752909,36.0038879],[137.9753931,36.003883],[137.9753999,36.0037905],[137.9754054,36.0037151],[137.9753543,36.0037113],[137.9753365,36.0037202],[137.9753113,36.003823],[137.9752909,36.0038879]]]]}},{"type":"Feature","properties":{"fid":1360,"地目":"田"},"geometry":{"type":"MultiPolygon","coordinates":[[[[137.976091,36.0037008],[137.9760876,36.0037369],[137.9760857,36.0037762],[137.9760772,36.0037992],[137.9760605,36.003814],[137.9760153,36.0038409],[137.9759668,36.003865],[137.976263,36.0039367],[137.9762889,36.003796],[137.9762879,36.0036904],[137.9762154,36.0036959],[137.976091,36.0037008]]]]}},{"type":"Feature","properties":{"fid":1361,"地目":"田"},"geometry":{"type":"MultiPolygon","coordinates":[[[[137.9746633,36.0037064],[137.9746205,36.0037875],[137.97456,36.0038649],[137.9746752,36.0039213],[137.974738,36.0038313],[137.9748376,36.0038507],[137.9748604,36.003803],[137.9748472,36.0037903],[137.9747958,36.0037669],[137.9746633,36.0037064]]]]}},{"type":"Feature","properties":{"fid":1362,"地目":"畑"},"geometry":{"type":"MultiPolygon","coordinates":[[[[137.9749567,36.0036951],[137.9749994,36.003614],[137.974751,36.0035534],[137.9747396,36.0035894],[137.9748039,36.003615],[137.9748037,36.0036403],[137.9748503,36.0036495],[137.9749567,36.0036951]]]]}},{"type":"Feature","properties":{"fid":1363,"地目":"田"},"geometry":{"type":"MultiPolygon","coordinates":[[[[137.9766589,36.0040997],[137.9766944,36.0041049],[137.9767164,36.0041017],[137.9767306,36.0040676],[137.9768321,36.0038584],[137.9764693,36.0037825],[137.9764501,36.0039086],[137.9764231,36.0039011],[137.9764193,36.0040182],[137.9764431,36.0040475],[137.9766589,36.0040997]]]]}},{"type":"Feature","properties":{"fid":1364,"地目":"畑"},"geometry":{"type":"MultiPolygon","coordinates":[[[[137.9741268,36.004011],[137.9742951,36.0040924],[137.9743143,36.0040531],[137.9742456,36.0040221],[137.974349,36.003842],[137.974205,36.0037854],[137.9741625,36.0038232],[137.9740548,36.0039798],[137.9741268,36.004011]]]]}},{"type":"Feature","properties":{"fid":1365,"地目":"畑"},"geometry":{"type":"MultiPolygon","coordinates":[[[[137.9737154,36.0035299],[137.9737725,36.0034598],[137.9737629,36.0033975],[137.9736461,36.0034294],[137.9736388,36.0035188],[137.9737154,36.0035299]]]]}},{"type":"Feature","properties":{"fid":1366,"地目":"畑"},"geometry":{"type":"MultiPolygon","coordinates":[[[[137.9737049,36.0060508],[137.9737446,36.0060377],[137.973745,36.0059772],[137.9737451,36.0059583],[137.9735262,36.0059781],[137.9735352,36.0060179],[137.9735304,36.0060443],[137.9735256,36.0060708],[137.9737049,36.0060508]]]]}},{"type":"Feature","properties":{"fid":1367,"地目":"田"},"geometry":{"type":"MultiPolygon","coordinates":[[[[137.9752727,36.0057792],[137.975504,36.0057676],[137.9755336,36.0057285],[137.9755564,36.0056781],[137.9752958,36.0056685],[137.9752727,36.0057792]]]]}},{"type":"Feature","properties":{"fid":1368,"地目":"田"},"geometry":{"type":"MultiPolygon","coordinates":[[[[137.9757497,36.0040291],[137.9758856,36.0040316],[137.9758552,36.0039073],[137.9757834,36.0039089],[137.9757497,36.0040291]]]]}},{"type":"Feature","properties":{"fid":1369,"地目":"畑"},"geometry":{"type":"MultiPolygon","coordinates":[[[[137.976329,36.003154],[137.9762064,36.0031485],[137.9761797,36.0035488],[137.9763176,36.0035367],[137.976329,36.003154]]]]}},{"type":"Feature","properties":{"fid":1370,"地目":"畑"},"geometry":{"type":"MultiPolygon","coordinates":[[[[137.973601,36.0057876],[137.9736084,36.005601],[137.9734331,36.005599],[137.9734057,36.0057539],[137.9734103,36.0057653],[137.9734226,36.0057742],[137.9734629,36.0057819],[137.973601,36.0057876]]]]}},{"type":"Feature","properties":{"fid":1371,"地目":"田"},"geometry":{"type":"MultiPolygon","coordinates":[[[[137.9761479,36.004203],[137.9762105,36.0041867],[137.9762321,36.0040639],[137.9762561,36.0039719],[137.976263,36.0039367],[137.9759668,36.003865],[137.9759369,36.0038707],[137.9759524,36.0040329],[137.9759522,36.0040532],[137.9759587,36.0041046],[137.9759749,36.0041521],[137.9759961,36.0042159],[137.9760205,36.0042789],[137.9761479,36.004203]]]]}},{"type":"Feature","properties":{"fid":1372,"地目":"田"},"geometry":{"type":"MultiPolygon","coordinates":[[[[137.9765018,36.0035724],[137.9765538,36.0035791],[137.9767917,36.003635],[137.9768604,36.0029058],[137.9766264,36.0028885],[137.976556,36.0029418],[137.9765399,36.002958],[137.9765398,36.0029727],[137.9765018,36.0035724]]]]}},{"type":"Feature","properties":{"fid":1373,"地目":"畑"},"geometry":{"type":"MultiPolygon","coordinates":[[[[137.9752697,36.003395],[137.9753226,36.0031334],[137.9752494,36.0031078],[137.9751362,36.0030983],[137.9751558,36.0032229],[137.9751575,36.0032338],[137.9751831,36.003391],[137.9752697,36.003395]]]]}},{"type":"Feature","properties":{"fid":1374,"地目":"畑"},"geometry":{"type":"MultiPolygon","coordinates":[[[[137.9739855,36.0040105],[137.973724,36.0039518],[137.9736442,36.0042094],[137.9738655,36.0042359],[137.9738775,36.0042104],[137.9739417,36.004078],[137.9739855,36.0040105]]]]}},{"type":"Feature","properties":{"fid":1375,"地目":"田"},"geometry":{"type":"MultiPolygon","coordinates":[[[[137.9767917,36.003635],[137.976925,36.0036662],[137.9772484,36.0029188],[137.9771765,36.0029136],[137.9768604,36.0029058],[137.9767917,36.003635]]]]}},{"type":"Feature","properties":{"fid":1376,"地目":"畑"},"geometry":{"type":"MultiPolygon","coordinates":[[[[137.9748796,36.0041175],[137.9748559,36.004098],[137.9748131,36.0040785],[137.9747537,36.004055],[137.9746626,36.0041301],[137.9747007,36.0041342],[137.9747078,36.0041458],[137.9747697,36.0041538],[137.9748125,36.0041598],[137.9748796,36.0041175]]]]}},{"type":"Feature","properties":{"fid":1377,"地目":"畑"},"geometry":{"type":"MultiPolygon","coordinates":[[[[137.9739787,36.0042294],[137.9742747,36.0042656],[137.9742908,36.0041293],[137.9742951,36.0040924],[137.9741268,36.004011],[137.9741044,36.0040458],[137.9740275,36.004019],[137.9739601,36.0041403],[137.9740073,36.0041597],[137.9739787,36.0042294]]]]}},{"type":"Feature","properties":{"fid":1378,"地目":"田"},"geometry":{"type":"MultiPolygon","coordinates":[[[[137.9757351,36.0040811],[137.9759019,36.0043495],[137.9760205,36.0042789],[137.9759961,36.0042159],[137.9759749,36.0041521],[137.9759587,36.0041046],[137.9759522,36.0040532],[137.9759524,36.0040329],[137.9758856,36.0040316],[137.9757497,36.0040291],[137.9757351,36.0040811]]]]}},{"type":"Feature","properties":{"fid":1379,"地目":"田"},"geometry":{"type":"MultiPolygon","coordinates":[[[[137.9765673,36.0042737],[137.9765931,36.0042044],[137.9765999,36.0041806],[137.9766027,36.004159],[137.9765802,36.0041372],[137.9765456,36.0041251],[137.976311,36.004103],[137.9762739,36.0042249],[137.9765673,36.0042737]]]]}},{"type":"Feature","properties":{"fid":1380,"地目":"田"},"geometry":{"type":"MultiPolygon","coordinates":[[[[137.9774049,36.0031018],[137.9774106,36.0030894],[137.9774684,36.0029526],[137.9774683,36.0029523],[137.9774524,36.0029425],[137.9772484,36.0029188],[137.976925,36.0036662],[137.9769633,36.0036752],[137.9772418,36.0033155],[137.9774049,36.0031018]]]]}},{"type":"Feature","properties":{"fid":1381,"地目":"畑"},"geometry":{"type":"MultiPolygon","coordinates":[[[[137.9742747,36.0042656],[137.9743502,36.004272],[137.9743529,36.0043153],[137.9744329,36.0043229],[137.9745202,36.0043317],[137.9745406,36.0041536],[137.974409,36.004123],[137.9744059,36.004147],[137.9742908,36.0041293],[137.9742747,36.0042656]]]]}},{"type":"Feature","properties":{"fid":1382,"地目":"田"},"geometry":{"type":"MultiPolygon","coordinates":[[[[137.9740437,36.0034422],[137.9741063,36.0032312],[137.9745113,36.0032889],[137.9745856,36.0030437],[137.9739283,36.00296],[137.9739204,36.0030004],[137.9738969,36.0030811],[137.9738621,36.0031493],[137.973854,36.0032114],[137.9738689,36.0032767],[137.973899,36.0033421],[137.9739446,36.003392],[137.9740437,36.0034422]]]]}},{"type":"Feature","properties":{"fid":1383,"地目":"畑"},"geometry":{"type":"MultiPolygon","coordinates":[[[[137.973724,36.0039518],[137.9736161,36.0039276],[137.973445,36.0040948],[137.9733543,36.0042081],[137.9733339,36.0042649],[137.9733504,36.0044629],[137.9735592,36.0044819],[137.9736104,36.004319],[137.9736442,36.0042094],[137.973724,36.0039518]]]]}},{"type":"Feature","properties":{"fid":1384,"地目":"畑"},"geometry":{"type":"MultiPolygon","coordinates":[[[[137.9751362,36.0030983],[137.9749208,36.0030793],[137.9749224,36.0031696],[137.9751558,36.0032229],[137.9751362,36.0030983]]]]}},{"type":"Feature","properties":{"fid":1385,"地目":"畑"},"geometry":{"type":"MultiPolygon","coordinates":[[[[137.9745202,36.0043317],[137.9746461,36.0043286],[137.9746497,36.0042348],[137.974629,36.0042323],[137.9746307,36.0041926],[137.9745406,36.0041536],[137.9745202,36.0043317]]]]}},{"type":"Feature","properties":{"fid":1386,"地目":"田"},"geometry":{"type":"MultiPolygon","coordinates":[[[[137.9760084,36.0060095],[137.9760268,36.0059675],[137.9760401,36.0059213],[137.9760562,36.0058351],[137.9760644,36.005772],[137.9760751,36.0057132],[137.9760936,36.0056544],[137.9761146,36.0056187],[137.9757639,36.0054984],[137.9757581,36.0055099],[137.9755614,36.0058897],[137.9760084,36.0060095]]]]}},{"type":"Feature","properties":{"fid":1387,"地目":"畑"},"geometry":{"type":"MultiPolygon","coordinates":[[[[137.9738655,36.0042359],[137.9736442,36.0042094],[137.9736104,36.004319],[137.973818,36.0043368],[137.9738655,36.0042359]]]]}},{"type":"Feature","properties":{"fid":1388,"地目":"畑"},"geometry":{"type":"MultiPolygon","coordinates":[[[[137.9759041,36.0032334],[137.9761194,36.0032615],[137.9761535,36.0031461],[137.9759448,36.0031271],[137.9759467,36.003165],[137.975909,36.003163],[137.9759041,36.0032334]]]]}},{"type":"Feature","properties":{"fid":1389,"地目":"畑"},"geometry":{"type":"MultiPolygon","coordinates":[[[[137.9750908,36.0043627],[137.9751791,36.0043525],[137.9751524,36.0042488],[137.9750581,36.0042667],[137.9750781,36.0043026],[137.9750862,36.0043414],[137.9750908,36.0043627]]]]}},{"type":"Feature","properties":{"fid":1390,"地目":"田"},"geometry":{"type":"MultiPolygon","coordinates":[[[[137.9765184,36.0044057],[137.9765673,36.0042737],[137.9762739,36.0042249],[137.976266,36.004248],[137.9762342,36.0043635],[137.9765184,36.0044057]]]]}},{"type":"Feature","properties":{"fid":1391,"地目":"田"},"geometry":{"type":"MultiPolygon","coordinates":[[[[137.9757351,36.0040811],[137.9756191,36.0045297],[137.9756458,36.0045271],[137.9757161,36.0044814],[137.9757696,36.0044478],[137.9758316,36.004402],[137.9759019,36.0043495],[137.9757351,36.0040811]]]]}},{"type":"Feature","properties":{"fid":1392,"地目":"畑"},"geometry":{"type":"MultiPolygon","coordinates":[[[[137.9762365,36.0030255],[137.9763253,36.0030349],[137.976333,36.0028869],[137.9762441,36.0028792],[137.9762365,36.0030255]]]]}},{"type":"Feature","properties":{"fid":1393,"地目":"畑"},"geometry":{"type":"MultiPolygon","coordinates":[[[[137.9749258,36.0029632],[137.9750792,36.0029789],[137.9751551,36.002916],[137.9751619,36.0028962],[137.9749391,36.0028659],[137.9749258,36.0029632]]]]}},{"type":"Feature","properties":{"fid":1394,"地目":"田"},"geometry":{"type":"MultiPolygon","coordinates":[[[[137.9746789,36.0030295],[137.9749166,36.0030305],[137.9749258,36.0029632],[137.9749391,36.0028659],[137.974954,36.0027563],[137.9748009,36.0027303],[137.9747608,36.0027374],[137.9747474,36.0027535],[137.9747316,36.0027824],[137.9747064,36.002896],[137.9746789,36.0030295]]]]}},{"type":"Feature","properties":{"fid":1395,"地目":"畑"},"geometry":{"type":"MultiPolygon","coordinates":[[[[137.973842,36.0059425],[137.9738325,36.0059777],[137.9738447,36.006003],[137.9738395,36.0060938],[137.9739093,36.0060966],[137.9739341,36.0061017],[137.9739368,36.006161],[137.9740315,36.0061602],[137.974032,36.006077],[137.9740369,36.0060455],[137.9740341,36.0060026],[137.9740316,36.0059264],[137.9740175,36.0059256],[137.9739679,36.0059203],[137.97394,36.0059189],[137.9738949,36.0059276],[137.973842,36.0059425]]]]}},{"type":"Feature","properties":{"fid":1396,"地目":"田"},"geometry":{"type":"MultiPolygon","coordinates":[[[[137.9202707,36.004324],[137.9202997,36.0043976],[137.9205771,36.0045805],[137.9207849,36.004313],[137.9208103,36.0042471],[137.9208237,36.0041842],[137.9208239,36.0041527],[137.9208373,36.0040838],[137.9208489,36.0040208],[137.9208161,36.0039547],[137.92069,36.0040411],[137.9202707,36.004324]]]]}},{"type":"Feature","properties":{"fid":1397,"地目":"畑"},"geometry":{"type":"MultiPolygon","coordinates":[[[[137.9182153,36.0042151],[137.9182725,36.0042732],[137.9183926,36.004155],[137.918259,36.0040231],[137.9181951,36.0040759],[137.918285,36.0041451],[137.9182153,36.0042151]]]]}},{"type":"Feature","properties":{"fid":1398,"地目":"畑"},"geometry":{"type":"MultiPolygon","coordinates":[[[[137.9181675,36.0042292],[137.9180806,36.0042958],[137.9180458,36.0043362],[137.9181431,36.0044162],[137.9181871,36.0044351],[137.9182509,36.0043637],[137.9182321,36.0043121],[137.9181998,36.0042652],[137.9181675,36.0042292]]]]}},{"type":"Feature","properties":{"fid":1399,"地目":"田"},"geometry":{"type":"MultiPolygon","coordinates":[[[[137.9205771,36.0045805],[137.9207348,36.0047282],[137.920822,36.0046597],[137.9207852,36.0043925],[137.9207849,36.004313],[137.9205771,36.0045805]]]]}},{"type":"Feature","properties":{"fid":1400,"地目":"田"},"geometry":{"type":"MultiPolygon","coordinates":[[[[137.9202939,36.0032675],[137.9198819,36.0035671],[137.9199039,36.0035874],[137.9199425,36.0036146],[137.9200083,36.0037049],[137.9204537,36.0033808],[137.9204263,36.0033357],[137.9203849,36.0033152],[137.9203435,36.0032993],[137.9203215,36.0032857],[137.9202939,36.0032675]]]]}},{"type":"Feature","properties":{"fid":1401,"地目":"畑"},"geometry":{"type":"MultiPolygon","coordinates":[[[[137.922243,36.0036289],[137.9224575,36.0034432],[137.9223892,36.0033236],[137.9221401,36.0035483],[137.922243,36.0036289]]]]}},{"type":"Feature","properties":{"fid":1402,"地目":"畑"},"geometry":{"type":"MultiPolygon","coordinates":[[[[137.9184058,36.0035043],[137.9184286,36.0035215],[137.9185029,36.0034345],[137.918423,36.0033969],[137.9184214,36.0034256],[137.9184058,36.0035043]]]]}},{"type":"Feature","properties":{"fid":1403,"地目":"田"},"geometry":{"type":"MultiPolygon","coordinates":[[[[137.918423,36.0033969],[137.9185029,36.0034345],[137.9185077,36.0034289],[137.9185681,36.0033562],[137.9184223,36.0032911],[137.9184254,36.0033569],[137.918423,36.0033969]]]]}},{"type":"Feature","properties":{"fid":1404,"地目":"畑"},"geometry":{"type":"MultiPolygon","coordinates":[[[[137.9219831,36.0039584],[137.9223116,36.0037058],[137.9218297,36.0033502],[137.9216565,36.0031829],[137.921266,36.0035612],[137.9213119,36.0036892],[137.9214415,36.0038006],[137.9215755,36.003655],[137.9219831,36.0039584]]]]}},{"type":"Feature","properties":{"fid":1405,"地目":"畑"},"geometry":{"type":"MultiPolygon","coordinates":[[[[137.9186563,36.0036966],[137.9188215,36.0035784],[137.9187627,36.0035371],[137.9187455,36.003537],[137.918711,36.0035429],[137.9186961,36.0035488],[137.9185835,36.0036402],[137.9186563,36.0036966]]]]}},{"type":"Feature","properties":{"fid":1406,"地目":"畑"},"geometry":{"type":"MultiPolygon","coordinates":[[[[137.9223892,36.0033236],[137.9223535,36.0032762],[137.9222986,36.003213],[137.9222104,36.0031563],[137.9221553,36.0031178],[137.9220716,36.0032096],[137.9218906,36.0033527],[137.9221401,36.0035483],[137.9223892,36.0033236]]]]}},{"type":"Feature","properties":{"fid":1407,"地目":"田"},"geometry":{"type":"MultiPolygon","coordinates":[[[[137.9200794,36.0030708],[137.9197633,36.0032975],[137.9197757,36.0033258],[137.9197864,36.0033821],[137.9197749,36.0034383],[137.9197886,36.0034608],[137.9198186,36.0035217],[137.9198572,36.0035444],[137.9198819,36.0035671],[137.9202939,36.0032675],[137.9202168,36.0032087],[137.9201564,36.0031476],[137.9200794,36.0030708]]]]}},{"type":"Feature","properties":{"fid":1408,"地目":"畑"},"geometry":{"type":"MultiPolygon","coordinates":[[[[137.9167812,36.0032264],[137.916738,36.0032658],[137.9168796,36.0033742],[137.9170374,36.003394],[137.9170578,36.0032657],[137.9169467,36.0031379],[137.9169006,36.0031651],[137.9167812,36.0032264]]]]}},{"type":"Feature","properties":{"fid":1409,"地目":"畑"},"geometry":{"type":"MultiPolygon","coordinates":[[[[137.9236043,36.0033721],[137.9236315,36.0033706],[137.9237346,36.0033223],[137.9237449,36.0032373],[137.9238597,36.0032436],[137.9238561,36.0031802],[137.923848,36.0031811],[137.9237416,36.0031585],[137.9235985,36.0031137],[137.9235257,36.0032646],[137.9235389,36.0033056],[137.92356,36.0033403],[137.9236043,36.0033721]]]]}},{"type":"Feature","properties":{"fid":1410,"地目":"畑"},"geometry":{"type":"MultiPolygon","coordinates":[[[[137.918726,36.0037519],[137.9189243,36.0036499],[137.9188215,36.0035784],[137.9186563,36.0036966],[137.918726,36.0037519]]]]}},{"type":"Feature","properties":{"fid":1411,"地目":"田"},"geometry":{"type":"MultiPolygon","coordinates":[[[[137.9204537,36.0033808],[137.9200083,36.0037049],[137.9201526,36.0038195],[137.9201818,36.0038541],[137.9202399,36.0039924],[137.9202621,36.0039895],[137.9204697,36.0038312],[137.9205572,36.0037644],[137.9205136,36.0036712],[137.9205599,36.0036489],[137.9204537,36.0033808]]]]}},{"type":"Feature","properties":{"fid":1412,"地目":"畑"},"geometry":{"type":"MultiPolygon","coordinates":[[[[137.919994,36.0029984],[137.9196991,36.0031949],[137.9197266,36.003231],[137.9197539,36.0032762],[137.9197633,36.0032975],[137.9200794,36.0030708],[137.919994,36.0029984]]]]}},{"type":"Feature","properties":{"fid":1413,"地目":"畑"},"geometry":{"type":"MultiPolygon","coordinates":[[[[137.9216565,36.0031829],[137.9212977,36.0028717],[137.9211491,36.0027472],[137.9210374,36.0028817],[137.9210034,36.002985],[137.9210249,36.0030751],[137.9210549,36.0031405],[137.9211373,36.0032354],[137.9212054,36.0033887],[137.921266,36.0035612],[137.9216565,36.0031829]]]]}},{"type":"Feature","properties":{"fid":1414,"地目":"畑"},"geometry":{"type":"MultiPolygon","coordinates":[[[[137.9168602,36.0029369],[137.9166341,36.0030799],[137.9167812,36.0032264],[137.9169006,36.0031651],[137.9169467,36.0031379],[137.9169672,36.0031259],[137.9170345,36.0030946],[137.9169582,36.0030061],[137.9168861,36.0029224],[137.9168602,36.0029369]]]]}},{"type":"Feature","properties":{"fid":1415,"地目":"畑"},"geometry":{"type":"MultiPolygon","coordinates":[[[[137.9179586,36.0030168],[137.9180626,36.0031288],[137.9181099,36.0030948],[137.9181633,36.0031524],[137.9182578,36.0030987],[137.9181537,36.0029939],[137.9180917,36.0030342],[137.9180216,36.0029749],[137.9179586,36.0030168]]]]}},{"type":"Feature","properties":{"fid":1416,"地目":"畑"},"geometry":{"type":"MultiPolygon","coordinates":[[[[137.9199005,36.0029191],[137.9196418,36.0030866],[137.9196609,36.0031295],[137.9196828,36.0031566],[137.9196991,36.0031949],[137.919994,36.0029984],[137.9199005,36.0029191]]]]}},{"type":"Feature","properties":{"fid":1417,"地目":"畑"},"geometry":{"type":"MultiPolygon","coordinates":[[[[137.9187542,36.0037751],[137.9188092,36.0038173],[137.9188581,36.0038606],[137.9188753,36.0038713],[137.9189992,36.0037542],[137.9189186,36.0036789],[137.9187542,36.0037751]]]]}},{"type":"Feature","properties":{"fid":1418,"地目":"畑"},"geometry":{"type":"MultiPolygon","coordinates":[[[[137.9169582,36.0030061],[137.9170345,36.0030946],[137.9172698,36.0029222],[137.9172234,36.0028554],[137.9171663,36.0028879],[137.9169582,36.0030061]]]]}},{"type":"Feature","properties":{"fid":1419,"地目":"畑"},"geometry":{"type":"MultiPolygon","coordinates":[[[[137.9221553,36.0031178],[137.922091,36.0030622],[137.922014,36.0029966],[137.9219619,36.0029221],[137.9219126,36.0028521],[137.921783,36.0027773],[137.9216394,36.0027203],[137.921562,36.0027065],[137.9215009,36.0027287],[137.9213488,36.0027077],[137.9211604,36.002727],[137.9213173,36.0028425],[137.9214906,36.0029986],[137.9216668,36.0031479],[137.9218906,36.0033527],[137.9220716,36.0032096],[137.9221553,36.0031178]]]]}},{"type":"Feature","properties":{"fid":1420,"地目":"畑"},"geometry":{"type":"MultiPolygon","coordinates":[[[[137.917919,36.0038272],[137.9180048,36.003904],[137.9180923,36.0038409],[137.9181379,36.003808],[137.9180753,36.0037173],[137.9179171,36.0038256],[137.917919,36.0038272]]]]}},{"type":"Feature","properties":{"fid":1421,"地目":"畑"},"geometry":{"type":"MultiPolygon","coordinates":[[[[137.9198126,36.0028287],[137.919587,36.0030076],[137.9196118,36.0030235],[137.9196418,36.0030866],[137.9199005,36.0029191],[137.9198126,36.0028287]]]]}},{"type":"Feature","properties":{"fid":1422,"地目":"畑"},"geometry":{"type":"MultiPolygon","coordinates":[[[[137.9188753,36.0038713],[137.9188888,36.0038797],[137.918917,36.0038928],[137.918944,36.003903],[137.9189661,36.0039101],[137.919102,36.0038337],[137.9190213,36.0037634],[137.9189992,36.0037542],[137.9188753,36.0038713]]]]}},{"type":"Feature","properties":{"fid":1423,"地目":"畑"},"geometry":{"type":"MultiPolygon","coordinates":[[[[137.9218244,36.0040769],[137.9219831,36.0039584],[137.9215755,36.003655],[137.9214415,36.0038006],[137.9218244,36.0040769]]]]}},{"type":"Feature","properties":{"fid":1424,"地目":"畑"},"geometry":{"type":"MultiPolygon","coordinates":[[[[137.9180923,36.0038409],[137.9180048,36.003904],[137.9179141,36.0039707],[137.9180076,36.0040475],[137.9180554,36.00401],[137.9181736,36.0039173],[137.9180923,36.0038409]]]]}},{"type":"Feature","properties":{"fid":1425,"地目":"畑"},"geometry":{"type":"MultiPolygon","coordinates":[[[[137.9180554,36.00401],[137.9181512,36.0040888],[137.9182361,36.0040299],[137.9183479,36.0039587],[137.9182527,36.0038616],[137.9181736,36.0039173],[137.9180554,36.00401]]]]}},{"type":"Feature","properties":{"fid":1426,"地目":"畑"},"geometry":{"type":"MultiPolygon","coordinates":[[[[137.9205572,36.0037644],[137.9204697,36.0038312],[137.9202621,36.0039895],[137.9202399,36.0039924],[137.9202285,36.0040373],[137.9201874,36.0041061],[137.9201592,36.0041705],[137.9201534,36.0042019],[137.9201773,36.0042246],[137.9202707,36.004324],[137.92069,36.0040411],[137.9208161,36.0039547],[137.9208053,36.0039141],[137.9206017,36.0037406],[137.9205572,36.0037644]]]]}},{"type":"Feature","properties":{"fid":1427,"地目":"畑"},"geometry":{"type":"MultiPolygon","coordinates":[[[[137.9238296,36.0035794],[137.9239675,36.003536],[137.923959,36.0033706],[137.9237633,36.0033744],[137.9237006,36.0034576],[137.9238296,36.0035794]]]]}},{"type":"Feature","properties":{"fid":1428,"地目":"畑"},"geometry":{"type":"MultiPolygon","coordinates":[[[[137.9239401,36.0038461],[137.924029,36.0038828],[137.9242021,36.0037954],[137.9241639,36.0037181],[137.9241115,36.0037225],[137.9241112,36.0037682],[137.9240239,36.003782],[137.9240109,36.0037095],[137.9241486,36.0036944],[137.9241087,36.0035761],[137.9239632,36.0035927],[137.9238408,36.0036409],[137.9239401,36.0038461]]]]}},{"type":"Feature","properties":{"fid":1429,"地目":"畑"},"geometry":{"type":"MultiPolygon","coordinates":[[[[137.924174,36.003663],[137.9242903,36.0036636],[137.9243186,36.0037661],[137.9245072,36.0036914],[137.9244678,36.0035148],[137.924394,36.0035286],[137.9241456,36.0035652],[137.924174,36.003663]]]]}},{"type":"Feature","properties":{"fid":1430,"地目":"畑"},"geometry":{"type":"MultiPolygon","coordinates":[[[[137.9244873,36.0039958],[137.9243844,36.0037949],[137.9242937,36.0038318],[137.9240281,36.0039699],[137.9241238,36.0040058],[137.9242022,36.0040251],[137.9243534,36.004014],[137.9244437,36.0039956],[137.9244873,36.0039958]]]]}},{"type":"Feature","properties":{"fid":1431,"地目":"畑"},"geometry":{"type":"MultiPolygon","coordinates":[[[[137.9240079,36.0033141],[137.9242251,36.0032979],[137.9242523,36.0032901],[137.9242661,36.0032634],[137.9242108,36.003134],[137.9240148,36.0031614],[137.9240115,36.0032353],[137.9240079,36.0033141]]]]}},{"type":"Feature","properties":{"fid":1432,"地目":"畑"},"geometry":{"type":"MultiPolygon","coordinates":[[[[137.9240115,36.0032353],[137.9240148,36.0031614],[137.9239062,36.0031751],[137.9238561,36.0031802],[137.9238597,36.0032436],[137.9238708,36.0032442],[137.9240115,36.0032353]]]]}},{"type":"Feature","properties":{"fid":1433,"地目":"田"},"geometry":{"type":"MultiPolygon","coordinates":[[[[137.9282098,36.0080754],[137.9281742,36.00804],[137.9280947,36.0079702],[137.9278681,36.0081566],[137.9279042,36.0081834],[137.9279874,36.0082354],[137.9280062,36.0082455],[137.9282098,36.0080754]]]]}},{"type":"Feature","properties":{"fid":1434,"地目":"田"},"geometry":{"type":"MultiPolygon","coordinates":[[[[137.9269887,36.0060804],[137.9275281,36.0057617],[137.9273791,36.0055823],[137.9268186,36.0058871],[137.9269887,36.0060804]]]]}},{"type":"Feature","properties":{"fid":1435,"地目":"畑"},"geometry":{"type":"MultiPolygon","coordinates":[[[[137.9298873,36.0095367],[137.9301605,36.0092904],[137.9299536,36.0091586],[137.9299331,36.0091751],[137.9297178,36.0093496],[137.9296502,36.0094157],[137.9298873,36.0095367]]]]}},{"type":"Feature","properties":{"fid":1436,"地目":"畑"},"geometry":{"type":"MultiPolygon","coordinates":[[[[137.9296964,36.0109214],[137.9298094,36.0110386],[137.929884,36.0109947],[137.929796,36.0108334],[137.9296964,36.0109214]]]]}},{"type":"Feature","properties":{"fid":1437,"地目":"畑"},"geometry":{"type":"MultiPolygon","coordinates":[[[[137.9278596,36.0092427],[137.9277829,36.009302],[137.927875,36.0093802],[137.9280394,36.0092416],[137.9279889,36.0092243],[137.9279627,36.0091931],[137.9279541,36.0091669],[137.9278596,36.0092427]]]]}},{"type":"Feature","properties":{"fid":1438,"地目":"畑"},"geometry":{"type":"MultiPolygon","coordinates":[[[[137.9247726,36.0034344],[137.9249783,36.003407],[137.9249672,36.0033329],[137.9250158,36.0033206],[137.9250047,36.0032433],[137.9247681,36.0032627],[137.9247726,36.0034344]]]]}},{"type":"Feature","properties":{"fid":1439,"地目":"畑"},"geometry":{"type":"MultiPolygon","coordinates":[[[[137.925246,36.0033784],[137.9254477,36.0033573],[137.9254349,36.003258],[137.9254025,36.0031791],[137.9252219,36.0032207],[137.925246,36.0033784]]]]}},{"type":"Feature","properties":{"fid":1440,"地目":"畑"},"geometry":{"type":"MultiPolygon","coordinates":[[[[137.9254025,36.0031791],[137.9254349,36.003258],[137.9255512,36.0032507],[137.9255661,36.0033326],[137.9257195,36.0032956],[137.9257404,36.0030894],[137.9256123,36.0031187],[137.9254025,36.0031791]]]]}},{"type":"Feature","properties":{"fid":1441,"地目":"畑"},"geometry":{"type":"MultiPolygon","coordinates":[[[[137.9257485,36.0030469],[137.9259094,36.0030335],[137.9259797,36.0029614],[137.925982,36.0029157],[137.9259668,36.0028684],[137.9257283,36.0028909],[137.9257485,36.0030469]]]]}},{"type":"Feature","properties":{"fid":1442,"地目":"畑"},"geometry":{"type":"MultiPolygon","coordinates":[[[[137.9254572,36.0031164],[137.9254138,36.0029508],[137.9252332,36.0030035],[137.9252099,36.0030144],[137.9252322,36.0031436],[137.9254572,36.0031164]]]]}},{"type":"Feature","properties":{"fid":1443,"地目":"畑"},"geometry":{"type":"MultiPolygon","coordinates":[[[[137.9252099,36.0030144],[137.9249926,36.0030448],[137.9248568,36.0030552],[137.9248681,36.0030946],[137.9249729,36.0030888],[137.9249994,36.0031724],[137.9252322,36.0031436],[137.9252099,36.0030144]]]]}},{"type":"Feature","properties":{"fid":1444,"地目":"畑"},"geometry":{"type":"MultiPolygon","coordinates":[[[[137.925008,36.0039557],[137.9253629,36.0039267],[137.9253427,36.0035156],[137.924996,36.0036037],[137.9248213,36.0036454],[137.9244599,36.0037641],[137.9243844,36.0037949],[137.9244873,36.0039958],[137.9245659,36.0039891],[137.9246735,36.0039848],[137.9248073,36.003976],[137.925008,36.0039557]]]]}},{"type":"Feature","properties":{"fid":1445,"地目":"畑"},"geometry":{"type":"MultiPolygon","coordinates":[[[[137.9289563,36.0097393],[137.9289615,36.0097165],[137.9289417,36.0097044],[137.9287874,36.009827],[137.9288613,36.0098769],[137.9289875,36.0097614],[137.9289563,36.0097393]]]]}},{"type":"Feature","properties":{"fid":1446,"地目":"畑"},"geometry":{"type":"MultiPolygon","coordinates":[[[[137.9288613,36.0098769],[137.9288263,36.0099277],[137.9289101,36.0099737],[137.9289564,36.0099619],[137.9289745,36.009966],[137.9290778,36.0098257],[137.9289875,36.0097614],[137.9288613,36.0098769]]]]}},{"type":"Feature","properties":{"fid":1447,"地目":"畑"},"geometry":{"type":"MultiPolygon","coordinates":[[[[137.9285142,36.0096289],[137.928377,36.0095438],[137.9282927,36.0094844],[137.9281456,36.0096365],[137.9282283,36.0096905],[137.9284016,36.0098092],[137.9284506,36.0097249],[137.9285142,36.0096289]]]]}},{"type":"Feature","properties":{"fid":1448,"地目":"畑"},"geometry":{"type":"MultiPolygon","coordinates":[[[[137.929576,36.0097455],[137.9296084,36.0097242],[137.929591,36.009705],[137.9296413,36.009648],[137.9295038,36.0095758],[137.929424,36.0096589],[137.9295,36.0097046],[137.929576,36.0097455]]]]}},{"type":"Feature","properties":{"fid":1449,"地目":"畑"},"geometry":{"type":"MultiPolygon","coordinates":[[[[137.928479,36.0097987],[137.9286303,36.0098758],[137.9286785,36.0098238],[137.9287182,36.0098146],[137.9287053,36.0097716],[137.9285674,36.0096744],[137.9285291,36.0097212],[137.9285007,36.0097599],[137.928479,36.0097987]]]]}},{"type":"Feature","properties":{"fid":1450,"地目":"畑"},"geometry":{"type":"MultiPolygon","coordinates":[[[[137.9286219,36.0098959],[137.9287107,36.0099325],[137.9287701,36.0099342],[137.9287623,36.0098711],[137.928736,36.0098603],[137.9287115,36.0098253],[137.9286949,36.0098319],[137.9286219,36.0098959]]]]}},{"type":"Feature","properties":{"fid":1451,"地目":"畑"},"geometry":{"type":"MultiPolygon","coordinates":[[[[137.9289827,36.0099767],[137.929315,36.0101191],[137.9293936,36.0099827],[137.9291303,36.0098729],[137.9291021,36.0099009],[137.9290576,36.0098806],[137.9289827,36.0099767]]]]}},{"type":"Feature","properties":{"fid":1452,"地目":"田"},"geometry":{"type":"MultiPolygon","coordinates":[[[[137.9271516,36.008087],[137.9271598,36.0080854],[137.9272026,36.0080648],[137.9271553,36.0080281],[137.9271099,36.0079706],[137.9270952,36.0079076],[137.9270876,36.0078172],[137.9269414,36.0078081],[137.9269145,36.0078164],[137.9268978,36.0078481],[137.9269037,36.0078833],[137.9269118,36.0079051],[137.9269896,36.0079774],[137.9270675,36.0080364],[137.9271516,36.008087]]]]}},{"type":"Feature","properties":{"fid":1453,"地目":"畑"},"geometry":{"type":"MultiPolygon","coordinates":[[[[137.9273922,36.0080179],[137.9274823,36.0079413],[137.927429,36.0079025],[137.9273818,36.0078772],[137.9273387,36.0078569],[137.9273181,36.0078484],[137.9273015,36.0078668],[137.9272808,36.0078851],[137.927346,36.0079875],[137.9273922,36.0080179]]]]}},{"type":"Feature","properties":{"fid":1454,"地目":"田"},"geometry":{"type":"MultiPolygon","coordinates":[[[[137.9299904,36.0077851],[137.9298132,36.0079242],[137.9300398,36.008097],[137.9300797,36.0080516],[137.9301947,36.0081353],[137.9302844,36.008066],[137.9299904,36.0077851]]]]}},{"type":"Feature","properties":{"fid":1455,"地目":"田"},"geometry":{"type":"MultiPolygon","coordinates":[[[[137.9293856,36.0076617],[137.9289377,36.0080563],[137.9292113,36.0082535],[137.9296561,36.0078639],[137.9293856,36.0076617]]]]}},{"type":"Feature","properties":{"fid":1456,"地目":"田"},"geometry":{"type":"MultiPolygon","coordinates":[[[[137.9273281,36.0075821],[137.9271625,36.0076768],[137.9272714,36.0077208],[137.9273289,36.0077479],[137.9273823,36.0077732],[137.9274419,36.0078003],[137.9274952,36.0078374],[137.9275526,36.0078712],[137.9276202,36.00792],[137.9276305,36.0079301],[137.927978,36.0076194],[137.9277503,36.0073517],[137.9273281,36.0075821]]]]}},{"type":"Feature","properties":{"fid":1457,"地目":"田"},"geometry":{"type":"MultiPolygon","coordinates":[[[[137.9293856,36.0076617],[137.9289951,36.0073836],[137.9285719,36.0077834],[137.9289377,36.0080563],[137.9293856,36.0076617]]]]}},{"type":"Feature","properties":{"fid":1458,"地目":"畑"},"geometry":{"type":"MultiPolygon","coordinates":[[[[137.9264559,36.0076836],[137.9263814,36.0077398],[137.926552,36.0078687],[137.9266265,36.0078163],[137.9265553,36.0077738],[137.9265112,36.0077329],[137.9264559,36.0076836]]]]}},{"type":"Feature","properties":{"fid":1459,"地目":"田"},"geometry":{"type":"MultiPolygon","coordinates":[[[[137.9280262,36.007683],[137.928121,36.0077805],[137.9280368,36.0078694],[137.9283145,36.0081152],[137.9285598,36.0078835],[137.9281392,36.0075788],[137.9280262,36.007683]]]]}},{"type":"Feature","properties":{"fid":1460,"地目":"畑"},"geometry":{"type":"MultiPolygon","coordinates":[[[[137.9272943,36.0081333],[137.9272445,36.008097],[137.9272026,36.0080648],[137.9271598,36.0080854],[137.9271516,36.008087],[137.9272943,36.0081333]]]]}},{"type":"Feature","properties":{"fid":1461,"地目":"田"},"geometry":{"type":"MultiPolygon","coordinates":[[[[137.9285598,36.0078835],[137.9283145,36.0081152],[137.9285468,36.0083608],[137.928833,36.0080789],[137.9285598,36.0078835]]]]}},{"type":"Feature","properties":{"fid":1462,"地目":"田"},"geometry":{"type":"MultiPolygon","coordinates":[[[[137.9278681,36.0081566],[137.9280947,36.0079702],[137.9280028,36.0078723],[137.9278906,36.0077979],[137.9277828,36.0078845],[137.9276675,36.0079918],[137.9277993,36.0081076],[137.9278681,36.0081566]]]]}},{"type":"Feature","properties":{"fid":1463,"地目":"畑"},"geometry":{"type":"MultiPolygon","coordinates":[[[[137.9271099,36.0079706],[137.9271553,36.0080281],[137.9272026,36.0080648],[137.9272662,36.0080056],[137.9272619,36.0079669],[137.9271099,36.0079706]]]]}},{"type":"Feature","properties":{"fid":1464,"地目":"畑"},"geometry":{"type":"MultiPolygon","coordinates":[[[[137.9272662,36.0080056],[137.9273985,36.008125],[137.927469,36.0080685],[137.9273922,36.0080179],[137.927346,36.0079875],[137.9272808,36.0078851],[137.9272623,36.0078816],[137.9272619,36.0079669],[137.9272662,36.0080056]]]]}},{"type":"Feature","properties":{"fid":1465,"地目":"畑"},"geometry":{"type":"MultiPolygon","coordinates":[[[[137.9273778,36.0081468],[137.9273985,36.008125],[137.9272662,36.0080056],[137.9272026,36.0080648],[137.9272445,36.008097],[137.9272943,36.0081333],[137.9273778,36.0081468]]]]}},{"type":"Feature","properties":{"fid":1466,"地目":"畑"},"geometry":{"type":"MultiPolygon","coordinates":[[[[137.9275674,36.0082645],[137.9276507,36.0083106],[137.9276611,36.0083186],[137.9278096,36.0081992],[137.9277193,36.008122],[137.9275674,36.0082645]]]]}},{"type":"Feature","properties":{"fid":1467,"地目":"田"},"geometry":{"type":"MultiPolygon","coordinates":[[[[137.9292113,36.0082535],[137.9294761,36.0084594],[137.9294849,36.0084595],[137.9299338,36.0080777],[137.9299252,36.0080538],[137.9296561,36.0078639],[137.9292113,36.0082535]]]]}},{"type":"Feature","properties":{"fid":1468,"地目":"畑"},"geometry":{"type":"MultiPolygon","coordinates":[[[[137.9276343,36.0080684],[137.9274517,36.0081856],[137.9275674,36.0082645],[137.9277193,36.008122],[137.9276525,36.0080641],[137.9276343,36.0080684]]]]}},{"type":"Feature","properties":{"fid":1469,"地目":"畑"},"geometry":{"type":"MultiPolygon","coordinates":[[[[137.9301947,36.0081353],[137.9301515,36.0081673],[137.9303781,36.0083508],[137.9305176,36.0082334],[137.9302844,36.008066],[137.9301947,36.0081353]]]]}},{"type":"Feature","properties":{"fid":1470,"地目":"田"},"geometry":{"type":"MultiPolygon","coordinates":[[[[137.9291309,36.0083076],[137.928912,36.0081372],[137.9288886,36.0081228],[137.928868,36.0081298],[137.9285635,36.0084265],[137.928528,36.0084788],[137.9286623,36.0085772],[137.9286859,36.0085535],[137.9287677,36.0086135],[137.9288947,36.0084996],[137.9291309,36.0083076]]]]}},{"type":"Feature","properties":{"fid":1471,"地目":"田"},"geometry":{"type":"MultiPolygon","coordinates":[[[[137.9299327,36.0085286],[137.9301145,36.0086652],[137.9301992,36.0087228],[137.9303108,36.0086244],[137.9304709,36.0084833],[137.9302141,36.0082817],[137.9299327,36.0085286]]]]}},{"type":"Feature","properties":{"fid":1472,"地目":"畑"},"geometry":{"type":"MultiPolygon","coordinates":[[[[137.9276611,36.0083186],[137.9277302,36.0083715],[137.9278691,36.0082585],[137.9278096,36.0081992],[137.9276611,36.0083186]]]]}},{"type":"Feature","properties":{"fid":1473,"地目":"畑"},"geometry":{"type":"MultiPolygon","coordinates":[[[[137.9305176,36.0082334],[137.9303781,36.0083508],[137.9304896,36.0084452],[137.9306293,36.0083117],[137.9305176,36.0082334]]]]}},{"type":"Feature","properties":{"fid":1474,"地目":"畑"},"geometry":{"type":"MultiPolygon","coordinates":[[[[137.9283982,36.008273],[137.9282573,36.0083608],[137.9283117,36.0083817],[137.9283932,36.0084175],[137.9284536,36.0083528],[137.9284105,36.0082862],[137.9283982,36.008273]]]]}},{"type":"Feature","properties":{"fid":1475,"地目":"田"},"geometry":{"type":"MultiPolygon","coordinates":[[[[137.9295107,36.0084718],[137.9297681,36.0086731],[137.9299327,36.0085286],[137.9302141,36.0082817],[137.9299632,36.0080843],[137.9295107,36.0084718]]]]}},{"type":"Feature","properties":{"fid":1476,"地目":"畑"},"geometry":{"type":"MultiPolygon","coordinates":[[[[137.9274609,36.0089805],[137.9275249,36.0089489],[137.9275694,36.0089072],[137.9276238,36.0088497],[137.9276436,36.0088259],[137.9274169,36.0086295],[137.9272961,36.0087106],[137.9272677,36.0087327],[137.9274609,36.0089805]]]]}},{"type":"Feature","properties":{"fid":1477,"地目":"畑"},"geometry":{"type":"MultiPolygon","coordinates":[[[[137.9279342,36.0089178],[137.9279562,36.0088923],[137.9279709,36.0088688],[137.927867,36.0088428],[137.9278249,36.0088547],[137.9279342,36.0089178]]]]}},{"type":"Feature","properties":{"fid":1478,"地目":"畑"},"geometry":{"type":"MultiPolygon","coordinates":[[[[137.9297681,36.0086731],[137.9300426,36.0088675],[137.9301371,36.0087869],[137.9300554,36.0087174],[137.9301145,36.0086652],[137.9299327,36.0085286],[137.9297681,36.0086731]]]]}},{"type":"Feature","properties":{"fid":1479,"地目":"田"},"geometry":{"type":"MultiPolygon","coordinates":[[[[137.9296716,36.0086919],[137.9294283,36.0085086],[137.929414,36.0085119],[137.9291434,36.0087408],[137.9293891,36.0088579],[137.9296716,36.0086919]]]]}},{"type":"Feature","properties":{"fid":1480,"地目":"畑"},"geometry":{"type":"MultiPolygon","coordinates":[[[[137.9285686,36.009132],[137.9286538,36.0090518],[137.928637,36.009034],[137.9286348,36.0090085],[137.9286303,36.0089632],[137.9286182,36.0089612],[137.928538,36.009008],[137.92855,36.0090257],[137.9285281,36.0090453],[137.9285089,36.0090314],[137.9284579,36.0090509],[137.9285277,36.0091023],[137.9285686,36.009132]]]]}},{"type":"Feature","properties":{"fid":1481,"地目":"畑"},"geometry":{"type":"MultiPolygon","coordinates":[[[[137.9281456,36.0096365],[137.9282927,36.0094844],[137.9281532,36.0093776],[137.928046,36.0094813],[137.9279948,36.009538],[137.9281456,36.0096365]]]]}},{"type":"Feature","properties":{"fid":1482,"地目":"畑"},"geometry":{"type":"MultiPolygon","coordinates":[[[[137.927819,36.0089901],[137.9277745,36.0090417],[137.9278135,36.0090698],[137.9277346,36.0091272],[137.9278596,36.0092427],[137.9279541,36.0091669],[137.9280664,36.0090601],[137.9280103,36.008993],[137.9280491,36.0089232],[137.9280737,36.0088634],[137.9280262,36.0088197],[137.9279709,36.0088688],[137.9279562,36.0088923],[137.9279342,36.0089178],[137.9279323,36.0089249],[137.9278951,36.0089746],[137.927863,36.0090063],[137.927819,36.0089901]]]]}},{"type":"Feature","properties":{"fid":1483,"地目":"畑"},"geometry":{"type":"MultiPolygon","coordinates":[[[[137.9288065,36.0090112],[137.9286911,36.0090715],[137.9287608,36.0091322],[137.928784,36.00915],[137.9288,36.009171],[137.9288079,36.0091966],[137.9288148,36.0092425],[137.9288285,36.0092406],[137.9288391,36.0092236],[137.928845,36.0091961],[137.9288362,36.0091908],[137.9288499,36.0091811],[137.9288508,36.0091666],[137.9288495,36.0091267],[137.9288457,36.0091031],[137.928837,36.0090729],[137.9288065,36.0090112]]]]}},{"type":"Feature","properties":{"fid":1484,"地目":"田"},"geometry":{"type":"MultiPolygon","coordinates":[[[[137.9301605,36.0092904],[137.9303656,36.0091043],[137.9303556,36.0090843],[137.9301301,36.0089872],[137.9299536,36.0091586],[137.9301605,36.0092904]]]]}},{"type":"Feature","properties":{"fid":1485,"地目":"畑"},"geometry":{"type":"MultiPolygon","coordinates":[[[[137.9291434,36.0087408],[137.9291262,36.0088566],[137.9292879,36.0090445],[137.9294209,36.0089789],[137.9293501,36.0089007],[137.9293891,36.0088579],[137.9291434,36.0087408]]]]}},{"type":"Feature","properties":{"fid":1486,"地目":"畑"},"geometry":{"type":"MultiPolygon","coordinates":[[[[137.9277432,36.0089499],[137.927819,36.0089901],[137.927863,36.0090063],[137.9278951,36.0089746],[137.9279323,36.0089249],[137.9279342,36.0089178],[137.9278249,36.0088547],[137.9277432,36.0089499]]]]}},{"type":"Feature","properties":{"fid":1487,"地目":"田"},"geometry":{"type":"MultiPolygon","coordinates":[[[[137.9299331,36.0091751],[137.9298033,36.009085],[137.9297663,36.0091213],[137.9296222,36.0092958],[137.9297178,36.0093496],[137.9299331,36.0091751]]]]}},{"type":"Feature","properties":{"fid":1488,"地目":"田"},"geometry":{"type":"MultiPolygon","coordinates":[[[[137.9296222,36.0092958],[137.9297663,36.0091213],[137.9296528,36.0090413],[137.9295482,36.0091269],[137.9295867,36.0091651],[137.9295007,36.009221],[137.9296222,36.0092958]]]]}},{"type":"Feature","properties":{"fid":1489,"地目":"畑"},"geometry":{"type":"MultiPolygon","coordinates":[[[[137.9291313,36.0092905],[137.9291723,36.0092476],[137.9292215,36.0092164],[137.9292767,36.0091918],[137.9293134,36.0091804],[137.9293482,36.0091673],[137.9293951,36.009156],[137.9294361,36.009123],[137.9294546,36.0091066],[137.9294772,36.0090868],[137.9294469,36.0090403],[137.9290726,36.0092289],[137.9291313,36.0092905]]]]}},{"type":"Feature","properties":{"fid":1490,"地目":"畑"},"geometry":{"type":"MultiPolygon","coordinates":[[[[137.9298097,36.0096067],[137.9298873,36.0095367],[137.9296502,36.0094157],[137.9296214,36.0094402],[137.9296147,36.0095147],[137.9297001,36.0095416],[137.9298097,36.0096067]]]]}},{"type":"Feature","properties":{"fid":1491,"地目":"畑"},"geometry":{"type":"MultiPolygon","coordinates":[[[[137.9285142,36.0096289],[137.9285897,36.0095605],[137.9286483,36.0094881],[137.9287459,36.0093686],[137.9286736,36.0093329],[137.9285518,36.0094483],[137.9284651,36.0093929],[137.9284919,36.0093674],[137.928415,36.0093061],[137.9284442,36.0092729],[137.9283744,36.0092214],[137.9283453,36.009241],[137.9282851,36.0091974],[137.9284313,36.0090468],[137.928364,36.0089895],[137.9283299,36.0090188],[137.928342,36.0090287],[137.9283128,36.0090521],[137.9282646,36.0090224],[137.928143,36.0091122],[137.928167,36.009134],[137.9280394,36.0092416],[137.927875,36.0093802],[137.928046,36.0094813],[137.9281532,36.0093776],[137.9282927,36.0094844],[137.928377,36.0095438],[137.9285142,36.0096289]]]]}},{"type":"Feature","properties":{"fid":1492,"地目":"畑"},"geometry":{"type":"MultiPolygon","coordinates":[[[[137.9290818,36.009488],[137.9292076,36.0095506],[137.9292748,36.009589],[137.9293577,36.0094964],[137.9292991,36.0094794],[137.9292581,36.0094697],[137.9292025,36.0094432],[137.929144,36.0094167],[137.9290818,36.009488]]]]}},{"type":"Feature","properties":{"fid":1493,"地目":"田"},"geometry":{"type":"MultiPolygon","coordinates":[[[[137.9277687,36.0060269],[137.9283333,36.0057304],[137.9282166,36.0056448],[137.9281198,36.0056298],[137.9280764,36.0056276],[137.9276588,36.0058681],[137.9276485,36.0058826],[137.9277687,36.0060269]]]]}},{"type":"Feature","properties":{"fid":1494,"地目":"田"},"geometry":{"type":"MultiPolygon","coordinates":[[[[137.9278357,36.0061073],[137.9283991,36.0058094],[137.9283333,36.0057304],[137.9277687,36.0060269],[137.9278357,36.0061073]]]]}},{"type":"Feature","properties":{"fid":1495,"地目":"田"},"geometry":{"type":"MultiPolygon","coordinates":[[[[137.9277423,36.0055248],[137.9278637,36.005678],[137.9280052,36.0056057],[137.9280503,36.005586],[137.9280544,36.0055711],[137.9280341,36.0055577],[137.9279913,36.0055475],[137.9277423,36.0055248]]]]}},{"type":"Feature","properties":{"fid":1496,"地目":"田"},"geometry":{"type":"MultiPolygon","coordinates":[[[[137.9276053,36.0058344],[137.9278637,36.005678],[137.9277423,36.0055248],[137.9276648,36.0055144],[137.9275422,36.0055122],[137.9274646,36.0055118],[137.92734,36.0055179],[137.9276053,36.0058344]]]]}},{"type":"Feature","properties":{"fid":1497,"地目":"田"},"geometry":{"type":"MultiPolygon","coordinates":[[[[137.9268186,36.0058871],[137.9273791,36.0055823],[137.9273338,36.0055278],[137.9273216,36.0055211],[137.9266588,36.0056723],[137.9266464,36.0056855],[137.9268186,36.0058871]]]]}},{"type":"Feature","properties":{"fid":1498,"地目":"田"},"geometry":{"type":"MultiPolygon","coordinates":[[[[137.9280456,36.0063571],[137.9285937,36.0060674],[137.9283991,36.0058094],[137.9278357,36.0061073],[137.9280456,36.0063571]]]]}},{"type":"Feature","properties":{"fid":1499,"地目":"田"},"geometry":{"type":"MultiPolygon","coordinates":[[[[137.9266799,36.0063082],[137.926241,36.0057721],[137.9260041,36.0058251],[137.9259979,36.00584],[137.9259893,36.0058898],[137.9259904,36.0059116],[137.9262918,36.0062443],[137.9264675,36.0064382],[137.9264797,36.0064315],[137.9266799,36.0063082]]]]}},{"type":"Feature","properties":{"fid":1500,"地目":"田"},"geometry":{"type":"MultiPolygon","coordinates":[[[[137.9250181,36.0062277],[137.9250672,36.0062056],[137.9251164,36.0061859],[137.9251685,36.0061861],[137.9252574,36.0061816],[137.9253804,36.0062055],[137.9253786,36.0059382],[137.9252958,36.0059503],[137.9252252,36.0059698],[137.9250809,36.006009],[137.9249549,36.0060606],[137.9250181,36.0062277]]]]}},{"type":"Feature","properties":{"fid":1501,"地目":"田"},"geometry":{"type":"MultiPolygon","coordinates":[[[[137.9270292,36.0061354],[137.9275726,36.0058393],[137.9275828,36.0058277],[137.9275281,36.0057617],[137.9269887,36.0060804],[137.9270292,36.0061354]]]]}},{"type":"Feature","properties":{"fid":1502,"地目":"田"},"geometry":{"type":"MultiPolygon","coordinates":[[[[137.9265564,36.0057016],[137.926241,36.0057721],[137.9266799,36.0063082],[137.926691,36.0063014],[137.9269329,36.0061681],[137.9269453,36.0061565],[137.9269433,36.0061416],[137.9265564,36.0057016]]]]}},{"type":"Feature","properties":{"fid":1503,"地目":"田"},"geometry":{"type":"MultiPolygon","coordinates":[[[[137.9284656,36.005789],[137.9288196,36.0062219],[137.9289964,36.0061253],[137.9288496,36.0059567],[137.9287557,36.0058941],[137.9284964,36.0057643],[137.9284656,36.005789]]]]}},{"type":"Feature","properties":{"fid":1504,"地目":"田"},"geometry":{"type":"MultiPolygon","coordinates":[[[[137.9253961,36.0060878],[137.9254569,36.006083],[137.9255367,36.0060668],[137.9256361,36.0060449],[137.9256471,36.0060425],[137.9257516,36.0059982],[137.9257238,36.0058885],[137.9256646,36.0058949],[137.9255623,36.005911],[137.9253926,36.0059384],[137.9253961,36.0060878]]]]}},{"type":"Feature","properties":{"fid":1505,"地目":"田"},"geometry":{"type":"MultiPolygon","coordinates":[[[[137.9282454,36.0066089],[137.9288063,36.0062985],[137.9287482,36.0062195],[137.9285937,36.0060674],[137.9280456,36.0063571],[137.9282454,36.0066089]]]]}},{"type":"Feature","properties":{"fid":1506,"地目":"畑"},"geometry":{"type":"MultiPolygon","coordinates":[[[[137.9253251,36.0062691],[137.9253448,36.0064581],[137.9254036,36.0064526],[137.9254214,36.0062581],[137.9253251,36.0062691]]]]}},{"type":"Feature","properties":{"fid":1507,"地目":"畑"},"geometry":{"type":"MultiPolygon","coordinates":[[[[137.9250571,36.0063022],[137.9250663,36.0063384],[137.9250824,36.0063767],[137.9250987,36.0063958],[137.9251713,36.0064229],[137.9252923,36.0064736],[137.9253448,36.0064581],[137.9253251,36.0062691],[137.9252664,36.006265],[137.9251583,36.0062778],[137.9251066,36.0062814],[137.9250571,36.0063022]]]]}},{"type":"Feature","properties":{"fid":1508,"地目":"田"},"geometry":{"type":"MultiPolygon","coordinates":[[[[137.9263218,36.0065186],[137.9264675,36.0064382],[137.9262918,36.0062443],[137.92617,36.0063221],[137.9261964,36.0063471],[137.9262451,36.0063905],[137.9262834,36.0064537],[137.9263218,36.0065186]]]]}},{"type":"Feature","properties":{"fid":1509,"地目":"田"},"geometry":{"type":"MultiPolygon","coordinates":[[[[137.9276152,36.0058754],[137.9270722,36.0061792],[137.9272714,36.0064111],[137.9278174,36.0061199],[137.9276152,36.0058754]]]]}},{"type":"Feature","properties":{"fid":1510,"地目":"田"},"geometry":{"type":"MultiPolygon","coordinates":[[[[137.9253988,36.0062072],[137.9256337,36.0062117],[137.9256361,36.0060449],[137.9255367,36.0060668],[137.9254569,36.006083],[137.9253961,36.0060878],[137.9253988,36.0062072]]]]}},{"type":"Feature","properties":{"fid":1511,"地目":"田"},"geometry":{"type":"MultiPolygon","coordinates":[[[[137.92617,36.0063221],[137.9262918,36.0062443],[137.9259904,36.0059116],[137.9259911,36.0059263],[137.9259479,36.0062447],[137.9259806,36.0062465],[137.9260275,36.0062617],[137.9261008,36.0062869],[137.92617,36.0063221]]]]}},{"type":"Feature","properties":{"fid":1512,"地目":"田"},"geometry":{"type":"MultiPolygon","coordinates":[[[[137.9289964,36.0061253],[137.9288196,36.0062219],[137.9289409,36.0063821],[137.9291433,36.0062732],[137.9289964,36.0061253]]]]}},{"type":"Feature","properties":{"fid":1513,"地目":"畑"},"geometry":{"type":"MultiPolygon","coordinates":[[[[137.9253448,36.0064581],[137.9252923,36.0064736],[137.9253436,36.0065235],[137.9253684,36.0065566],[137.9253854,36.0065911],[137.9253953,36.0066074],[137.9255012,36.0065942],[137.9255606,36.0066008],[137.9256107,36.006601],[137.9257063,36.0065901],[137.9257595,36.0065979],[137.9257695,36.0065064],[137.9257543,36.0064415],[137.9254036,36.0064526],[137.9253448,36.0064581]]]]}},{"type":"Feature","properties":{"fid":1514,"地目":"畑"},"geometry":{"type":"MultiPolygon","coordinates":[[[[137.9266266,36.0066047],[137.9267724,36.0067747],[137.9267888,36.0067843],[137.9272369,36.0065155],[137.9271043,36.0063336],[137.9266266,36.0066047]]]]}},{"type":"Feature","properties":{"fid":1515,"地目":"田"},"geometry":{"type":"MultiPolygon","coordinates":[[[[137.9283232,36.0066999],[137.9284553,36.0068545],[137.9288359,36.0066449],[137.9290189,36.0065441],[137.9288899,36.0063798],[137.9283232,36.0066999]]]]}},{"type":"Feature","properties":{"fid":1516,"地目":"田"},"geometry":{"type":"MultiPolygon","coordinates":[[[[137.9272714,36.0064111],[137.9274735,36.0066632],[137.9280246,36.0063685],[137.9278174,36.0061199],[137.9272714,36.0064111]]]]}},{"type":"Feature","properties":{"fid":1517,"地目":"田"},"geometry":{"type":"MultiPolygon","coordinates":[[[[137.926521,36.0064816],[137.9266266,36.0066047],[137.9271043,36.0063336],[137.9270136,36.0062207],[137.926976,36.0062281],[137.926521,36.0064816]]]]}},{"type":"Feature","properties":{"fid":1518,"地目":"田"},"geometry":{"type":"MultiPolygon","coordinates":[[[[137.9282454,36.0066089],[137.9283232,36.0066999],[137.9288899,36.0063798],[137.9288063,36.0062985],[137.9282454,36.0066089]]]]}},{"type":"Feature","properties":{"fid":1519,"地目":"畑"},"geometry":{"type":"MultiPolygon","coordinates":[[[[137.9257695,36.0065064],[137.9257595,36.0065979],[137.92575,36.0066081],[137.9257845,36.0066006],[137.9259996,36.0065139],[137.9258658,36.0063899],[137.9257695,36.0065064]]]]}},{"type":"Feature","properties":{"fid":1520,"地目":"畑"},"geometry":{"type":"MultiPolygon","coordinates":[[[[137.9262906,36.0067404],[137.9262867,36.0066373],[137.9262713,36.0066055],[137.9261111,36.0066734],[137.9261558,36.006769],[137.9262906,36.0067404]]]]}},{"type":"Feature","properties":{"fid":1521,"地目":"畑"},"geometry":{"type":"MultiPolygon","coordinates":[[[[137.925824,36.0067636],[137.9259542,36.0067184],[137.9259233,36.006675],[137.9258039,36.0067241],[137.925824,36.0067636]]]]}},{"type":"Feature","properties":{"fid":1522,"地目":"田"},"geometry":{"type":"MultiPolygon","coordinates":[[[[137.9288359,36.0066449],[137.929122,36.0069616],[137.9292148,36.0069126],[137.9291668,36.006714],[137.9290189,36.0065441],[137.9288359,36.0066449]]]]}},{"type":"Feature","properties":{"fid":1523,"地目":"田"},"geometry":{"type":"MultiPolygon","coordinates":[[[[137.9267888,36.0067843],[137.9267754,36.0068456],[137.9267287,36.0068981],[137.9266385,36.0069755],[137.9267309,36.0070497],[137.9268491,36.0071446],[137.9268949,36.0070762],[137.9269714,36.0070397],[137.927459,36.006766],[137.9272721,36.0065391],[137.9272369,36.0065155],[137.9267888,36.0067843]]]]}},{"type":"Feature","properties":{"fid":1524,"地目":"畑"},"geometry":{"type":"MultiPolygon","coordinates":[[[[137.925939,36.0066675],[137.9259923,36.0066499],[137.9259382,36.0065581],[137.9258833,36.0065769],[137.925939,36.0066675]]]]}},{"type":"Feature","properties":{"fid":1525,"地目":"田"},"geometry":{"type":"MultiPolygon","coordinates":[[[[137.9274735,36.0066632],[137.9276912,36.0069103],[137.9282311,36.0066065],[137.928038,36.0063846],[137.9280246,36.0063685],[137.9274735,36.0066632]]]]}},{"type":"Feature","properties":{"fid":1526,"地目":"田"},"geometry":{"type":"MultiPolygon","coordinates":[[[[137.9263754,36.0068052],[137.9267724,36.0067747],[137.9266266,36.0066047],[137.926521,36.0064816],[137.9263559,36.0065819],[137.926351,36.0066105],[137.9263555,36.006641],[137.926362,36.0067059],[137.9263754,36.0068052]]]]}},{"type":"Feature","properties":{"fid":1527,"地目":"畑"},"geometry":{"type":"MultiPolygon","coordinates":[[[[137.9253953,36.0066074],[137.9254009,36.0066166],[137.9254099,36.0066649],[137.9254159,36.0067082],[137.9254172,36.0067413],[137.9255378,36.0067292],[137.9255739,36.0067166],[137.9256161,36.0067181],[137.925649,36.0067195],[137.9256928,36.0067286],[137.9257318,36.006739],[137.9257506,36.0067378],[137.9257709,36.006743],[137.92575,36.0066081],[137.9257595,36.0065979],[137.9257063,36.0065901],[137.9256107,36.006601],[137.9255606,36.0066008],[137.9255012,36.0065942],[137.9253953,36.0066074]]]]}},{"type":"Feature","properties":{"fid":1528,"地目":"田"},"geometry":{"type":"MultiPolygon","coordinates":[[[[137.9282785,36.006846],[137.9284795,36.0073008],[137.9286967,36.0071813],[137.9283812,36.0067931],[137.9282785,36.006846]]]]}},{"type":"Feature","properties":{"fid":1529,"地目":"田"},"geometry":{"type":"MultiPolygon","coordinates":[[[[137.9268949,36.0070762],[137.9271134,36.0073434],[137.9276879,36.0070239],[137.927459,36.006766],[137.9269714,36.0070397],[137.9268949,36.0070762]]]]}},{"type":"Feature","properties":{"fid":1530,"地目":"畑"},"geometry":{"type":"MultiPolygon","coordinates":[[[[137.9266385,36.0069755],[137.9265407,36.0070527],[137.9266155,36.0071157],[137.9266661,36.0070885],[137.9267309,36.0070497],[137.9266385,36.0069755]]]]}},{"type":"Feature","properties":{"fid":1531,"地目":"田"},"geometry":{"type":"MultiPolygon","coordinates":[[[[137.9276912,36.0069103],[137.9278166,36.0070842],[137.9282785,36.006846],[137.9283812,36.0067931],[137.9282311,36.0066065],[137.9276912,36.0069103]]]]}},{"type":"Feature","properties":{"fid":1532,"地目":"田"},"geometry":{"type":"MultiPolygon","coordinates":[[[[137.9284553,36.0068545],[137.9287246,36.0071714],[137.929122,36.0069616],[137.9288359,36.0066449],[137.9284553,36.0068545]]]]}},{"type":"Feature","properties":{"fid":1533,"地目":"田"},"geometry":{"type":"MultiPolygon","coordinates":[[[[137.9273281,36.0075821],[137.9277503,36.0073517],[137.927876,36.0072832],[137.9278907,36.0072751],[137.9276947,36.0070315],[137.9276879,36.0070239],[137.9271134,36.0073434],[137.9271503,36.0073787],[137.9273281,36.0075821]]]]}},{"type":"Feature","properties":{"fid":1534,"地目":"田"},"geometry":{"type":"MultiPolygon","coordinates":[[[[137.9268491,36.0071446],[137.9268012,36.007208],[137.9267679,36.0072664],[137.9266949,36.0073766],[137.9268689,36.0075414],[137.9271503,36.0073787],[137.9271134,36.0073434],[137.9268949,36.0070762],[137.9268491,36.0071446]]]]}},{"type":"Feature","properties":{"fid":1535,"地目":"田"},"geometry":{"type":"MultiPolygon","coordinates":[[[[137.9285008,36.0073536],[137.9287036,36.0075152],[137.9289337,36.0073281],[137.92878,36.0072043],[137.9285008,36.0073536]]]]}},{"type":"Feature","properties":{"fid":1536,"地目":"田"},"geometry":{"type":"MultiPolygon","coordinates":[[[[137.9288172,36.0071844],[137.9290359,36.0073487],[137.9293823,36.0070499],[137.9292733,36.006938],[137.9288172,36.0071844]]]]}},{"type":"Feature","properties":{"fid":1537,"地目":"畑"},"geometry":{"type":"MultiPolygon","coordinates":[[[[137.9267309,36.0070497],[137.9266661,36.0070885],[137.9266155,36.0071157],[137.9266288,36.0071268],[137.9267679,36.0072664],[137.9268012,36.007208],[137.9268491,36.0071446],[137.9267309,36.0070497]]]]}},{"type":"Feature","properties":{"fid":1538,"地目":"田"},"geometry":{"type":"MultiPolygon","coordinates":[[[[137.9293823,36.0070499],[137.9290359,36.0073487],[137.9292637,36.0075198],[137.9295493,36.0072481],[137.929396,36.0070641],[137.9293823,36.0070499]]]]}},{"type":"Feature","properties":{"fid":1539,"地目":"田"},"geometry":{"type":"MultiPolygon","coordinates":[[[[137.9268689,36.0075414],[137.9268832,36.0075532],[137.9269386,36.0075853],[137.9270084,36.0076208],[137.9270906,36.007653],[137.9271625,36.0076768],[137.9273281,36.0075821],[137.9271503,36.0073787],[137.9268689,36.0075414]]]]}},{"type":"Feature","properties":{"fid":1540,"地目":"田"},"geometry":{"type":"MultiPolygon","coordinates":[[[[137.9284642,36.00771],[137.9285719,36.0077834],[137.9289951,36.0073836],[137.9289337,36.0073281],[137.9287036,36.0075152],[137.9284642,36.00771]]]]}},{"type":"Feature","properties":{"fid":1541,"地目":"田"},"geometry":{"type":"MultiPolygon","coordinates":[[[[137.9295493,36.0072481],[137.9292637,36.0075198],[137.9298132,36.0079242],[137.9299904,36.0077851],[137.9298801,36.007659],[137.9298216,36.0076186],[137.9295493,36.0072481]]]]}},{"type":"Feature","properties":{"fid":1542,"地目":"田"},"geometry":{"type":"MultiPolygon","coordinates":[[[[137.9277503,36.0073517],[137.927978,36.0076194],[137.9280867,36.0075221],[137.927876,36.0072832],[137.9277503,36.0073517]]]]}},{"type":"Feature","properties":{"fid":1543,"地目":"田"},"geometry":{"type":"MultiPolygon","coordinates":[[[[137.9284642,36.00771],[137.9287036,36.0075152],[137.9285008,36.0073536],[137.9282341,36.0074854],[137.9282339,36.0075106],[137.9282213,36.0075356],[137.9284642,36.00771]]]]}},{"type":"Feature","properties":{"fid":1544,"地目":"田"},"geometry":{"type":"MultiPolygon","coordinates":[[[[137.9291309,36.0083076],[137.9288947,36.0084996],[137.9290058,36.0085598],[137.9290115,36.0085812],[137.928917,36.0086595],[137.9289784,36.0086908],[137.929119,36.0087344],[137.9293907,36.0084972],[137.9291309,36.0083076]]]]}},{"type":"Feature","properties":{"fid":1545,"地目":"畑"},"geometry":{"type":"MultiPolygon","coordinates":[[[[137.9300662,36.0100905],[137.9301457,36.0100562],[137.9301144,36.0100229],[137.9300959,36.0100183],[137.930042,36.0100271],[137.9299957,36.0100356],[137.9300662,36.0100905]]]]}},{"type":"Feature","properties":{"fid":1546,"地目":"畑"},"geometry":{"type":"MultiPolygon","coordinates":[[[[137.929261,36.0105352],[137.9292365,36.0105049],[137.9291849,36.0104544],[137.9291332,36.0104059],[137.9289116,36.0105918],[137.9290494,36.0107011],[137.929261,36.0105352]]]]}},{"type":"Feature","properties":{"fid":1547,"地目":"畑"},"geometry":{"type":"MultiPolygon","coordinates":[[[[137.9300209,36.0105488],[137.9300803,36.0105431],[137.9301299,36.0105293],[137.930202,36.0104853],[137.9302667,36.0104394],[137.9303489,36.0103714],[137.9303615,36.0103433],[137.930234,36.0101718],[137.9301494,36.0102297],[137.9301887,36.0102781],[137.9301661,36.0103142],[137.9300443,36.010384],[137.9299453,36.0103916],[137.9300209,36.0105488]]]]}},{"type":"Feature","properties":{"fid":1548,"地目":"畑"},"geometry":{"type":"MultiPolygon","coordinates":[[[[137.9293033,36.0105012],[137.929382,36.010582],[137.9295587,36.0104441],[137.929505,36.0103413],[137.9293033,36.0105012]]]]}},{"type":"Feature","properties":{"fid":1549,"地目":"畑"},"geometry":{"type":"MultiPolygon","coordinates":[[[[137.9291431,36.0107599],[137.9292439,36.0108529],[137.9293005,36.0109014],[137.9294994,36.0107817],[137.9293471,36.010614],[137.9291431,36.0107599]]]]}},{"type":"Feature","properties":{"fid":1550,"地目":"畑"},"geometry":{"type":"MultiPolygon","coordinates":[[[[137.9298721,36.0102324],[137.930026,36.0101748],[137.9299943,36.0101123],[137.9300662,36.0100905],[137.9299957,36.0100356],[137.9299727,36.0100177],[137.9299329,36.0100497],[137.9298953,36.0101098],[137.9298824,36.0101801],[137.9298721,36.0102324]]]]}},{"type":"Feature","properties":{"fid":1551,"地目":"畑"},"geometry":{"type":"MultiPolygon","coordinates":[[[[137.929261,36.0105352],[137.9290494,36.0107011],[137.9291431,36.0107599],[137.9293471,36.010614],[137.929261,36.0105352]]]]}},{"type":"Feature","properties":{"fid":1552,"地目":"畑"},"geometry":{"type":"MultiPolygon","coordinates":[[[[137.9301454,36.0107868],[137.9302249,36.0107409],[137.9301467,36.0106017],[137.9301044,36.0106297],[137.9300772,36.0106336],[137.9300623,36.0106416],[137.9301038,36.0107121],[137.9301454,36.0107868]]]]}},{"type":"Feature","properties":{"fid":1553,"地目":"畑"},"geometry":{"type":"MultiPolygon","coordinates":[[[[137.929382,36.010582],[137.9295367,36.0107477],[137.9296785,36.0106598],[137.9295587,36.0104441],[137.929382,36.010582]]]]}},{"type":"Feature","properties":{"fid":1554,"地目":"畑"},"geometry":{"type":"MultiPolygon","coordinates":[[[[137.930427,36.0106136],[137.9304632,36.0106475],[137.9304877,36.0106818],[137.9305025,36.010702],[137.9305294,36.0107343],[137.9305366,36.0107428],[137.9305749,36.0106873],[137.9304978,36.0105754],[137.930427,36.0106136]]]]}},{"type":"Feature","properties":{"fid":1555,"地目":"畑"},"geometry":{"type":"MultiPolygon","coordinates":[[[[137.9295367,36.0107477],[137.9296964,36.0109214],[137.929796,36.0108334],[137.9297151,36.0107344],[137.9296785,36.0106598],[137.9295367,36.0107477]]]]}},{"type":"Feature","properties":{"fid":1556,"地目":"畑"},"geometry":{"type":"MultiPolygon","coordinates":[[[[137.9302425,36.0107048],[137.9303657,36.0107878],[137.9304148,36.0108363],[137.9304639,36.0108989],[137.9305513,36.0107947],[137.9305515,36.0107605],[137.9305366,36.0107428],[137.9305294,36.0107343],[137.9305025,36.010702],[137.9304877,36.0106818],[137.9304632,36.0106475],[137.930427,36.0106136],[137.9304091,36.0105969],[137.9302425,36.0107048]]]]}},{"type":"Feature","properties":{"fid":1557,"地目":"畑"},"geometry":{"type":"MultiPolygon","coordinates":[[[[137.9298094,36.0110386],[137.9299101,36.0111517],[137.9299697,36.0111238],[137.929884,36.0109947],[137.9298094,36.0110386]]]]}},{"type":"Feature","properties":{"fid":1558,"地目":"畑"},"geometry":{"type":"MultiPolygon","coordinates":[[[[137.9293005,36.0109014],[137.9293866,36.0109702],[137.929485,36.0110591],[137.929496,36.0110518],[137.9296616,36.0109413],[137.9294994,36.0107817],[137.9293005,36.0109014]]]]}},{"type":"Feature","properties":{"fid":1559,"地目":"畑"},"geometry":{"type":"MultiPolygon","coordinates":[[[[137.929496,36.0110518],[137.9294376,36.0111012],[137.9295632,36.0111923],[137.9297622,36.0110625],[137.9296616,36.0109413],[137.929496,36.0110518]]]]}},{"type":"Feature","properties":{"fid":1560,"地目":"畑"},"geometry":{"type":"MultiPolygon","coordinates":[[[[137.9296416,36.0113073],[137.9298205,36.0115575],[137.9298751,36.0115197],[137.92993,36.0114816],[137.9300495,36.0113796],[137.9299415,36.0112624],[137.929853,36.0111775],[137.9296416,36.0113073]]]]}},{"type":"Feature","properties":{"fid":1561,"地目":"畑"},"geometry":{"type":"MultiPolygon","coordinates":[[[[137.9300495,36.0113796],[137.92993,36.0114816],[137.9298751,36.0115197],[137.930055,36.0116572],[137.930212,36.0115071],[137.9300495,36.0113796]]]]}},{"type":"Feature","properties":{"fid":1562,"地目":"畑"},"geometry":{"type":"MultiPolygon","coordinates":[[[[137.9304444,36.0119645],[137.9305544,36.0118286],[137.9306501,36.0117104],[137.9305941,36.0116835],[137.9304452,36.0118636],[137.9303884,36.0119376],[137.9304444,36.0119645]]]]}},{"type":"Feature","properties":{"fid":1563,"地目":"畑"},"geometry":{"type":"MultiPolygon","coordinates":[[[[137.9305451,36.0116547],[137.9305025,36.0117078],[137.9304789,36.01174],[137.9304009,36.0118215],[137.930311,36.0119468],[137.9304207,36.0120044],[137.9304444,36.0119645],[137.9303884,36.0119376],[137.9304452,36.0118636],[137.9305941,36.0116835],[137.9305451,36.0116547]]]]}},{"type":"Feature","properties":{"fid":1564,"地目":"畑"},"geometry":{"type":"MultiPolygon","coordinates":[[[[137.9304207,36.0120044],[137.9305048,36.0120372],[137.9304646,36.0120941],[137.9305347,36.0121249],[137.9305861,36.0121365],[137.9307589,36.0119051],[137.9305544,36.0118286],[137.9304444,36.0119645],[137.9304207,36.0120044]]]]}},{"type":"Feature","properties":{"fid":1565,"地目":"畑"},"geometry":{"type":"MultiPolygon","coordinates":[[[[137.9242487,36.0035153],[137.9244253,36.0034878],[137.9243976,36.0033018],[137.9242327,36.0033231],[137.9242487,36.0035153]]]]}},{"type":"Feature","properties":{"fid":1566,"地目":"畑"},"geometry":{"type":"MultiPolygon","coordinates":[[[[137.9243765,36.0032734],[137.9246084,36.0032473],[137.9245543,36.0030774],[137.9243284,36.0031073],[137.9243765,36.0032734]]]]}}]}